#! /usr/bin/vvp
:ivl_version "12.0 (stable)" "(v12_0-dirty)";
:ivl_delay_selection "TYPICAL";
:vpi_time_precision + 0;
:vpi_module "/usr/lib/ivl/system.vpi";
:vpi_module "/usr/lib/ivl/vhdl_sys.vpi";
:vpi_module "/usr/lib/ivl/vhdl_textio.vpi";
:vpi_module "/usr/lib/ivl/v2005_math.vpi";
:vpi_module "/usr/lib/ivl/va_math.vpi";
S_0x55ab8ce7c2b0 .scope module, "biriscv_trace_sim" "biriscv_trace_sim" 2 27;
 .timescale 0 0;
    .port_info 0 /INPUT 1 "valid_i";
    .port_info 1 /INPUT 32 "pc_i";
    .port_info 2 /INPUT 32 "opcode_i";
o0x7fe792ea9018 .functor BUFZ 32, C4<zzzzzzzzzzzzzzzzzzzzzzzzzzzzzzzz>; HiZ drive
v0x55ab8ce07810_0 .net "opcode_i", 31 0, o0x7fe792ea9018;  0 drivers
o0x7fe792ea9048 .functor BUFZ 32, C4<zzzzzzzzzzzzzzzzzzzzzzzzzzzzzzzz>; HiZ drive
v0x55ab8ce04860_0 .net "pc_i", 31 0, o0x7fe792ea9048;  0 drivers
o0x7fe792ea9078 .functor BUFZ 1, C4<z>; HiZ drive
v0x55ab8ce01880_0 .net "valid_i", 0 0, o0x7fe792ea9078;  0 drivers
S_0x55ab8cc7bab0 .scope module, "tb_top" "tb_top" 3 1;
 .timescale 0 0;
v0x55ab8cf10de0_0 .var *"_ivl_12", 0 0; Local signal
v0x55ab8cf10ee0_0 .var "clk", 0 0;
v0x55ab8cf10fa0_0 .var/i "f", 31 0;
v0x55ab8cf11040_0 .var/i "i", 31 0;
v0x55ab8cf11120 .array "mem", 0 131072, 7 0;
L_0x7fe792ab8828 .functor BUFT 1, C4<1>, C4<0>, C4<0>, C4<0>;
v0x55ab8cf111e0_0 .net "mem_d_accept_w", 0 0, L_0x7fe792ab8828;  1 drivers
v0x55ab8cf11280_0 .net "mem_d_ack_w", 0 0, v0x55ab8cf0f2e0_0;  1 drivers
v0x55ab8cf11320_0 .net "mem_d_addr_w", 31 0, L_0x55ab8cf6dff0;  1 drivers
v0x55ab8cf113e0_0 .net "mem_d_cacheable_w", 0 0, L_0x55ab8cf6e1f0;  1 drivers
v0x55ab8cf11510_0 .net "mem_d_data_rd_w", 31 0, L_0x55ab8cf98b00;  1 drivers
v0x55ab8cf115d0_0 .net "mem_d_data_wr_w", 31 0, L_0x55ab8cf6e0f0;  1 drivers
L_0x7fe792ab87e0 .functor BUFT 1, C4<0>, C4<0>, C4<0>, C4<0>;
v0x55ab8cf11690_0 .net "mem_d_error_w", 0 0, L_0x7fe792ab87e0;  1 drivers
v0x55ab8cf11730_0 .net "mem_d_flush_w", 0 0, L_0x55ab8cf6e680;  1 drivers
v0x55ab8cf117d0_0 .net "mem_d_invalidate_w", 0 0, L_0x55ab8cf6e260;  1 drivers
v0x55ab8cf11870_0 .net "mem_d_rd_w", 0 0, L_0x55ab8cf6dd90;  1 drivers
v0x55ab8cf11910_0 .net "mem_d_req_tag_w", 10 0, L_0x55ab8cf6e4f0;  1 drivers
v0x55ab8cf119d0_0 .net "mem_d_resp_tag_w", 10 0, v0x55ab8cf0fd30_0;  1 drivers
v0x55ab8cf11a90_0 .net "mem_d_wr_w", 3 0, L_0x55ab8cf6de90;  1 drivers
v0x55ab8cf11b50_0 .net "mem_d_writeback_w", 0 0, L_0x55ab8cf6e360;  1 drivers
L_0x7fe792ab8750 .functor BUFT 1, C4<1>, C4<0>, C4<0>, C4<0>;
v0x55ab8cf11bf0_0 .net "mem_i_accept_w", 0 0, L_0x7fe792ab8750;  1 drivers
L_0x7fe792ab8798 .functor BUFT 1, C4<0>, C4<0>, C4<0>, C4<0>;
v0x55ab8cf11c90_0 .net "mem_i_error_w", 0 0, L_0x7fe792ab8798;  1 drivers
v0x55ab8cf11d30_0 .net "mem_i_flush_w", 0 0, L_0x55ab8cf6d8b0;  1 drivers
v0x55ab8cf11dd0_0 .net "mem_i_inst_w", 63 0, v0x55ab8cf0dcd0_0;  1 drivers
v0x55ab8cf11e90_0 .net "mem_i_invalidate_w", 0 0, L_0x55ab8cf6d9b0;  1 drivers
v0x55ab8cf11f30_0 .net "mem_i_pc_w", 31 0, L_0x55ab8cf6d7b0;  1 drivers
v0x55ab8cf11ff0_0 .net "mem_i_rd_w", 0 0, L_0x55ab8cf6d6b0;  1 drivers
v0x55ab8cf12090_0 .net "mem_i_valid_w", 0 0, v0x55ab8cf10730_0;  1 drivers
v0x55ab8cf12130_0 .var "rst", 0 0;
L_0x55ab8cf98e40 .part v0x55ab8cf0dcd0_0, 0, 32;
L_0x55ab8cf99150 .part v0x55ab8cf0dcd0_0, 32, 32;
S_0x55ab8ce34360 .scope module, "trace_inst_0" "biriscv_trace_sim_gls" 3 142, 4 521 0, S_0x55ab8cc7bab0;
 .timescale 0 0;
    .port_info 0 /INPUT 1 "valid_i";
    .port_info 1 /INPUT 32 "opcode_i";
v0x55ab8cdd4650_0 .var "dbg_inst_ra", 79 0;
v0x55ab8c7dfa30_0 .var "dbg_inst_rb", 79 0;
v0x55ab8ccb4930_0 .var "dbg_inst_rd", 79 0;
v0x55ab8c96a510_0 .var "dbg_inst_str", 79 0;
v0x55ab8c96a680_0 .net "opcode_i", 31 0, L_0x55ab8cf98e40;  1 drivers
v0x55ab8c9a2600_0 .net "ra_idx_w", 4 0, L_0x55ab8cf98c10;  1 drivers
v0x55ab8ce7cb00_0 .net "rb_idx_w", 4 0, L_0x55ab8cf98cb0;  1 drivers
v0x55ab8ce2e190_0 .net "rd_idx_w", 4 0, L_0x55ab8cf98da0;  1 drivers
v0x55ab8ce30b10_0 .net "valid_i", 0 0, v0x55ab8cf10730_0;  alias, 1 drivers
E_0x55ab8c67b200/0 .event anyedge, v0x55ab8ce30b10_0, v0x55ab8c9a2600_0, v0x55ab8ce7cb00_0, v0x55ab8ce2e190_0;
E_0x55ab8c67b200/1 .event anyedge, v0x55ab8c96a680_0;
E_0x55ab8c67b200 .event/or E_0x55ab8c67b200/0, E_0x55ab8c67b200/1;
L_0x55ab8cf98c10 .part L_0x55ab8cf98e40, 15, 5;
L_0x55ab8cf98cb0 .part L_0x55ab8cf98e40, 20, 5;
L_0x55ab8cf98da0 .part L_0x55ab8cf98e40, 7, 5;
S_0x55ab8ce346a0 .scope function.vec4.s80, "get_regname_str" "get_regname_str" 4 531, 4 531 0, S_0x55ab8ce34360;
 .timescale 0 0;
; Variable get_regname_str is vec4 return value of scope S_0x55ab8ce346a0
v0x55ab8cdd7630_0 .var "regnum", 4 0;
TD_tb_top.trace_inst_0.get_regname_str ;
    %load/vec4 v0x55ab8cdd7630_0;
    %dup/vec4;
    %pushi/vec4 0, 0, 5;
    %cmp/u;
    %jmp/1 T_0.0, 6;
    %dup/vec4;
    %pushi/vec4 1, 0, 5;
    %cmp/u;
    %jmp/1 T_0.1, 6;
    %dup/vec4;
    %pushi/vec4 2, 0, 5;
    %cmp/u;
    %jmp/1 T_0.2, 6;
    %dup/vec4;
    %pushi/vec4 3, 0, 5;
    %cmp/u;
    %jmp/1 T_0.3, 6;
    %dup/vec4;
    %pushi/vec4 4, 0, 5;
    %cmp/u;
    %jmp/1 T_0.4, 6;
    %dup/vec4;
    %pushi/vec4 5, 0, 5;
    %cmp/u;
    %jmp/1 T_0.5, 6;
    %dup/vec4;
    %pushi/vec4 6, 0, 5;
    %cmp/u;
    %jmp/1 T_0.6, 6;
    %dup/vec4;
    %pushi/vec4 7, 0, 5;
    %cmp/u;
    %jmp/1 T_0.7, 6;
    %dup/vec4;
    %pushi/vec4 8, 0, 5;
    %cmp/u;
    %jmp/1 T_0.8, 6;
    %dup/vec4;
    %pushi/vec4 9, 0, 5;
    %cmp/u;
    %jmp/1 T_0.9, 6;
    %dup/vec4;
    %pushi/vec4 10, 0, 5;
    %cmp/u;
    %jmp/1 T_0.10, 6;
    %dup/vec4;
    %pushi/vec4 11, 0, 5;
    %cmp/u;
    %jmp/1 T_0.11, 6;
    %dup/vec4;
    %pushi/vec4 12, 0, 5;
    %cmp/u;
    %jmp/1 T_0.12, 6;
    %dup/vec4;
    %pushi/vec4 13, 0, 5;
    %cmp/u;
    %jmp/1 T_0.13, 6;
    %dup/vec4;
    %pushi/vec4 14, 0, 5;
    %cmp/u;
    %jmp/1 T_0.14, 6;
    %dup/vec4;
    %pushi/vec4 15, 0, 5;
    %cmp/u;
    %jmp/1 T_0.15, 6;
    %dup/vec4;
    %pushi/vec4 16, 0, 5;
    %cmp/u;
    %jmp/1 T_0.16, 6;
    %dup/vec4;
    %pushi/vec4 17, 0, 5;
    %cmp/u;
    %jmp/1 T_0.17, 6;
    %dup/vec4;
    %pushi/vec4 18, 0, 5;
    %cmp/u;
    %jmp/1 T_0.18, 6;
    %dup/vec4;
    %pushi/vec4 19, 0, 5;
    %cmp/u;
    %jmp/1 T_0.19, 6;
    %dup/vec4;
    %pushi/vec4 20, 0, 5;
    %cmp/u;
    %jmp/1 T_0.20, 6;
    %dup/vec4;
    %pushi/vec4 21, 0, 5;
    %cmp/u;
    %jmp/1 T_0.21, 6;
    %dup/vec4;
    %pushi/vec4 22, 0, 5;
    %cmp/u;
    %jmp/1 T_0.22, 6;
    %dup/vec4;
    %pushi/vec4 23, 0, 5;
    %cmp/u;
    %jmp/1 T_0.23, 6;
    %dup/vec4;
    %pushi/vec4 24, 0, 5;
    %cmp/u;
    %jmp/1 T_0.24, 6;
    %dup/vec4;
    %pushi/vec4 25, 0, 5;
    %cmp/u;
    %jmp/1 T_0.25, 6;
    %dup/vec4;
    %pushi/vec4 26, 0, 5;
    %cmp/u;
    %jmp/1 T_0.26, 6;
    %dup/vec4;
    %pushi/vec4 27, 0, 5;
    %cmp/u;
    %jmp/1 T_0.27, 6;
    %dup/vec4;
    %pushi/vec4 28, 0, 5;
    %cmp/u;
    %jmp/1 T_0.28, 6;
    %dup/vec4;
    %pushi/vec4 29, 0, 5;
    %cmp/u;
    %jmp/1 T_0.29, 6;
    %dup/vec4;
    %pushi/vec4 30, 0, 5;
    %cmp/u;
    %jmp/1 T_0.30, 6;
    %dup/vec4;
    %pushi/vec4 31, 0, 5;
    %cmp/u;
    %jmp/1 T_0.31, 6;
    %jmp T_0.32;
T_0.0 ;
    %pushi/vec4 0, 0, 32; draw_string_vec4
    %pushi/vec4 31333, 0, 32; draw_string_vec4
    %concat/vec4; draw_string_vec4
    %pushi/vec4 29295, 0, 16; draw_string_vec4
    %concat/vec4; draw_string_vec4
    %ret/vec4 0, 0, 80;  Assign to get_regname_str (store_vec4_to_lval)
    %jmp T_0.32;
T_0.1 ;
    %pushi/vec4 0, 0, 32; draw_string_vec4
    %pushi/vec4 0, 0, 32; draw_string_vec4
    %concat/vec4; draw_string_vec4
    %pushi/vec4 29281, 0, 16; draw_string_vec4
    %concat/vec4; draw_string_vec4
    %ret/vec4 0, 0, 80;  Assign to get_regname_str (store_vec4_to_lval)
    %jmp T_0.32;
T_0.2 ;
    %pushi/vec4 0, 0, 32; draw_string_vec4
    %pushi/vec4 0, 0, 32; draw_string_vec4
    %concat/vec4; draw_string_vec4
    %pushi/vec4 29552, 0, 16; draw_string_vec4
    %concat/vec4; draw_string_vec4
    %ret/vec4 0, 0, 80;  Assign to get_regname_str (store_vec4_to_lval)
    %jmp T_0.32;
T_0.3 ;
    %pushi/vec4 0, 0, 32; draw_string_vec4
    %pushi/vec4 0, 0, 32; draw_string_vec4
    %concat/vec4; draw_string_vec4
    %pushi/vec4 26480, 0, 16; draw_string_vec4
    %concat/vec4; draw_string_vec4
    %ret/vec4 0, 0, 80;  Assign to get_regname_str (store_vec4_to_lval)
    %jmp T_0.32;
T_0.4 ;
    %pushi/vec4 0, 0, 32; draw_string_vec4
    %pushi/vec4 0, 0, 32; draw_string_vec4
    %concat/vec4; draw_string_vec4
    %pushi/vec4 29808, 0, 16; draw_string_vec4
    %concat/vec4; draw_string_vec4
    %ret/vec4 0, 0, 80;  Assign to get_regname_str (store_vec4_to_lval)
    %jmp T_0.32;
T_0.5 ;
    %pushi/vec4 0, 0, 32; draw_string_vec4
    %pushi/vec4 0, 0, 32; draw_string_vec4
    %concat/vec4; draw_string_vec4
    %pushi/vec4 29744, 0, 16; draw_string_vec4
    %concat/vec4; draw_string_vec4
    %ret/vec4 0, 0, 80;  Assign to get_regname_str (store_vec4_to_lval)
    %jmp T_0.32;
T_0.6 ;
    %pushi/vec4 0, 0, 32; draw_string_vec4
    %pushi/vec4 0, 0, 32; draw_string_vec4
    %concat/vec4; draw_string_vec4
    %pushi/vec4 29745, 0, 16; draw_string_vec4
    %concat/vec4; draw_string_vec4
    %ret/vec4 0, 0, 80;  Assign to get_regname_str (store_vec4_to_lval)
    %jmp T_0.32;
T_0.7 ;
    %pushi/vec4 0, 0, 32; draw_string_vec4
    %pushi/vec4 0, 0, 32; draw_string_vec4
    %concat/vec4; draw_string_vec4
    %pushi/vec4 29746, 0, 16; draw_string_vec4
    %concat/vec4; draw_string_vec4
    %ret/vec4 0, 0, 80;  Assign to get_regname_str (store_vec4_to_lval)
    %jmp T_0.32;
T_0.8 ;
    %pushi/vec4 0, 0, 32; draw_string_vec4
    %pushi/vec4 0, 0, 32; draw_string_vec4
    %concat/vec4; draw_string_vec4
    %pushi/vec4 29488, 0, 16; draw_string_vec4
    %concat/vec4; draw_string_vec4
    %ret/vec4 0, 0, 80;  Assign to get_regname_str (store_vec4_to_lval)
    %jmp T_0.32;
T_0.9 ;
    %pushi/vec4 0, 0, 32; draw_string_vec4
    %pushi/vec4 0, 0, 32; draw_string_vec4
    %concat/vec4; draw_string_vec4
    %pushi/vec4 29489, 0, 16; draw_string_vec4
    %concat/vec4; draw_string_vec4
    %ret/vec4 0, 0, 80;  Assign to get_regname_str (store_vec4_to_lval)
    %jmp T_0.32;
T_0.10 ;
    %pushi/vec4 0, 0, 32; draw_string_vec4
    %pushi/vec4 0, 0, 32; draw_string_vec4
    %concat/vec4; draw_string_vec4
    %pushi/vec4 24880, 0, 16; draw_string_vec4
    %concat/vec4; draw_string_vec4
    %ret/vec4 0, 0, 80;  Assign to get_regname_str (store_vec4_to_lval)
    %jmp T_0.32;
T_0.11 ;
    %pushi/vec4 0, 0, 32; draw_string_vec4
    %pushi/vec4 0, 0, 32; draw_string_vec4
    %concat/vec4; draw_string_vec4
    %pushi/vec4 24881, 0, 16; draw_string_vec4
    %concat/vec4; draw_string_vec4
    %ret/vec4 0, 0, 80;  Assign to get_regname_str (store_vec4_to_lval)
    %jmp T_0.32;
T_0.12 ;
    %pushi/vec4 0, 0, 32; draw_string_vec4
    %pushi/vec4 0, 0, 32; draw_string_vec4
    %concat/vec4; draw_string_vec4
    %pushi/vec4 24882, 0, 16; draw_string_vec4
    %concat/vec4; draw_string_vec4
    %ret/vec4 0, 0, 80;  Assign to get_regname_str (store_vec4_to_lval)
    %jmp T_0.32;
T_0.13 ;
    %pushi/vec4 0, 0, 32; draw_string_vec4
    %pushi/vec4 0, 0, 32; draw_string_vec4
    %concat/vec4; draw_string_vec4
    %pushi/vec4 24883, 0, 16; draw_string_vec4
    %concat/vec4; draw_string_vec4
    %ret/vec4 0, 0, 80;  Assign to get_regname_str (store_vec4_to_lval)
    %jmp T_0.32;
T_0.14 ;
    %pushi/vec4 0, 0, 32; draw_string_vec4
    %pushi/vec4 0, 0, 32; draw_string_vec4
    %concat/vec4; draw_string_vec4
    %pushi/vec4 24884, 0, 16; draw_string_vec4
    %concat/vec4; draw_string_vec4
    %ret/vec4 0, 0, 80;  Assign to get_regname_str (store_vec4_to_lval)
    %jmp T_0.32;
T_0.15 ;
    %pushi/vec4 0, 0, 32; draw_string_vec4
    %pushi/vec4 0, 0, 32; draw_string_vec4
    %concat/vec4; draw_string_vec4
    %pushi/vec4 24885, 0, 16; draw_string_vec4
    %concat/vec4; draw_string_vec4
    %ret/vec4 0, 0, 80;  Assign to get_regname_str (store_vec4_to_lval)
    %jmp T_0.32;
T_0.16 ;
    %pushi/vec4 0, 0, 32; draw_string_vec4
    %pushi/vec4 0, 0, 32; draw_string_vec4
    %concat/vec4; draw_string_vec4
    %pushi/vec4 24886, 0, 16; draw_string_vec4
    %concat/vec4; draw_string_vec4
    %ret/vec4 0, 0, 80;  Assign to get_regname_str (store_vec4_to_lval)
    %jmp T_0.32;
T_0.17 ;
    %pushi/vec4 0, 0, 32; draw_string_vec4
    %pushi/vec4 0, 0, 32; draw_string_vec4
    %concat/vec4; draw_string_vec4
    %pushi/vec4 24887, 0, 16; draw_string_vec4
    %concat/vec4; draw_string_vec4
    %ret/vec4 0, 0, 80;  Assign to get_regname_str (store_vec4_to_lval)
    %jmp T_0.32;
T_0.18 ;
    %pushi/vec4 0, 0, 32; draw_string_vec4
    %pushi/vec4 0, 0, 32; draw_string_vec4
    %concat/vec4; draw_string_vec4
    %pushi/vec4 29490, 0, 16; draw_string_vec4
    %concat/vec4; draw_string_vec4
    %ret/vec4 0, 0, 80;  Assign to get_regname_str (store_vec4_to_lval)
    %jmp T_0.32;
T_0.19 ;
    %pushi/vec4 0, 0, 32; draw_string_vec4
    %pushi/vec4 0, 0, 32; draw_string_vec4
    %concat/vec4; draw_string_vec4
    %pushi/vec4 29491, 0, 16; draw_string_vec4
    %concat/vec4; draw_string_vec4
    %ret/vec4 0, 0, 80;  Assign to get_regname_str (store_vec4_to_lval)
    %jmp T_0.32;
T_0.20 ;
    %pushi/vec4 0, 0, 32; draw_string_vec4
    %pushi/vec4 0, 0, 32; draw_string_vec4
    %concat/vec4; draw_string_vec4
    %pushi/vec4 29492, 0, 16; draw_string_vec4
    %concat/vec4; draw_string_vec4
    %ret/vec4 0, 0, 80;  Assign to get_regname_str (store_vec4_to_lval)
    %jmp T_0.32;
T_0.21 ;
    %pushi/vec4 0, 0, 32; draw_string_vec4
    %pushi/vec4 0, 0, 32; draw_string_vec4
    %concat/vec4; draw_string_vec4
    %pushi/vec4 29493, 0, 16; draw_string_vec4
    %concat/vec4; draw_string_vec4
    %ret/vec4 0, 0, 80;  Assign to get_regname_str (store_vec4_to_lval)
    %jmp T_0.32;
T_0.22 ;
    %pushi/vec4 0, 0, 32; draw_string_vec4
    %pushi/vec4 0, 0, 32; draw_string_vec4
    %concat/vec4; draw_string_vec4
    %pushi/vec4 29494, 0, 16; draw_string_vec4
    %concat/vec4; draw_string_vec4
    %ret/vec4 0, 0, 80;  Assign to get_regname_str (store_vec4_to_lval)
    %jmp T_0.32;
T_0.23 ;
    %pushi/vec4 0, 0, 32; draw_string_vec4
    %pushi/vec4 0, 0, 32; draw_string_vec4
    %concat/vec4; draw_string_vec4
    %pushi/vec4 29495, 0, 16; draw_string_vec4
    %concat/vec4; draw_string_vec4
    %ret/vec4 0, 0, 80;  Assign to get_regname_str (store_vec4_to_lval)
    %jmp T_0.32;
T_0.24 ;
    %pushi/vec4 0, 0, 32; draw_string_vec4
    %pushi/vec4 0, 0, 32; draw_string_vec4
    %concat/vec4; draw_string_vec4
    %pushi/vec4 29496, 0, 16; draw_string_vec4
    %concat/vec4; draw_string_vec4
    %ret/vec4 0, 0, 80;  Assign to get_regname_str (store_vec4_to_lval)
    %jmp T_0.32;
T_0.25 ;
    %pushi/vec4 0, 0, 32; draw_string_vec4
    %pushi/vec4 0, 0, 32; draw_string_vec4
    %concat/vec4; draw_string_vec4
    %pushi/vec4 29497, 0, 16; draw_string_vec4
    %concat/vec4; draw_string_vec4
    %ret/vec4 0, 0, 80;  Assign to get_regname_str (store_vec4_to_lval)
    %jmp T_0.32;
T_0.26 ;
    %pushi/vec4 0, 0, 32; draw_string_vec4
    %pushi/vec4 115, 0, 32; draw_string_vec4
    %concat/vec4; draw_string_vec4
    %pushi/vec4 12592, 0, 16; draw_string_vec4
    %concat/vec4; draw_string_vec4
    %ret/vec4 0, 0, 80;  Assign to get_regname_str (store_vec4_to_lval)
    %jmp T_0.32;
T_0.27 ;
    %pushi/vec4 0, 0, 32; draw_string_vec4
    %pushi/vec4 115, 0, 32; draw_string_vec4
    %concat/vec4; draw_string_vec4
    %pushi/vec4 12593, 0, 16; draw_string_vec4
    %concat/vec4; draw_string_vec4
    %ret/vec4 0, 0, 80;  Assign to get_regname_str (store_vec4_to_lval)
    %jmp T_0.32;
T_0.28 ;
    %pushi/vec4 0, 0, 32; draw_string_vec4
    %pushi/vec4 0, 0, 32; draw_string_vec4
    %concat/vec4; draw_string_vec4
    %pushi/vec4 29747, 0, 16; draw_string_vec4
    %concat/vec4; draw_string_vec4
    %ret/vec4 0, 0, 80;  Assign to get_regname_str (store_vec4_to_lval)
    %jmp T_0.32;
T_0.29 ;
    %pushi/vec4 0, 0, 32; draw_string_vec4
    %pushi/vec4 0, 0, 32; draw_string_vec4
    %concat/vec4; draw_string_vec4
    %pushi/vec4 29748, 0, 16; draw_string_vec4
    %concat/vec4; draw_string_vec4
    %ret/vec4 0, 0, 80;  Assign to get_regname_str (store_vec4_to_lval)
    %jmp T_0.32;
T_0.30 ;
    %pushi/vec4 0, 0, 32; draw_string_vec4
    %pushi/vec4 0, 0, 32; draw_string_vec4
    %concat/vec4; draw_string_vec4
    %pushi/vec4 29749, 0, 16; draw_string_vec4
    %concat/vec4; draw_string_vec4
    %ret/vec4 0, 0, 80;  Assign to get_regname_str (store_vec4_to_lval)
    %jmp T_0.32;
T_0.31 ;
    %pushi/vec4 0, 0, 32; draw_string_vec4
    %pushi/vec4 0, 0, 32; draw_string_vec4
    %concat/vec4; draw_string_vec4
    %pushi/vec4 29750, 0, 16; draw_string_vec4
    %concat/vec4; draw_string_vec4
    %ret/vec4 0, 0, 80;  Assign to get_regname_str (store_vec4_to_lval)
    %jmp T_0.32;
T_0.32 ;
    %pop/vec4 1;
    %end;
S_0x55ab8cc7e330 .scope module, "trace_inst_1" "biriscv_trace_sim_gls" 3 149, 4 521 0, S_0x55ab8cc7bab0;
 .timescale 0 0;
    .port_info 0 /INPUT 1 "valid_i";
    .port_info 1 /INPUT 32 "opcode_i";
v0x55ab8c968e10_0 .var "dbg_inst_ra", 79 0;
v0x55ab8c9690f0_0 .var "dbg_inst_rb", 79 0;
v0x55ab8c9693d0_0 .var "dbg_inst_rd", 79 0;
v0x55ab8c969260_0 .var "dbg_inst_str", 79 0;
v0x55ab8c96a3a0_0 .net "opcode_i", 31 0, L_0x55ab8cf99150;  1 drivers
v0x55ab8c96a7f0_0 .net "ra_idx_w", 4 0, L_0x55ab8cf98f70;  1 drivers
v0x55ab8c96a230_0 .net "rb_idx_w", 4 0, L_0x55ab8cf99010;  1 drivers
v0x55ab8c969540_0 .net "rd_idx_w", 4 0, L_0x55ab8cf990b0;  1 drivers
v0x55ab8c9c8160_0 .net "valid_i", 0 0, v0x55ab8cf10730_0;  alias, 1 drivers
E_0x55ab8c67a680/0 .event anyedge, v0x55ab8ce30b10_0, v0x55ab8c96a7f0_0, v0x55ab8c96a230_0, v0x55ab8c969540_0;
E_0x55ab8c67a680/1 .event anyedge, v0x55ab8c96a3a0_0;
E_0x55ab8c67a680 .event/or E_0x55ab8c67a680/0, E_0x55ab8c67a680/1;
L_0x55ab8cf98f70 .part L_0x55ab8cf99150, 15, 5;
L_0x55ab8cf99010 .part L_0x55ab8cf99150, 20, 5;
L_0x55ab8cf990b0 .part L_0x55ab8cf99150, 7, 5;
S_0x55ab8cc7fd00 .scope function.vec4.s80, "get_regname_str" "get_regname_str" 4 531, 4 531 0, S_0x55ab8cc7e330;
 .timescale 0 0;
; Variable get_regname_str is vec4 return value of scope S_0x55ab8cc7fd00
v0x55ab8c969ab0_0 .var "regnum", 4 0;
TD_tb_top.trace_inst_1.get_regname_str ;
    %load/vec4 v0x55ab8c969ab0_0;
    %dup/vec4;
    %pushi/vec4 0, 0, 5;
    %cmp/u;
    %jmp/1 T_1.33, 6;
    %dup/vec4;
    %pushi/vec4 1, 0, 5;
    %cmp/u;
    %jmp/1 T_1.34, 6;
    %dup/vec4;
    %pushi/vec4 2, 0, 5;
    %cmp/u;
    %jmp/1 T_1.35, 6;
    %dup/vec4;
    %pushi/vec4 3, 0, 5;
    %cmp/u;
    %jmp/1 T_1.36, 6;
    %dup/vec4;
    %pushi/vec4 4, 0, 5;
    %cmp/u;
    %jmp/1 T_1.37, 6;
    %dup/vec4;
    %pushi/vec4 5, 0, 5;
    %cmp/u;
    %jmp/1 T_1.38, 6;
    %dup/vec4;
    %pushi/vec4 6, 0, 5;
    %cmp/u;
    %jmp/1 T_1.39, 6;
    %dup/vec4;
    %pushi/vec4 7, 0, 5;
    %cmp/u;
    %jmp/1 T_1.40, 6;
    %dup/vec4;
    %pushi/vec4 8, 0, 5;
    %cmp/u;
    %jmp/1 T_1.41, 6;
    %dup/vec4;
    %pushi/vec4 9, 0, 5;
    %cmp/u;
    %jmp/1 T_1.42, 6;
    %dup/vec4;
    %pushi/vec4 10, 0, 5;
    %cmp/u;
    %jmp/1 T_1.43, 6;
    %dup/vec4;
    %pushi/vec4 11, 0, 5;
    %cmp/u;
    %jmp/1 T_1.44, 6;
    %dup/vec4;
    %pushi/vec4 12, 0, 5;
    %cmp/u;
    %jmp/1 T_1.45, 6;
    %dup/vec4;
    %pushi/vec4 13, 0, 5;
    %cmp/u;
    %jmp/1 T_1.46, 6;
    %dup/vec4;
    %pushi/vec4 14, 0, 5;
    %cmp/u;
    %jmp/1 T_1.47, 6;
    %dup/vec4;
    %pushi/vec4 15, 0, 5;
    %cmp/u;
    %jmp/1 T_1.48, 6;
    %dup/vec4;
    %pushi/vec4 16, 0, 5;
    %cmp/u;
    %jmp/1 T_1.49, 6;
    %dup/vec4;
    %pushi/vec4 17, 0, 5;
    %cmp/u;
    %jmp/1 T_1.50, 6;
    %dup/vec4;
    %pushi/vec4 18, 0, 5;
    %cmp/u;
    %jmp/1 T_1.51, 6;
    %dup/vec4;
    %pushi/vec4 19, 0, 5;
    %cmp/u;
    %jmp/1 T_1.52, 6;
    %dup/vec4;
    %pushi/vec4 20, 0, 5;
    %cmp/u;
    %jmp/1 T_1.53, 6;
    %dup/vec4;
    %pushi/vec4 21, 0, 5;
    %cmp/u;
    %jmp/1 T_1.54, 6;
    %dup/vec4;
    %pushi/vec4 22, 0, 5;
    %cmp/u;
    %jmp/1 T_1.55, 6;
    %dup/vec4;
    %pushi/vec4 23, 0, 5;
    %cmp/u;
    %jmp/1 T_1.56, 6;
    %dup/vec4;
    %pushi/vec4 24, 0, 5;
    %cmp/u;
    %jmp/1 T_1.57, 6;
    %dup/vec4;
    %pushi/vec4 25, 0, 5;
    %cmp/u;
    %jmp/1 T_1.58, 6;
    %dup/vec4;
    %pushi/vec4 26, 0, 5;
    %cmp/u;
    %jmp/1 T_1.59, 6;
    %dup/vec4;
    %pushi/vec4 27, 0, 5;
    %cmp/u;
    %jmp/1 T_1.60, 6;
    %dup/vec4;
    %pushi/vec4 28, 0, 5;
    %cmp/u;
    %jmp/1 T_1.61, 6;
    %dup/vec4;
    %pushi/vec4 29, 0, 5;
    %cmp/u;
    %jmp/1 T_1.62, 6;
    %dup/vec4;
    %pushi/vec4 30, 0, 5;
    %cmp/u;
    %jmp/1 T_1.63, 6;
    %dup/vec4;
    %pushi/vec4 31, 0, 5;
    %cmp/u;
    %jmp/1 T_1.64, 6;
    %jmp T_1.65;
T_1.33 ;
    %pushi/vec4 0, 0, 32; draw_string_vec4
    %pushi/vec4 31333, 0, 32; draw_string_vec4
    %concat/vec4; draw_string_vec4
    %pushi/vec4 29295, 0, 16; draw_string_vec4
    %concat/vec4; draw_string_vec4
    %ret/vec4 0, 0, 80;  Assign to get_regname_str (store_vec4_to_lval)
    %jmp T_1.65;
T_1.34 ;
    %pushi/vec4 0, 0, 32; draw_string_vec4
    %pushi/vec4 0, 0, 32; draw_string_vec4
    %concat/vec4; draw_string_vec4
    %pushi/vec4 29281, 0, 16; draw_string_vec4
    %concat/vec4; draw_string_vec4
    %ret/vec4 0, 0, 80;  Assign to get_regname_str (store_vec4_to_lval)
    %jmp T_1.65;
T_1.35 ;
    %pushi/vec4 0, 0, 32; draw_string_vec4
    %pushi/vec4 0, 0, 32; draw_string_vec4
    %concat/vec4; draw_string_vec4
    %pushi/vec4 29552, 0, 16; draw_string_vec4
    %concat/vec4; draw_string_vec4
    %ret/vec4 0, 0, 80;  Assign to get_regname_str (store_vec4_to_lval)
    %jmp T_1.65;
T_1.36 ;
    %pushi/vec4 0, 0, 32; draw_string_vec4
    %pushi/vec4 0, 0, 32; draw_string_vec4
    %concat/vec4; draw_string_vec4
    %pushi/vec4 26480, 0, 16; draw_string_vec4
    %concat/vec4; draw_string_vec4
    %ret/vec4 0, 0, 80;  Assign to get_regname_str (store_vec4_to_lval)
    %jmp T_1.65;
T_1.37 ;
    %pushi/vec4 0, 0, 32; draw_string_vec4
    %pushi/vec4 0, 0, 32; draw_string_vec4
    %concat/vec4; draw_string_vec4
    %pushi/vec4 29808, 0, 16; draw_string_vec4
    %concat/vec4; draw_string_vec4
    %ret/vec4 0, 0, 80;  Assign to get_regname_str (store_vec4_to_lval)
    %jmp T_1.65;
T_1.38 ;
    %pushi/vec4 0, 0, 32; draw_string_vec4
    %pushi/vec4 0, 0, 32; draw_string_vec4
    %concat/vec4; draw_string_vec4
    %pushi/vec4 29744, 0, 16; draw_string_vec4
    %concat/vec4; draw_string_vec4
    %ret/vec4 0, 0, 80;  Assign to get_regname_str (store_vec4_to_lval)
    %jmp T_1.65;
T_1.39 ;
    %pushi/vec4 0, 0, 32; draw_string_vec4
    %pushi/vec4 0, 0, 32; draw_string_vec4
    %concat/vec4; draw_string_vec4
    %pushi/vec4 29745, 0, 16; draw_string_vec4
    %concat/vec4; draw_string_vec4
    %ret/vec4 0, 0, 80;  Assign to get_regname_str (store_vec4_to_lval)
    %jmp T_1.65;
T_1.40 ;
    %pushi/vec4 0, 0, 32; draw_string_vec4
    %pushi/vec4 0, 0, 32; draw_string_vec4
    %concat/vec4; draw_string_vec4
    %pushi/vec4 29746, 0, 16; draw_string_vec4
    %concat/vec4; draw_string_vec4
    %ret/vec4 0, 0, 80;  Assign to get_regname_str (store_vec4_to_lval)
    %jmp T_1.65;
T_1.41 ;
    %pushi/vec4 0, 0, 32; draw_string_vec4
    %pushi/vec4 0, 0, 32; draw_string_vec4
    %concat/vec4; draw_string_vec4
    %pushi/vec4 29488, 0, 16; draw_string_vec4
    %concat/vec4; draw_string_vec4
    %ret/vec4 0, 0, 80;  Assign to get_regname_str (store_vec4_to_lval)
    %jmp T_1.65;
T_1.42 ;
    %pushi/vec4 0, 0, 32; draw_string_vec4
    %pushi/vec4 0, 0, 32; draw_string_vec4
    %concat/vec4; draw_string_vec4
    %pushi/vec4 29489, 0, 16; draw_string_vec4
    %concat/vec4; draw_string_vec4
    %ret/vec4 0, 0, 80;  Assign to get_regname_str (store_vec4_to_lval)
    %jmp T_1.65;
T_1.43 ;
    %pushi/vec4 0, 0, 32; draw_string_vec4
    %pushi/vec4 0, 0, 32; draw_string_vec4
    %concat/vec4; draw_string_vec4
    %pushi/vec4 24880, 0, 16; draw_string_vec4
    %concat/vec4; draw_string_vec4
    %ret/vec4 0, 0, 80;  Assign to get_regname_str (store_vec4_to_lval)
    %jmp T_1.65;
T_1.44 ;
    %pushi/vec4 0, 0, 32; draw_string_vec4
    %pushi/vec4 0, 0, 32; draw_string_vec4
    %concat/vec4; draw_string_vec4
    %pushi/vec4 24881, 0, 16; draw_string_vec4
    %concat/vec4; draw_string_vec4
    %ret/vec4 0, 0, 80;  Assign to get_regname_str (store_vec4_to_lval)
    %jmp T_1.65;
T_1.45 ;
    %pushi/vec4 0, 0, 32; draw_string_vec4
    %pushi/vec4 0, 0, 32; draw_string_vec4
    %concat/vec4; draw_string_vec4
    %pushi/vec4 24882, 0, 16; draw_string_vec4
    %concat/vec4; draw_string_vec4
    %ret/vec4 0, 0, 80;  Assign to get_regname_str (store_vec4_to_lval)
    %jmp T_1.65;
T_1.46 ;
    %pushi/vec4 0, 0, 32; draw_string_vec4
    %pushi/vec4 0, 0, 32; draw_string_vec4
    %concat/vec4; draw_string_vec4
    %pushi/vec4 24883, 0, 16; draw_string_vec4
    %concat/vec4; draw_string_vec4
    %ret/vec4 0, 0, 80;  Assign to get_regname_str (store_vec4_to_lval)
    %jmp T_1.65;
T_1.47 ;
    %pushi/vec4 0, 0, 32; draw_string_vec4
    %pushi/vec4 0, 0, 32; draw_string_vec4
    %concat/vec4; draw_string_vec4
    %pushi/vec4 24884, 0, 16; draw_string_vec4
    %concat/vec4; draw_string_vec4
    %ret/vec4 0, 0, 80;  Assign to get_regname_str (store_vec4_to_lval)
    %jmp T_1.65;
T_1.48 ;
    %pushi/vec4 0, 0, 32; draw_string_vec4
    %pushi/vec4 0, 0, 32; draw_string_vec4
    %concat/vec4; draw_string_vec4
    %pushi/vec4 24885, 0, 16; draw_string_vec4
    %concat/vec4; draw_string_vec4
    %ret/vec4 0, 0, 80;  Assign to get_regname_str (store_vec4_to_lval)
    %jmp T_1.65;
T_1.49 ;
    %pushi/vec4 0, 0, 32; draw_string_vec4
    %pushi/vec4 0, 0, 32; draw_string_vec4
    %concat/vec4; draw_string_vec4
    %pushi/vec4 24886, 0, 16; draw_string_vec4
    %concat/vec4; draw_string_vec4
    %ret/vec4 0, 0, 80;  Assign to get_regname_str (store_vec4_to_lval)
    %jmp T_1.65;
T_1.50 ;
    %pushi/vec4 0, 0, 32; draw_string_vec4
    %pushi/vec4 0, 0, 32; draw_string_vec4
    %concat/vec4; draw_string_vec4
    %pushi/vec4 24887, 0, 16; draw_string_vec4
    %concat/vec4; draw_string_vec4
    %ret/vec4 0, 0, 80;  Assign to get_regname_str (store_vec4_to_lval)
    %jmp T_1.65;
T_1.51 ;
    %pushi/vec4 0, 0, 32; draw_string_vec4
    %pushi/vec4 0, 0, 32; draw_string_vec4
    %concat/vec4; draw_string_vec4
    %pushi/vec4 29490, 0, 16; draw_string_vec4
    %concat/vec4; draw_string_vec4
    %ret/vec4 0, 0, 80;  Assign to get_regname_str (store_vec4_to_lval)
    %jmp T_1.65;
T_1.52 ;
    %pushi/vec4 0, 0, 32; draw_string_vec4
    %pushi/vec4 0, 0, 32; draw_string_vec4
    %concat/vec4; draw_string_vec4
    %pushi/vec4 29491, 0, 16; draw_string_vec4
    %concat/vec4; draw_string_vec4
    %ret/vec4 0, 0, 80;  Assign to get_regname_str (store_vec4_to_lval)
    %jmp T_1.65;
T_1.53 ;
    %pushi/vec4 0, 0, 32; draw_string_vec4
    %pushi/vec4 0, 0, 32; draw_string_vec4
    %concat/vec4; draw_string_vec4
    %pushi/vec4 29492, 0, 16; draw_string_vec4
    %concat/vec4; draw_string_vec4
    %ret/vec4 0, 0, 80;  Assign to get_regname_str (store_vec4_to_lval)
    %jmp T_1.65;
T_1.54 ;
    %pushi/vec4 0, 0, 32; draw_string_vec4
    %pushi/vec4 0, 0, 32; draw_string_vec4
    %concat/vec4; draw_string_vec4
    %pushi/vec4 29493, 0, 16; draw_string_vec4
    %concat/vec4; draw_string_vec4
    %ret/vec4 0, 0, 80;  Assign to get_regname_str (store_vec4_to_lval)
    %jmp T_1.65;
T_1.55 ;
    %pushi/vec4 0, 0, 32; draw_string_vec4
    %pushi/vec4 0, 0, 32; draw_string_vec4
    %concat/vec4; draw_string_vec4
    %pushi/vec4 29494, 0, 16; draw_string_vec4
    %concat/vec4; draw_string_vec4
    %ret/vec4 0, 0, 80;  Assign to get_regname_str (store_vec4_to_lval)
    %jmp T_1.65;
T_1.56 ;
    %pushi/vec4 0, 0, 32; draw_string_vec4
    %pushi/vec4 0, 0, 32; draw_string_vec4
    %concat/vec4; draw_string_vec4
    %pushi/vec4 29495, 0, 16; draw_string_vec4
    %concat/vec4; draw_string_vec4
    %ret/vec4 0, 0, 80;  Assign to get_regname_str (store_vec4_to_lval)
    %jmp T_1.65;
T_1.57 ;
    %pushi/vec4 0, 0, 32; draw_string_vec4
    %pushi/vec4 0, 0, 32; draw_string_vec4
    %concat/vec4; draw_string_vec4
    %pushi/vec4 29496, 0, 16; draw_string_vec4
    %concat/vec4; draw_string_vec4
    %ret/vec4 0, 0, 80;  Assign to get_regname_str (store_vec4_to_lval)
    %jmp T_1.65;
T_1.58 ;
    %pushi/vec4 0, 0, 32; draw_string_vec4
    %pushi/vec4 0, 0, 32; draw_string_vec4
    %concat/vec4; draw_string_vec4
    %pushi/vec4 29497, 0, 16; draw_string_vec4
    %concat/vec4; draw_string_vec4
    %ret/vec4 0, 0, 80;  Assign to get_regname_str (store_vec4_to_lval)
    %jmp T_1.65;
T_1.59 ;
    %pushi/vec4 0, 0, 32; draw_string_vec4
    %pushi/vec4 115, 0, 32; draw_string_vec4
    %concat/vec4; draw_string_vec4
    %pushi/vec4 12592, 0, 16; draw_string_vec4
    %concat/vec4; draw_string_vec4
    %ret/vec4 0, 0, 80;  Assign to get_regname_str (store_vec4_to_lval)
    %jmp T_1.65;
T_1.60 ;
    %pushi/vec4 0, 0, 32; draw_string_vec4
    %pushi/vec4 115, 0, 32; draw_string_vec4
    %concat/vec4; draw_string_vec4
    %pushi/vec4 12593, 0, 16; draw_string_vec4
    %concat/vec4; draw_string_vec4
    %ret/vec4 0, 0, 80;  Assign to get_regname_str (store_vec4_to_lval)
    %jmp T_1.65;
T_1.61 ;
    %pushi/vec4 0, 0, 32; draw_string_vec4
    %pushi/vec4 0, 0, 32; draw_string_vec4
    %concat/vec4; draw_string_vec4
    %pushi/vec4 29747, 0, 16; draw_string_vec4
    %concat/vec4; draw_string_vec4
    %ret/vec4 0, 0, 80;  Assign to get_regname_str (store_vec4_to_lval)
    %jmp T_1.65;
T_1.62 ;
    %pushi/vec4 0, 0, 32; draw_string_vec4
    %pushi/vec4 0, 0, 32; draw_string_vec4
    %concat/vec4; draw_string_vec4
    %pushi/vec4 29748, 0, 16; draw_string_vec4
    %concat/vec4; draw_string_vec4
    %ret/vec4 0, 0, 80;  Assign to get_regname_str (store_vec4_to_lval)
    %jmp T_1.65;
T_1.63 ;
    %pushi/vec4 0, 0, 32; draw_string_vec4
    %pushi/vec4 0, 0, 32; draw_string_vec4
    %concat/vec4; draw_string_vec4
    %pushi/vec4 29749, 0, 16; draw_string_vec4
    %concat/vec4; draw_string_vec4
    %ret/vec4 0, 0, 80;  Assign to get_regname_str (store_vec4_to_lval)
    %jmp T_1.65;
T_1.64 ;
    %pushi/vec4 0, 0, 32; draw_string_vec4
    %pushi/vec4 0, 0, 32; draw_string_vec4
    %concat/vec4; draw_string_vec4
    %pushi/vec4 29750, 0, 16; draw_string_vec4
    %concat/vec4; draw_string_vec4
    %ret/vec4 0, 0, 80;  Assign to get_regname_str (store_vec4_to_lval)
    %jmp T_1.65;
T_1.65 ;
    %pop/vec4 1;
    %end;
S_0x55ab8cc7ea90 .scope module, "u_dut" "riscv_core" 3 70, 5 26 0, S_0x55ab8cc7bab0;
 .timescale 0 0;
    .port_info 0 /INPUT 1 "clk";
    .port_info 1 /INPUT 1 "rst_n";
    .port_info 2 /INPUT 32 "mem_d_data_rd_i";
    .port_info 3 /INPUT 1 "mem_d_accept_i";
    .port_info 4 /INPUT 1 "mem_d_ack_i";
    .port_info 5 /INPUT 1 "mem_d_error_i";
    .port_info 6 /INPUT 11 "mem_d_resp_tag_i";
    .port_info 7 /INPUT 1 "mem_i_accept_i";
    .port_info 8 /INPUT 1 "mem_i_valid_i";
    .port_info 9 /INPUT 1 "mem_i_error_i";
    .port_info 10 /INPUT 64 "mem_i_inst_i";
    .port_info 11 /INPUT 1 "intr_i";
    .port_info 12 /INPUT 32 "reset_vector_i";
    .port_info 13 /INPUT 32 "cpu_id_i";
    .port_info 14 /OUTPUT 32 "mem_d_addr_o";
    .port_info 15 /OUTPUT 32 "mem_d_data_wr_o";
    .port_info 16 /OUTPUT 1 "mem_d_rd_o";
    .port_info 17 /OUTPUT 4 "mem_d_wr_o";
    .port_info 18 /OUTPUT 1 "mem_d_cacheable_o";
    .port_info 19 /OUTPUT 11 "mem_d_req_tag_o";
    .port_info 20 /OUTPUT 1 "mem_d_invalidate_o";
    .port_info 21 /OUTPUT 1 "mem_d_writeback_o";
    .port_info 22 /OUTPUT 1 "mem_d_flush_o";
    .port_info 23 /OUTPUT 1 "mem_i_rd_o";
    .port_info 24 /OUTPUT 1 "mem_i_flush_o";
    .port_info 25 /OUTPUT 1 "mem_i_invalidate_o";
    .port_info 26 /OUTPUT 32 "mem_i_pc_o";
P_0x55ab8ce7f8c0 .param/l "BHT_ENABLE" 0 5 48, +C4<00000000000000000000000000000001>;
P_0x55ab8ce7f900 .param/l "EXTRA_DECODE_STAGE" 0 5 39, +C4<00000000000000000000000000000000>;
P_0x55ab8ce7f940 .param/l "GSHARE_ENABLE" 0 5 47, +C4<00000000000000000000000000000000>;
P_0x55ab8ce7f980 .param/l "MEM_CACHE_ADDR_MAX" 0 5 41, C4<10001111111111111111111111111111>;
P_0x55ab8ce7f9c0 .param/l "MEM_CACHE_ADDR_MIN" 0 5 40, C4<10000000000000000000000000000000>;
P_0x55ab8ce7fa00 .param/l "NUM_BHT_ENTRIES" 0 5 44, +C4<00000000000000000000001000000000>;
P_0x55ab8ce7fa40 .param/l "NUM_BHT_ENTRIES_W" 0 5 45, +C4<00000000000000000000000000001001>;
P_0x55ab8ce7fa80 .param/l "NUM_BTB_ENTRIES" 0 5 42, +C4<00000000000000000000000000100000>;
P_0x55ab8ce7fac0 .param/l "NUM_BTB_ENTRIES_W" 0 5 43, +C4<00000000000000000000000000000101>;
P_0x55ab8ce7fb00 .param/l "NUM_RAS_ENTRIES" 0 5 49, +C4<00000000000000000000000000001000>;
P_0x55ab8ce7fb40 .param/l "NUM_RAS_ENTRIES_W" 0 5 50, +C4<00000000000000000000000000000011>;
P_0x55ab8ce7fb80 .param/l "RAS_ENABLE" 0 5 46, +C4<00000000000000000000000000000001>;
P_0x55ab8ce7fbc0 .param/l "SUPPORT_BRANCH_PREDICTION" 0 5 31, +C4<00000000000000000000000000000000>;
P_0x55ab8ce7fc00 .param/l "SUPPORT_DUAL_ISSUE" 0 5 35, +C4<00000000000000000000000000000001>;
P_0x55ab8ce7fc40 .param/l "SUPPORT_LOAD_BYPASS" 0 5 36, +C4<00000000000000000000000000000001>;
P_0x55ab8ce7fc80 .param/l "SUPPORT_MMU" 0 5 34, +C4<00000000000000000000000000000000>;
P_0x55ab8ce7fcc0 .param/l "SUPPORT_MULDIV" 0 5 32, +C4<00000000000000000000000000000001>;
P_0x55ab8ce7fd00 .param/l "SUPPORT_MUL_BYPASS" 0 5 37, +C4<00000000000000000000000000000001>;
P_0x55ab8ce7fd40 .param/l "SUPPORT_REGFILE_XILINX" 0 5 38, +C4<00000000000000000000000000000000>;
P_0x55ab8ce7fd80 .param/l "SUPPORT_SUPER" 0 5 33, +C4<00000000000000000000000000000000>;
v0x55ab8cf01e00_0 .net "branch_csr_pc_w", 31 0, L_0x55ab8cf7c790;  1 drivers
v0x55ab8cf01ee0_0 .net "branch_csr_priv_w", 1 0, L_0x55ab8cf7ca20;  1 drivers
v0x55ab8cf01ff0_0 .net "branch_csr_request_w", 0 0, L_0x55ab8cf7c150;  1 drivers
v0x55ab8cf020e0_0 .net "branch_d_exec0_pc_w", 31 0, v0x55ab8cd99430_0;  1 drivers
L_0x7fe792ab8090 .functor BUFT 1, C4<00>, C4<0>, C4<0>, C4<0>;
v0x55ab8cf02180_0 .net "branch_d_exec0_priv_w", 1 0, L_0x7fe792ab8090;  1 drivers
v0x55ab8cf022e0_0 .net "branch_d_exec0_request_w", 0 0, L_0x55ab8cf94df0;  1 drivers
v0x55ab8cf02380_0 .net "branch_d_exec1_pc_w", 31 0, v0x55ab8cce12d0_0;  1 drivers
L_0x7fe792ab8480 .functor BUFT 1, C4<00>, C4<0>, C4<0>, C4<0>;
v0x55ab8cf02440_0 .net "branch_d_exec1_priv_w", 1 0, L_0x7fe792ab8480;  1 drivers
v0x55ab8cf02550_0 .net "branch_d_exec1_request_w", 0 0, L_0x55ab8cf97ed0;  1 drivers
v0x55ab8cf025f0_0 .net "branch_exec0_is_call_w", 0 0, v0x55ab8cd93e30_0;  1 drivers
v0x55ab8cf02690_0 .net "branch_exec0_is_jmp_w", 0 0, v0x55ab8cd9aab0_0;  1 drivers
v0x55ab8cf02780_0 .net "branch_exec0_is_not_taken_w", 0 0, L_0x55ab8cf946a0;  1 drivers
v0x55ab8cf02870_0 .net "branch_exec0_is_ret_w", 0 0, v0x55ab8cd99b30_0;  1 drivers
v0x55ab8cf02960_0 .net "branch_exec0_is_taken_w", 0 0, L_0x55ab8cf94630;  1 drivers
v0x55ab8cf02a50_0 .net "branch_exec0_pc_w", 31 0, v0x55ab8cd978f0_0;  1 drivers
v0x55ab8cf02b60_0 .net "branch_exec0_request_w", 0 0, L_0x55ab8cf945c0;  1 drivers
v0x55ab8cf02c50_0 .net "branch_exec0_source_w", 31 0, v0x55ab8cd97850_0;  1 drivers
v0x55ab8cf02d60_0 .net "branch_exec1_is_call_w", 0 0, v0x55ab8cde71d0_0;  1 drivers
v0x55ab8cf02e50_0 .net "branch_exec1_is_jmp_w", 0 0, v0x55ab8cd29a50_0;  1 drivers
v0x55ab8cf02f40_0 .net "branch_exec1_is_not_taken_w", 0 0, L_0x55ab8cf97780;  1 drivers
v0x55ab8cf03030_0 .net "branch_exec1_is_ret_w", 0 0, v0x55ab8cce3520_0;  1 drivers
v0x55ab8cf03120_0 .net "branch_exec1_is_taken_w", 0 0, L_0x55ab8cf97680;  1 drivers
v0x55ab8cf03210_0 .net "branch_exec1_pc_w", 31 0, v0x55ab8cdbf160_0;  1 drivers
v0x55ab8cf03320_0 .net "branch_exec1_request_w", 0 0, L_0x55ab8cf97610;  1 drivers
v0x55ab8cf03410_0 .net "branch_exec1_source_w", 31 0, v0x55ab8ccbdf00_0;  1 drivers
v0x55ab8cf03520_0 .net "branch_info_is_call_w", 0 0, L_0x55ab8cf8b940;  1 drivers
v0x55ab8cf035c0_0 .net "branch_info_is_jmp_w", 0 0, L_0x55ab8cf81e10;  1 drivers
v0x55ab8cf03660_0 .net "branch_info_is_not_taken_w", 0 0, L_0x55ab8cf8b840;  1 drivers
v0x55ab8cf03700_0 .net "branch_info_is_ret_w", 0 0, L_0x55ab8cf8bcf0;  1 drivers
v0x55ab8cf037a0_0 .net "branch_info_is_taken_w", 0 0, L_0x55ab8cf8b510;  1 drivers
v0x55ab8cf03840_0 .net "branch_info_pc_w", 31 0, L_0x55ab8cf8c3b0;  1 drivers
v0x55ab8cf03900_0 .net "branch_info_request_w", 0 0, L_0x55ab8cf8b310;  1 drivers
v0x55ab8cf039a0_0 .net "branch_info_source_w", 31 0, L_0x55ab8cf8bf40;  1 drivers
v0x55ab8cf03c70_0 .net "branch_pc_w", 31 0, L_0x55ab8cf810c0;  1 drivers
v0x55ab8cf03d30_0 .net "branch_priv_w", 1 0, L_0x55ab8cf81160;  1 drivers
v0x55ab8cf03e80_0 .net "branch_request_w", 0 0, L_0x55ab8cf81050;  1 drivers
v0x55ab8cf03f20_0 .net "clk", 0 0, v0x55ab8cf10ee0_0;  1 drivers
L_0x7fe792ab8558 .functor BUFT 1, C4<00000000000000000000000000000000>, C4<0>, C4<0>, C4<0>;
v0x55ab8cf03fc0_0 .net "cpu_id_i", 31 0, L_0x7fe792ab8558;  1 drivers
v0x55ab8cf04080_0 .net "csr_opcode_invalid_w", 0 0, L_0x55ab8cf91cc0;  1 drivers
v0x55ab8cf04120_0 .net "csr_opcode_opcode_w", 31 0, L_0x55ab8cf90c20;  1 drivers
v0x55ab8cf04230_0 .net "csr_opcode_pc_w", 31 0, L_0x55ab8cf90c90;  1 drivers
v0x55ab8cf04340_0 .net "csr_opcode_ra_idx_w", 4 0, L_0x55ab8cf90e80;  1 drivers
v0x55ab8cf04450_0 .net "csr_opcode_ra_operand_w", 31 0, L_0x55ab8cf91ec0;  1 drivers
v0x55ab8cf04560_0 .net "csr_opcode_rb_idx_w", 4 0, L_0x55ab8cf91e50;  1 drivers
v0x55ab8cf04670_0 .net "csr_opcode_rb_operand_w", 31 0, L_0x55ab8cf91b40;  1 drivers
v0x55ab8cf04780_0 .net "csr_opcode_rd_idx_w", 4 0, L_0x55ab8cf90e10;  1 drivers
v0x55ab8cf04890_0 .net "csr_opcode_valid_w", 0 0, L_0x55ab8cf90aa0;  1 drivers
v0x55ab8cf04930_0 .net "csr_result_e1_exception_w", 5 0, L_0x55ab8cf7c530;  1 drivers
v0x55ab8cf04a80_0 .net "csr_result_e1_value_w", 31 0, L_0x55ab8cf7c3a0;  1 drivers
v0x55ab8cf04bd0_0 .net "csr_result_e1_wdata_w", 31 0, L_0x55ab8cf7b2f0;  1 drivers
v0x55ab8cf04d20_0 .net "csr_result_e1_write_w", 0 0, L_0x55ab8cf7b280;  1 drivers
v0x55ab8cf04e50_0 .net "csr_writeback_exception_addr_w", 31 0, L_0x55ab8cf8b060;  1 drivers
v0x55ab8cf04f10_0 .net "csr_writeback_exception_pc_w", 31 0, L_0x55ab8cf8ae40;  1 drivers
v0x55ab8cf04fd0_0 .net "csr_writeback_exception_w", 5 0, L_0x55ab8cf8aca0;  1 drivers
v0x55ab8cf05090_0 .net "csr_writeback_waddr_w", 11 0, L_0x55ab8cf86590;  1 drivers
v0x55ab8cf05150_0 .net "csr_writeback_wdata_w", 31 0, L_0x55ab8cf86630;  1 drivers
v0x55ab8cf052a0_0 .net "csr_writeback_write_w", 0 0, v0x55ab8cec5390_0;  1 drivers
v0x55ab8cf05340_0 .net "div_opcode_valid_w", 0 0, L_0x55ab8cf8d840;  1 drivers
v0x55ab8cf053e0_0 .net "exec0_hold_w", 0 0, L_0x55ab8cf86870;  1 drivers
v0x55ab8cf05480_0 .net "exec0_opcode_valid_w", 0 0, L_0x55ab8cf8d5b0;  1 drivers
v0x55ab8cf05520_0 .net "exec1_hold_w", 0 0, L_0x55ab8cf8abc0;  1 drivers
v0x55ab8cf055c0_0 .net "exec1_opcode_valid_w", 0 0, L_0x55ab8cf8dcf0;  1 drivers
v0x55ab8cf05660_0 .net "fetch0_accept_w", 0 0, L_0x55ab8cf8e390;  1 drivers
v0x55ab8cf05790_0 .net "fetch0_fault_fetch_w", 0 0, L_0x55ab8cf25470;  1 drivers
v0x55ab8cf05830_0 .net "fetch0_fault_page_w", 0 0, L_0x55ab8cf25340;  1 drivers
v0x55ab8cf058d0_0 .net "fetch0_instr_branch_w", 0 0, L_0x55ab8cf44060;  1 drivers
v0x55ab8cf05a00_0 .net "fetch0_instr_csr_w", 0 0, L_0x55ab8cf47320;  1 drivers
v0x55ab8cf05b30_0 .net "fetch0_instr_div_w", 0 0, L_0x55ab8cf44d40;  1 drivers
v0x55ab8cf05c60_0 .net "fetch0_instr_exec_w", 0 0, L_0x55ab8cf3f2c0;  1 drivers
v0x55ab8cf05d90_0 .net "fetch0_instr_invalid_w", 0 0, L_0x55ab8cf33160;  1 drivers
v0x55ab8cf05ec0_0 .net "fetch0_instr_lsu_w", 0 0, L_0x55ab8cf42440;  1 drivers
v0x55ab8cf05ff0_0 .net "fetch0_instr_mul_w", 0 0, L_0x55ab8cf43f00;  1 drivers
v0x55ab8cf06120_0 .net "fetch0_instr_rd_valid_w", 0 0, L_0x55ab8cf3b8c0;  1 drivers
v0x55ab8cf06250_0 .net "fetch0_instr_w", 31 0, L_0x55ab8cf24660;  1 drivers
v0x55ab8cf06310_0 .net "fetch0_pc_w", 31 0, L_0x55ab8cf23cb0;  1 drivers
v0x55ab8cf06460_0 .net "fetch0_valid_w", 0 0, L_0x55ab8cf23050;  1 drivers
v0x55ab8cf06500_0 .net "fetch1_accept_w", 0 0, L_0x55ab8cf8e680;  1 drivers
v0x55ab8cf06630_0 .net "fetch1_fault_fetch_w", 0 0, L_0x55ab8cf256d0;  1 drivers
v0x55ab8cf066d0_0 .net "fetch1_fault_page_w", 0 0, L_0x55ab8cf255a0;  1 drivers
v0x55ab8cf06770_0 .net "fetch1_instr_branch_w", 0 0, L_0x55ab8cf65850;  1 drivers
v0x55ab8cf068a0_0 .net "fetch1_instr_csr_w", 0 0, L_0x55ab8cf6a640;  1 drivers
v0x55ab8cf069d0_0 .net "fetch1_instr_div_w", 0 0, L_0x55ab8cf67d20;  1 drivers
v0x55ab8cf06b00_0 .net "fetch1_instr_exec_w", 0 0, L_0x55ab8cf61b20;  1 drivers
v0x55ab8cf06c30_0 .net "fetch1_instr_invalid_w", 0 0, L_0x55ab8cf55080;  1 drivers
v0x55ab8cf06d60_0 .net "fetch1_instr_lsu_w", 0 0, L_0x55ab8cf63ce0;  1 drivers
v0x55ab8cf06e90_0 .net "fetch1_instr_mul_w", 0 0, L_0x55ab8cf66b80;  1 drivers
v0x55ab8cf06fc0_0 .net "fetch1_instr_rd_valid_w", 0 0, L_0x55ab8cf5e6a0;  1 drivers
v0x55ab8cf070f0_0 .net "fetch1_instr_w", 31 0, L_0x55ab8cf24900;  1 drivers
v0x55ab8cf071b0_0 .net "fetch1_pc_w", 31 0, L_0x55ab8cf24180;  1 drivers
v0x55ab8cf07300_0 .net "fetch1_valid_w", 0 0, L_0x55ab8cf23610;  1 drivers
L_0x7fe792ab4cd0 .functor BUFT 1, C4<0>, C4<0>, C4<0>, C4<0>;
v0x55ab8cf073a0_0 .net "fetch_in_fault_w", 0 0, L_0x7fe792ab4cd0;  1 drivers
v0x55ab8cf07440_0 .net "fetch_in_priv_w", 1 0, L_0x55ab8cf6bfa0;  1 drivers
v0x55ab8cf07500_0 .net "ifence_w", 0 0, v0x55ab8cdb8060_0;  1 drivers
v0x55ab8cf075a0_0 .net "interrupt_inhibit_w", 0 0, L_0x55ab8cf8d940;  1 drivers
L_0x7fe792ab84c8 .functor BUFT 1, C4<0>, C4<0>, C4<0>, C4<0>;
v0x55ab8cf07640_0 .net "intr_i", 0 0, L_0x7fe792ab84c8;  1 drivers
L_0x7fe792ab7c58 .functor BUFT 1, C4<0>, C4<0>, C4<0>, C4<0>;
v0x55ab8cf076e0_0 .net "lsu_opcode_invalid_w", 0 0, L_0x7fe792ab7c58;  1 drivers
v0x55ab8cf07780_0 .net "lsu_opcode_opcode_w", 31 0, L_0x55ab8cf908c0;  1 drivers
v0x55ab8cf07840_0 .net "lsu_opcode_pc_w", 31 0, L_0x55ab8cf90960;  1 drivers
v0x55ab8cf07900_0 .net "lsu_opcode_ra_idx_w", 4 0, L_0x55ab8cf91020;  1 drivers
v0x55ab8cf079c0_0 .net "lsu_opcode_ra_operand_w", 31 0, L_0x55ab8cf91280;  1 drivers
v0x55ab8cf07a80_0 .net "lsu_opcode_rb_idx_w", 4 0, L_0x55ab8cf91150;  1 drivers
v0x55ab8cf07b40_0 .net "lsu_opcode_rb_operand_w", 31 0, L_0x55ab8cf90a00;  1 drivers
v0x55ab8cf07c00_0 .net "lsu_opcode_rd_idx_w", 4 0, L_0x55ab8cf8da00;  1 drivers
v0x55ab8cf07cc0_0 .net "lsu_opcode_valid_w", 0 0, L_0x55ab8cf8d7d0;  1 drivers
v0x55ab8cf07d60_0 .net "lsu_stall_w", 0 0, L_0x55ab8cf757a0;  1 drivers
v0x55ab8cf07e00_0 .net "mem_d_accept_i", 0 0, L_0x7fe792ab8828;  alias, 1 drivers
v0x55ab8cf07ea0_0 .net "mem_d_ack_i", 0 0, v0x55ab8cf0f2e0_0;  alias, 1 drivers
v0x55ab8cf07f40_0 .net "mem_d_addr_o", 31 0, L_0x55ab8cf6dff0;  alias, 1 drivers
v0x55ab8cf07fe0_0 .net "mem_d_cacheable_o", 0 0, L_0x55ab8cf6e1f0;  alias, 1 drivers
v0x55ab8cf08080_0 .net "mem_d_data_rd_i", 31 0, L_0x55ab8cf98b00;  alias, 1 drivers
v0x55ab8cf08120_0 .net "mem_d_data_wr_o", 31 0, L_0x55ab8cf6e0f0;  alias, 1 drivers
v0x55ab8cf081c0_0 .net "mem_d_error_i", 0 0, L_0x7fe792ab87e0;  alias, 1 drivers
v0x55ab8cf08260_0 .net "mem_d_flush_o", 0 0, L_0x55ab8cf6e680;  alias, 1 drivers
v0x55ab8cf08300_0 .net "mem_d_invalidate_o", 0 0, L_0x55ab8cf6e260;  alias, 1 drivers
v0x55ab8cf083a0_0 .net "mem_d_rd_o", 0 0, L_0x55ab8cf6dd90;  alias, 1 drivers
v0x55ab8cf08440_0 .net "mem_d_req_tag_o", 10 0, L_0x55ab8cf6e4f0;  alias, 1 drivers
v0x55ab8cf084e0_0 .net "mem_d_resp_tag_i", 10 0, v0x55ab8cf0fd30_0;  alias, 1 drivers
v0x55ab8cf08580_0 .net "mem_d_wr_o", 3 0, L_0x55ab8cf6de90;  alias, 1 drivers
v0x55ab8cf08620_0 .net "mem_d_writeback_o", 0 0, L_0x55ab8cf6e360;  alias, 1 drivers
v0x55ab8cf086c0_0 .net "mem_i_accept_i", 0 0, L_0x7fe792ab8750;  alias, 1 drivers
v0x55ab8cf08760_0 .net "mem_i_error_i", 0 0, L_0x7fe792ab8798;  alias, 1 drivers
v0x55ab8cf08800_0 .net "mem_i_flush_o", 0 0, L_0x55ab8cf6d8b0;  alias, 1 drivers
v0x55ab8cf088a0_0 .net "mem_i_inst_i", 63 0, v0x55ab8cf0dcd0_0;  alias, 1 drivers
v0x55ab8cf08940_0 .net "mem_i_invalidate_o", 0 0, L_0x55ab8cf6d9b0;  alias, 1 drivers
v0x55ab8cf089e0_0 .net "mem_i_pc_o", 31 0, L_0x55ab8cf6d7b0;  alias, 1 drivers
v0x55ab8cf08a80_0 .net "mem_i_rd_o", 0 0, L_0x55ab8cf6d6b0;  alias, 1 drivers
v0x55ab8cf08b20_0 .net "mem_i_valid_i", 0 0, v0x55ab8cf10730_0;  alias, 1 drivers
v0x55ab8cf08bc0_0 .net "mmu_flush_w", 0 0, L_0x55ab8cf7cf30;  1 drivers
v0x55ab8cf08c60_0 .net "mmu_ifetch_accept_w", 0 0, L_0x55ab8cf6dab0;  1 drivers
v0x55ab8cf09510_0 .net "mmu_ifetch_error_w", 0 0, L_0x55ab8cf6dc20;  1 drivers
v0x55ab8cf095b0_0 .net "mmu_ifetch_flush_w", 0 0, L_0x55ab8cf6c0a0;  1 drivers
v0x55ab8cf09650_0 .net "mmu_ifetch_inst_w", 63 0, L_0x55ab8cf6dd20;  1 drivers
L_0x7fe792ab4c40 .functor BUFT 1, C4<0>, C4<0>, C4<0>, C4<0>;
v0x55ab8cf096f0_0 .net "mmu_ifetch_invalidate_w", 0 0, L_0x7fe792ab4c40;  1 drivers
v0x55ab8cf09790_0 .net "mmu_ifetch_pc_w", 31 0, L_0x55ab8cf6be20;  1 drivers
v0x55ab8cf09830_0 .net "mmu_ifetch_rd_w", 0 0, L_0x55ab8cf6bc70;  1 drivers
v0x55ab8cf098d0_0 .net "mmu_ifetch_valid_w", 0 0, L_0x55ab8cf6dbb0;  1 drivers
L_0x7fe792ab4d60 .functor BUFT 1, C4<0>, C4<0>, C4<0>, C4<0>;
v0x55ab8cf09970_0 .net "mmu_load_fault_w", 0 0, L_0x7fe792ab4d60;  1 drivers
v0x55ab8cf09a10_0 .net "mmu_lsu_accept_w", 0 0, L_0x55ab8cf6ebf0;  1 drivers
v0x55ab8cf09ab0_0 .net "mmu_lsu_ack_w", 0 0, L_0x55ab8cf6e780;  1 drivers
v0x55ab8cf09b50_0 .net "mmu_lsu_addr_w", 31 0, L_0x55ab8cf74880;  1 drivers
v0x55ab8cf09bf0_0 .net "mmu_lsu_cacheable_w", 0 0, v0x55ab8cef6fe0_0;  1 drivers
v0x55ab8cf09c90_0 .net "mmu_lsu_data_rd_w", 31 0, L_0x55ab8cf6e880;  1 drivers
v0x55ab8cf09d30_0 .net "mmu_lsu_data_wr_w", 31 0, v0x55ab8cef7340_0;  1 drivers
v0x55ab8cf09dd0_0 .net "mmu_lsu_error_w", 0 0, L_0x55ab8cf6e9b0;  1 drivers
v0x55ab8cf09e70_0 .net "mmu_lsu_flush_w", 0 0, v0x55ab8cef75a0_0;  1 drivers
v0x55ab8cf09f10_0 .net "mmu_lsu_invalidate_w", 0 0, v0x55ab8cef7720_0;  1 drivers
v0x55ab8cf09fb0_0 .net "mmu_lsu_rd_w", 0 0, L_0x55ab8cf74d20;  1 drivers
L_0x7fe792ab5fa8 .functor BUFT 1, C4<00000000000>, C4<0>, C4<0>, C4<0>;
v0x55ab8cf0a050_0 .net "mmu_lsu_req_tag_w", 10 0, L_0x7fe792ab5fa8;  1 drivers
v0x55ab8cf0a140_0 .net "mmu_lsu_resp_tag_w", 10 0, L_0x55ab8cf6e5f0;  1 drivers
v0x55ab8cf0a230_0 .net "mmu_lsu_wr_w", 3 0, L_0x55ab8cf75100;  1 drivers
v0x55ab8cf0a320_0 .net "mmu_lsu_writeback_w", 0 0, v0x55ab8cef8480_0;  1 drivers
v0x55ab8cf0a410_0 .net "mmu_mxr_w", 0 0, L_0x55ab8cf7d390;  1 drivers
v0x55ab8cf0a500_0 .net "mmu_priv_d_w", 1 0, L_0x55ab8cf7d030;  1 drivers
v0x55ab8cf0a5f0_0 .net "mmu_satp_w", 31 0, L_0x55ab8cf7cec0;  1 drivers
L_0x7fe792ab4d18 .functor BUFT 1, C4<0>, C4<0>, C4<0>, C4<0>;
v0x55ab8cf0a6e0_0 .net "mmu_store_fault_w", 0 0, L_0x7fe792ab4d18;  1 drivers
v0x55ab8cf0a7d0_0 .net "mmu_sum_w", 0 0, L_0x55ab8cf7c610;  1 drivers
v0x55ab8cf0a8c0_0 .net "mul_hold_w", 0 0, L_0x55ab8cf868e0;  1 drivers
L_0x7fe792ab7ca0 .functor BUFT 1, C4<0>, C4<0>, C4<0>, C4<0>;
v0x55ab8cf0a9b0_0 .net "mul_opcode_invalid_w", 0 0, L_0x7fe792ab7ca0;  1 drivers
v0x55ab8cf0aaa0_0 .net "mul_opcode_opcode_w", 31 0, L_0x55ab8cf91570;  1 drivers
v0x55ab8cf0ab90_0 .net "mul_opcode_pc_w", 31 0, L_0x55ab8cf91320;  1 drivers
v0x55ab8cf0ac80_0 .net "mul_opcode_ra_idx_w", 4 0, L_0x55ab8cf91770;  1 drivers
v0x55ab8cf0ad70_0 .net "mul_opcode_ra_operand_w", 31 0, L_0x55ab8cf91610;  1 drivers
v0x55ab8cf0ae60_0 .net "mul_opcode_rb_idx_w", 4 0, L_0x55ab8cf91810;  1 drivers
v0x55ab8cf0af50_0 .net "mul_opcode_rb_operand_w", 31 0, L_0x55ab8cf916b0;  1 drivers
v0x55ab8cf0b040_0 .net "mul_opcode_rd_idx_w", 4 0, L_0x55ab8cf913c0;  1 drivers
v0x55ab8cf0b130_0 .net "mul_opcode_valid_w", 0 0, L_0x55ab8cf8c450;  1 drivers
L_0x7fe792ab7bc8 .functor BUFT 1, C4<0>, C4<0>, C4<0>, C4<0>;
v0x55ab8cf0b220_0 .net "opcode0_invalid_w", 0 0, L_0x7fe792ab7bc8;  1 drivers
v0x55ab8cf0b2c0_0 .net "opcode0_opcode_w", 31 0, L_0x55ab8cf8ff10;  1 drivers
v0x55ab8cf0b3f0_0 .net "opcode0_pc_w", 31 0, v0x55ab8cee4a60_0;  1 drivers
v0x55ab8cf0b520_0 .net "opcode0_ra_idx_w", 4 0, L_0x55ab8cf8eab0;  1 drivers
v0x55ab8cf0b5c0_0 .net "opcode0_ra_operand_w", 31 0, v0x55ab8cee1810_0;  1 drivers
v0x55ab8cf0b6f0_0 .net "opcode0_rb_idx_w", 4 0, L_0x55ab8cf8ebb0;  1 drivers
v0x55ab8cf0b790_0 .net "opcode0_rb_operand_w", 31 0, v0x55ab8cee1a50_0;  1 drivers
v0x55ab8cf0b8c0_0 .net "opcode0_rd_idx_w", 4 0, L_0x55ab8cf8e9b0;  1 drivers
L_0x7fe792ab7c10 .functor BUFT 1, C4<0>, C4<0>, C4<0>, C4<0>;
v0x55ab8cf0b960_0 .net "opcode1_invalid_w", 0 0, L_0x7fe792ab7c10;  1 drivers
v0x55ab8cf0ba00_0 .net "opcode1_opcode_w", 31 0, L_0x55ab8cf90120;  1 drivers
v0x55ab8cf0baa0_0 .net "opcode1_pc_w", 31 0, v0x55ab8cee4ec0_0;  1 drivers
v0x55ab8cf0bb40_0 .net "opcode1_ra_idx_w", 4 0, L_0x55ab8cf904a0;  1 drivers
v0x55ab8cf0bbe0_0 .net "opcode1_ra_operand_w", 31 0, v0x55ab8cee2430_0;  1 drivers
v0x55ab8cf0bc80_0 .net "opcode1_rb_idx_w", 4 0, L_0x55ab8cf90510;  1 drivers
v0x55ab8cf0bd20_0 .net "opcode1_rb_operand_w", 31 0, v0x55ab8cee2690_0;  1 drivers
v0x55ab8cf0bde0_0 .net "opcode1_rd_idx_w", 4 0, L_0x55ab8cf90850;  1 drivers
L_0x7fe792ab8510 .functor BUFT 1, C4<10000000000000000000000000000000>, C4<0>, C4<0>, C4<0>;
v0x55ab8cf0bea0_0 .net "reset_vector_i", 31 0, L_0x7fe792ab8510;  1 drivers
v0x55ab8cf0bf60_0 .net "rst_n", 0 0, v0x55ab8cf12130_0;  1 drivers
v0x55ab8cf0c000_0 .net "take_interrupt_w", 0 0, v0x55ab8cd81c20_0;  1 drivers
v0x55ab8cf0c130_0 .net "writeback_div_valid_w", 0 0, v0x55ab8ce28e60_0;  1 drivers
v0x55ab8cf0c260_0 .net "writeback_div_value_w", 31 0, L_0x55ab8cf80d00;  1 drivers
v0x55ab8cf0c390_0 .net "writeback_exec0_value_w", 31 0, L_0x55ab8cf94550;  1 drivers
v0x55ab8cf0c450_0 .net "writeback_exec1_value_w", 31 0, L_0x55ab8cf97510;  1 drivers
v0x55ab8cf0c510_0 .net "writeback_mem_exception_w", 5 0, L_0x55ab8cf780a0;  1 drivers
v0x55ab8cf0c660_0 .net "writeback_mem_valid_w", 0 0, L_0x55ab8cf76f30;  1 drivers
v0x55ab8cf0c790_0 .net "writeback_mem_value_w", 31 0, L_0x55ab8cf76ff0;  1 drivers
v0x55ab8cf0c8e0_0 .net "writeback_mul_value_w", 31 0, L_0x55ab8cf7ec50;  1 drivers
S_0x55ab8cc7be60 .scope module, "u_csr" "biriscv_csr" 5 450, 6 26 0, S_0x55ab8cc7ea90;
 .timescale 0 0;
    .port_info 0 /INPUT 1 "clk_i";
    .port_info 1 /INPUT 1 "rst_i";
    .port_info 2 /INPUT 1 "intr_i";
    .port_info 3 /INPUT 1 "opcode_valid_i";
    .port_info 4 /INPUT 32 "opcode_opcode_i";
    .port_info 5 /INPUT 32 "opcode_pc_i";
    .port_info 6 /INPUT 1 "opcode_invalid_i";
    .port_info 7 /INPUT 5 "opcode_rd_idx_i";
    .port_info 8 /INPUT 5 "opcode_ra_idx_i";
    .port_info 9 /INPUT 5 "opcode_rb_idx_i";
    .port_info 10 /INPUT 32 "opcode_ra_operand_i";
    .port_info 11 /INPUT 32 "opcode_rb_operand_i";
    .port_info 12 /INPUT 1 "csr_writeback_write_i";
    .port_info 13 /INPUT 12 "csr_writeback_waddr_i";
    .port_info 14 /INPUT 32 "csr_writeback_wdata_i";
    .port_info 15 /INPUT 6 "csr_writeback_exception_i";
    .port_info 16 /INPUT 32 "csr_writeback_exception_pc_i";
    .port_info 17 /INPUT 32 "csr_writeback_exception_addr_i";
    .port_info 18 /INPUT 32 "cpu_id_i";
    .port_info 19 /INPUT 32 "reset_vector_i";
    .port_info 20 /INPUT 1 "interrupt_inhibit_i";
    .port_info 21 /OUTPUT 32 "csr_result_e1_value_o";
    .port_info 22 /OUTPUT 1 "csr_result_e1_write_o";
    .port_info 23 /OUTPUT 32 "csr_result_e1_wdata_o";
    .port_info 24 /OUTPUT 6 "csr_result_e1_exception_o";
    .port_info 25 /OUTPUT 1 "branch_csr_request_o";
    .port_info 26 /OUTPUT 32 "branch_csr_pc_o";
    .port_info 27 /OUTPUT 2 "branch_csr_priv_o";
    .port_info 28 /OUTPUT 1 "take_interrupt_o";
    .port_info 29 /OUTPUT 1 "ifence_o";
    .port_info 30 /OUTPUT 2 "mmu_priv_d_o";
    .port_info 31 /OUTPUT 1 "mmu_sum_o";
    .port_info 32 /OUTPUT 1 "mmu_mxr_o";
    .port_info 33 /OUTPUT 1 "mmu_flush_o";
    .port_info 34 /OUTPUT 32 "mmu_satp_o";
P_0x55ab8cdc3670 .param/l "SUPPORT_MULDIV" 0 6 31, +C4<00000000000000000000000000000001>;
P_0x55ab8cdc36b0 .param/l "SUPPORT_SUPER" 0 6 32, +C4<00000000000000000000000000000000>;
L_0x7fe792ab6398 .functor BUFT 1, C4<11111111111111111111111111111111>, C4<0>, C4<0>, C4<0>;
L_0x55ab8cf77ee0 .functor AND 32, L_0x55ab8cf90c20, L_0x7fe792ab6398, C4<11111111111111111111111111111111>, C4<11111111111111111111111111111111>;
L_0x55ab8cf78450 .functor AND 1, L_0x55ab8cf90aa0, L_0x55ab8cf78310, C4<1>, C4<1>;
L_0x7fe792ab6428 .functor BUFT 1, C4<11111111111111111111111111111111>, C4<0>, C4<0>, C4<0>;
L_0x55ab8cf78550 .functor AND 32, L_0x55ab8cf90c20, L_0x7fe792ab6428, C4<11111111111111111111111111111111>, C4<11111111111111111111111111111111>;
L_0x55ab8cf78790 .functor AND 1, L_0x55ab8cf90aa0, L_0x55ab8cf78650, C4<1>, C4<1>;
L_0x7fe792ab64b8 .functor BUFT 1, C4<11001111111111111111111111111111>, C4<0>, C4<0>, C4<0>;
L_0x55ab8cf78850 .functor AND 32, L_0x55ab8cf90c20, L_0x7fe792ab64b8, C4<11111111111111111111111111111111>, C4<11111111111111111111111111111111>;
L_0x55ab8cf78a50 .functor AND 1, L_0x55ab8cf90aa0, L_0x55ab8cf78910, C4<1>, C4<1>;
L_0x7fe792ab6548 .functor BUFT 1, C4<00000000000000000111000001111111>, C4<0>, C4<0>, C4<0>;
L_0x55ab8cf78bb0 .functor AND 32, L_0x55ab8cf90c20, L_0x7fe792ab6548, C4<11111111111111111111111111111111>, C4<11111111111111111111111111111111>;
L_0x55ab8cf78db0 .functor AND 1, L_0x55ab8cf90aa0, L_0x55ab8cf78c70, C4<1>, C4<1>;
L_0x7fe792ab65d8 .functor BUFT 1, C4<00000000000000000111000001111111>, C4<0>, C4<0>, C4<0>;
L_0x55ab8cf78ec0 .functor AND 32, L_0x55ab8cf90c20, L_0x7fe792ab65d8, C4<11111111111111111111111111111111>, C4<11111111111111111111111111111111>;
L_0x55ab8cf791d0 .functor AND 1, L_0x55ab8cf90aa0, L_0x55ab8cf79090, C4<1>, C4<1>;
L_0x7fe792ab6668 .functor BUFT 1, C4<00000000000000000111000001111111>, C4<0>, C4<0>, C4<0>;
L_0x55ab8cf793a0 .functor AND 32, L_0x55ab8cf90c20, L_0x7fe792ab6668, C4<11111111111111111111111111111111>, C4<11111111111111111111111111111111>;
L_0x55ab8cf79550 .functor AND 1, L_0x55ab8cf90aa0, L_0x55ab8cf79410, C4<1>, C4<1>;
L_0x7fe792ab66f8 .functor BUFT 1, C4<00000000000000000111000001111111>, C4<0>, C4<0>, C4<0>;
L_0x55ab8cf79680 .functor AND 32, L_0x55ab8cf90c20, L_0x7fe792ab66f8, C4<11111111111111111111111111111111>, C4<11111111111111111111111111111111>;
L_0x55ab8cf798d0 .functor AND 1, L_0x55ab8cf90aa0, L_0x55ab8cf79740, C4<1>, C4<1>;
L_0x7fe792ab6788 .functor BUFT 1, C4<00000000000000000111000001111111>, C4<0>, C4<0>, C4<0>;
L_0x55ab8cf79610 .functor AND 32, L_0x55ab8cf90c20, L_0x7fe792ab6788, C4<11111111111111111111111111111111>, C4<11111111111111111111111111111111>;
L_0x55ab8cf79b20 .functor AND 1, L_0x55ab8cf90aa0, L_0x55ab8cf799e0, C4<1>, C4<1>;
L_0x7fe792ab6818 .functor BUFT 1, C4<00000000000000000111000001111111>, C4<0>, C4<0>, C4<0>;
L_0x55ab8cf79c70 .functor AND 32, L_0x55ab8cf90c20, L_0x7fe792ab6818, C4<11111111111111111111111111111111>, C4<11111111111111111111111111111111>;
L_0x55ab8cf79e70 .functor AND 1, L_0x55ab8cf90aa0, L_0x55ab8cf79d30, C4<1>, C4<1>;
L_0x7fe792ab68a8 .functor BUFT 1, C4<11111111111111111000111111111111>, C4<0>, C4<0>, C4<0>;
L_0x55ab8cf79be0 .functor AND 32, L_0x55ab8cf90c20, L_0x7fe792ab68a8, C4<11111111111111111111111111111111>, C4<11111111111111111111111111111111>;
L_0x55ab8cf7a110 .functor AND 1, L_0x55ab8cf90aa0, L_0x55ab8cf79fd0, C4<1>, C4<1>;
L_0x7fe792ab6938 .functor BUFT 1, C4<00000000000000000111000001111111>, C4<0>, C4<0>, C4<0>;
L_0x55ab8cf79ee0 .functor AND 32, L_0x55ab8cf90c20, L_0x7fe792ab6938, C4<11111111111111111111111111111111>, C4<11111111111111111111111111111111>;
L_0x55ab8cf7a480 .functor AND 1, L_0x55ab8cf90aa0, L_0x55ab8cf7a2d0, C4<1>, C4<1>;
L_0x7fe792ab69c8 .functor BUFT 1, C4<11111110000000000111111111111111>, C4<0>, C4<0>, C4<0>;
L_0x55ab8cf7a1d0 .functor AND 32, L_0x55ab8cf90c20, L_0x7fe792ab69c8, C4<11111111111111111111111111111111>, C4<11111111111111111111111111111111>;
L_0x55ab8cf7a790 .functor AND 1, L_0x55ab8cf90aa0, L_0x55ab8cf7a650, C4<1>, C4<1>;
L_0x7fe792ab6a58 .functor BUFT 1, C4<00000000000000000111000001111111>, C4<0>, C4<0>, C4<0>;
L_0x55ab8cf7a540 .functor AND 32, L_0x55ab8cf90c20, L_0x7fe792ab6a58, C4<11111111111111111111111111111111>, C4<11111111111111111111111111111111>;
L_0x55ab8cf7a410 .functor AND 1, L_0x55ab8cf90aa0, L_0x55ab8cf7a920, C4<1>, C4<1>;
L_0x55ab8cf7a850 .functor OR 1, v0x55ab8cd87010_0, v0x55ab8cd80030_0, C4<0>, C4<0>;
L_0x55ab8cf7ada0 .functor AND 1, L_0x55ab8cf90aa0, L_0x55ab8cf7a850, C4<1>, C4<1>;
L_0x55ab8cf7acc0 .functor AND 1, L_0x55ab8cf7ada0, v0x55ab8cdbb8e0_0, C4<1>, C4<1>;
L_0x55ab8cf7b170 .functor AND 1, L_0x55ab8cf7acc0, L_0x55ab8cf7afa0, C4<1>, C4<1>;
L_0x55ab8cf7c290 .functor AND 1, L_0x55ab8cf78a50, L_0x55ab8cf7c1f0, C4<1>, C4<1>;
L_0x55ab8cf7c3a0 .functor BUFZ 32, v0x55ab8cd8ddc0_0, C4<00000000000000000000000000000000>, C4<00000000000000000000000000000000>, C4<00000000000000000000000000000000>;
L_0x55ab8cf7b280 .functor BUFZ 1, v0x55ab8cd8de80_0, C4<0>, C4<0>, C4<0>;
L_0x55ab8cf7b2f0 .functor BUFZ 32, v0x55ab8cdbb840_0, C4<00000000000000000000000000000000>, C4<00000000000000000000000000000000>, C4<00000000000000000000000000000000>;
L_0x55ab8cf7c530 .functor BUFZ 6, v0x55ab8cd354c0_0, C4<000000>, C4<000000>, C4<000000>;
L_0x55ab8cf7cec0 .functor BUFZ 32, v0x55ab8c6932a0_0, C4<00000000000000000000000000000000>, C4<00000000000000000000000000000000>, C4<00000000000000000000000000000000>;
L_0x55ab8cf7cf30 .functor BUFZ 1, v0x55ab8cd32820_0, C4<0>, C4<0>, C4<0>;
v0x55ab8ce01d70_0 .net/2u *"_ivl_0", 31 0, L_0x7fe792ab6398;  1 drivers
v0x55ab8ce04740_0 .net/2u *"_ivl_10", 31 0, L_0x7fe792ab6428;  1 drivers
v0x55ab8ce04d20_0 .net/2u *"_ivl_102", 31 0, L_0x7fe792ab6938;  1 drivers
v0x55ab8ce076f0_0 .net *"_ivl_104", 31 0, L_0x55ab8cf79ee0;  1 drivers
L_0x7fe792ab6980 .functor BUFT 1, C4<00000000000000000000000000001111>, C4<0>, C4<0>, C4<0>;
v0x55ab8cdff2c0_0 .net/2u *"_ivl_106", 31 0, L_0x7fe792ab6980;  1 drivers
v0x55ab8ce12a00_0 .net *"_ivl_108", 0 0, L_0x55ab8cf7a2d0;  1 drivers
v0x55ab8cc69240_0 .net/2u *"_ivl_112", 31 0, L_0x7fe792ab69c8;  1 drivers
v0x55ab8cd313e0_0 .net *"_ivl_114", 31 0, L_0x55ab8cf7a1d0;  1 drivers
L_0x7fe792ab6a10 .functor BUFT 1, C4<00010010000000000000000001110011>, C4<0>, C4<0>, C4<0>;
v0x55ab8cd80a70_0 .net/2u *"_ivl_116", 31 0, L_0x7fe792ab6a10;  1 drivers
v0x55ab8ccb79c0_0 .net *"_ivl_118", 0 0, L_0x55ab8cf7a650;  1 drivers
v0x55ab8cc7b2e0_0 .net *"_ivl_12", 31 0, L_0x55ab8cf78550;  1 drivers
v0x55ab8cc7e6e0_0 .net/2u *"_ivl_122", 31 0, L_0x7fe792ab6a58;  1 drivers
v0x55ab8cc7ee40_0 .net *"_ivl_124", 31 0, L_0x55ab8cf7a540;  1 drivers
L_0x7fe792ab6aa0 .functor BUFT 1, C4<00000000000000000001000000001111>, C4<0>, C4<0>, C4<0>;
v0x55ab8cc7f5a0_0 .net/2u *"_ivl_126", 31 0, L_0x7fe792ab6aa0;  1 drivers
v0x55ab8cc7f950_0 .net *"_ivl_128", 0 0, L_0x55ab8cf7a920;  1 drivers
v0x55ab8ce338d0_0 .net *"_ivl_133", 0 0, L_0x55ab8cf7a850;  1 drivers
v0x55ab8ce28ac0_0 .net *"_ivl_135", 0 0, L_0x55ab8cf7ada0;  1 drivers
v0x55ab8ce59ad0_0 .net *"_ivl_137", 0 0, L_0x55ab8cf7acc0;  1 drivers
v0x55ab8ce7bd90_0 .net *"_ivl_139", 11 0, L_0x55ab8cf7af00;  1 drivers
L_0x7fe792ab6470 .functor BUFT 1, C4<00000000000100000000000001110011>, C4<0>, C4<0>, C4<0>;
v0x55ab8cce44b0_0 .net/2u *"_ivl_14", 31 0, L_0x7fe792ab6470;  1 drivers
L_0x7fe792ab6ae8 .functor BUFT 1, C4<000110000000>, C4<0>, C4<0>, C4<0>;
v0x55ab8cd0e5f0_0 .net/2u *"_ivl_140", 11 0, L_0x7fe792ab6ae8;  1 drivers
v0x55ab8cd0dd90_0 .net *"_ivl_142", 0 0, L_0x55ab8cf7afa0;  1 drivers
L_0x7fe792ab6d28 .functor BUFT 1, C4<000000000000>, C4<0>, C4<0>, C4<0>;
v0x55ab8cd0d330_0 .net/2u *"_ivl_152", 11 0, L_0x7fe792ab6d28;  1 drivers
v0x55ab8cd0cdd0_0 .net *"_ivl_156", 0 0, L_0x55ab8cf7c1f0;  1 drivers
v0x55ab8cd0c7e0_0 .net *"_ivl_16", 0 0, L_0x55ab8cf78650;  1 drivers
L_0x7fe792ab6d70 .functor BUFT 1, C4<001>, C4<0>, C4<0>, C4<0>;
v0x55ab8cd0c170_0 .net/2u *"_ivl_172", 2 0, L_0x7fe792ab6d70;  1 drivers
v0x55ab8cd30ad0_0 .net *"_ivl_174", 0 0, L_0x55ab8cf7c480;  1 drivers
L_0x7fe792ab6db8 .functor BUFT 1, C4<1>, C4<0>, C4<0>, C4<0>;
v0x55ab8cd304a0_0 .net/2u *"_ivl_176", 0 0, L_0x7fe792ab6db8;  1 drivers
L_0x7fe792ab6e00 .functor BUFT 1, C4<001>, C4<0>, C4<0>, C4<0>;
v0x55ab8cdfaf90_0 .net/2u *"_ivl_180", 2 0, L_0x7fe792ab6e00;  1 drivers
v0x55ab8cdf4e30_0 .net *"_ivl_182", 0 0, L_0x55ab8cf7c8e0;  1 drivers
v0x55ab8ce283f0_0 .net *"_ivl_187", 0 0, L_0x55ab8cf7cb80;  1 drivers
L_0x7fe792ab6e48 .functor BUFT 1, C4<11>, C4<0>, C4<0>, C4<0>;
v0x55ab8ce22290_0 .net/2u *"_ivl_188", 1 0, L_0x7fe792ab6e48;  1 drivers
v0x55ab8cacb5c0_0 .net *"_ivl_193", 0 0, L_0x55ab8cf7ce20;  1 drivers
v0x55ab8cd5b690_0 .net *"_ivl_195", 1 0, L_0x55ab8cf7cc20;  1 drivers
v0x55ab8cd57380_0 .net *"_ivl_2", 31 0, L_0x55ab8cf77ee0;  1 drivers
v0x55ab8cd551e0_0 .net/2u *"_ivl_20", 31 0, L_0x7fe792ab64b8;  1 drivers
v0x55ab8cd51590_0 .net *"_ivl_22", 31 0, L_0x55ab8cf78850;  1 drivers
L_0x7fe792ab6500 .functor BUFT 1, C4<00000000001000000000000001110011>, C4<0>, C4<0>, C4<0>;
v0x55ab8cd7f7c0_0 .net/2u *"_ivl_24", 31 0, L_0x7fe792ab6500;  1 drivers
v0x55ab8cd7b430_0 .net *"_ivl_26", 0 0, L_0x55ab8cf78910;  1 drivers
v0x55ab8cd791e0_0 .net/2u *"_ivl_32", 31 0, L_0x7fe792ab6548;  1 drivers
v0x55ab8cdc4dd0_0 .net *"_ivl_34", 31 0, L_0x55ab8cf78bb0;  1 drivers
L_0x7fe792ab6590 .functor BUFT 1, C4<00000000000000000001000001110011>, C4<0>, C4<0>, C4<0>;
v0x55ab8cdc4400_0 .net/2u *"_ivl_36", 31 0, L_0x7fe792ab6590;  1 drivers
v0x55ab8ccc7d50_0 .net *"_ivl_38", 0 0, L_0x55ab8cf78c70;  1 drivers
L_0x7fe792ab63e0 .functor BUFT 1, C4<00000000000000000000000001110011>, C4<0>, C4<0>, C4<0>;
v0x55ab8cd1a380_0 .net/2u *"_ivl_4", 31 0, L_0x7fe792ab63e0;  1 drivers
v0x55ab8cd19530_0 .net/2u *"_ivl_42", 31 0, L_0x7fe792ab65d8;  1 drivers
v0x55ab8ce312a0_0 .net *"_ivl_44", 31 0, L_0x55ab8cf78ec0;  1 drivers
L_0x7fe792ab6620 .functor BUFT 1, C4<00000000000000000010000001110011>, C4<0>, C4<0>, C4<0>;
v0x55ab8ccb4e50_0 .net/2u *"_ivl_46", 31 0, L_0x7fe792ab6620;  1 drivers
v0x55ab8cd80c70_0 .net *"_ivl_48", 0 0, L_0x55ab8cf79090;  1 drivers
v0x55ab8cde5580_0 .net/2u *"_ivl_52", 31 0, L_0x7fe792ab6668;  1 drivers
v0x55ab8cdd7af0_0 .net *"_ivl_54", 31 0, L_0x55ab8cf793a0;  1 drivers
L_0x7fe792ab66b0 .functor BUFT 1, C4<00000000000000000011000001110011>, C4<0>, C4<0>, C4<0>;
v0x55ab8cce3060_0 .net/2u *"_ivl_56", 31 0, L_0x7fe792ab66b0;  1 drivers
v0x55ab8cdadd20_0 .net *"_ivl_58", 0 0, L_0x55ab8cf79410;  1 drivers
v0x55ab8cc69da0_0 .net *"_ivl_6", 0 0, L_0x55ab8cf78310;  1 drivers
v0x55ab8ce12770_0 .net/2u *"_ivl_62", 31 0, L_0x7fe792ab66f8;  1 drivers
v0x55ab8ce080b0_0 .net *"_ivl_64", 31 0, L_0x55ab8cf79680;  1 drivers
L_0x7fe792ab6740 .functor BUFT 1, C4<00000000000000000101000001110011>, C4<0>, C4<0>, C4<0>;
v0x55ab8cde52f0_0 .net/2u *"_ivl_66", 31 0, L_0x7fe792ab6740;  1 drivers
v0x55ab8cc80310_0 .net *"_ivl_68", 0 0, L_0x55ab8cf79740;  1 drivers
v0x55ab8cc803d0_0 .net/2u *"_ivl_72", 31 0, L_0x7fe792ab6788;  1 drivers
v0x55ab8cc7ff70_0 .net *"_ivl_74", 31 0, L_0x55ab8cf79610;  1 drivers
L_0x7fe792ab67d0 .functor BUFT 1, C4<00000000000000000110000001110011>, C4<0>, C4<0>, C4<0>;
v0x55ab8ce30f20_0 .net/2u *"_ivl_76", 31 0, L_0x7fe792ab67d0;  1 drivers
v0x55ab8ce33ef0_0 .net *"_ivl_78", 0 0, L_0x55ab8cf799e0;  1 drivers
v0x55ab8ce33fb0_0 .net/2u *"_ivl_82", 31 0, L_0x7fe792ab6818;  1 drivers
v0x55ab8ce35740_0 .net *"_ivl_84", 31 0, L_0x55ab8cf79c70;  1 drivers
L_0x7fe792ab6860 .functor BUFT 1, C4<00000000000000000111000001110011>, C4<0>, C4<0>, C4<0>;
v0x55ab8ce31900_0 .net/2u *"_ivl_86", 31 0, L_0x7fe792ab6860;  1 drivers
v0x55ab8ce35ae0_0 .net *"_ivl_88", 0 0, L_0x55ab8cf79d30;  1 drivers
v0x55ab8ce35b80_0 .net/2u *"_ivl_92", 31 0, L_0x7fe792ab68a8;  1 drivers
v0x55ab8ce2b530_0 .net *"_ivl_94", 31 0, L_0x55ab8cf79be0;  1 drivers
L_0x7fe792ab68f0 .functor BUFT 1, C4<00010000010100000000000001110011>, C4<0>, C4<0>, C4<0>;
v0x55ab8cc7c830_0 .net/2u *"_ivl_96", 31 0, L_0x7fe792ab68f0;  1 drivers
v0x55ab8ccb8040_0 .net *"_ivl_98", 0 0, L_0x55ab8cf79fd0;  1 drivers
v0x55ab8ccb8100_0 .net "branch_csr_pc_o", 31 0, L_0x55ab8cf7c790;  alias, 1 drivers
v0x55ab8ccb73f0_0 .net "branch_csr_priv_o", 1 0, L_0x55ab8cf7ca20;  alias, 1 drivers
v0x55ab8ccac270_0 .net "branch_csr_request_o", 0 0, L_0x55ab8cf7c150;  alias, 1 drivers
v0x55ab8ccac330_0 .var "branch_q", 0 0;
v0x55ab8cc83190_0 .var "branch_target_q", 31 0;
v0x55ab8cc83250_0 .net "clk_i", 0 0, v0x55ab8cf10ee0_0;  alias, 1 drivers
v0x55ab8cd80030_0 .var "clr_r", 0 0;
v0x55ab8cd800d0_0 .net "cpu_id_i", 31 0, L_0x7fe792ab8558;  alias, 1 drivers
v0x55ab8cd32360_0 .net "csr_branch_w", 0 0, L_0x55ab8cf7be20;  1 drivers
v0x55ab8cd5c4f0_0 .var "csr_fault_r", 0 0;
v0x55ab8cd5c590_0 .var "csr_priv_r", 1 0;
v0x55ab8cd31e60_0 .net "csr_rdata_w", 31 0, L_0x55ab8cf7b970;  1 drivers
v0x55ab8cd31ae0_0 .var "csr_readonly_r", 0 0;
v0x55ab8cd31b80_0 .net "csr_result_e1_exception_o", 5 0, L_0x55ab8cf7c530;  alias, 1 drivers
v0x55ab8cd35e40_0 .net "csr_result_e1_value_o", 31 0, L_0x55ab8cf7c3a0;  alias, 1 drivers
v0x55ab8cd35f00_0 .net "csr_result_e1_wdata_o", 31 0, L_0x55ab8cf7b2f0;  alias, 1 drivers
v0x55ab8cdbbbe0_0 .net "csr_result_e1_write_o", 0 0, L_0x55ab8cf7b280;  alias, 1 drivers
v0x55ab8cdbbca0_0 .net "csr_target_w", 31 0, L_0x55ab8cf7bee0;  1 drivers
v0x55ab8cdbb840_0 .var "csr_wdata_e1_q", 31 0;
v0x55ab8cdbb8e0_0 .var "csr_write_r", 0 0;
v0x55ab8cd35920_0 .net "csr_writeback_exception_addr_i", 31 0, L_0x55ab8cf8b060;  alias, 1 drivers
v0x55ab8cdbb380_0 .net "csr_writeback_exception_i", 5 0, L_0x55ab8cf8aca0;  alias, 1 drivers
v0x55ab8cdbaec0_0 .net "csr_writeback_exception_pc_i", 31 0, L_0x55ab8cf8ae40;  alias, 1 drivers
v0x55ab8cdbaa00_0 .net "csr_writeback_waddr_i", 11 0, L_0x55ab8cf86590;  alias, 1 drivers
v0x55ab8cdbaac0_0 .net "csr_writeback_wdata_i", 31 0, L_0x55ab8cf86630;  alias, 1 drivers
v0x55ab8cdba540_0 .net "csr_writeback_write_i", 0 0, v0x55ab8cec5390_0;  alias, 1 drivers
v0x55ab8cdba5e0_0 .net "csrrc_w", 0 0, L_0x55ab8cf79550;  1 drivers
v0x55ab8cdba080_0 .net "csrrci_w", 0 0, L_0x55ab8cf79e70;  1 drivers
v0x55ab8cdba120_0 .net "csrrs_w", 0 0, L_0x55ab8cf791d0;  1 drivers
v0x55ab8cdb9bc0_0 .net "csrrsi_w", 0 0, L_0x55ab8cf79b20;  1 drivers
v0x55ab8cdb9c80_0 .net "csrrw_w", 0 0, L_0x55ab8cf78db0;  1 drivers
v0x55ab8cdb9700_0 .net "csrrwi_w", 0 0, L_0x55ab8cf798d0;  1 drivers
v0x55ab8cdb97c0_0 .net "current_priv_w", 1 0, v0x55ab8c7b0ad0_0;  1 drivers
v0x55ab8cdb9360_0 .var "data_r", 31 0;
v0x55ab8cdb9400_0 .net "ebreak_w", 0 0, L_0x55ab8cf78790;  1 drivers
v0x55ab8cdb8ea0_0 .net "ecall_w", 0 0, L_0x55ab8cf78450;  1 drivers
v0x55ab8cdb8f60_0 .net "eret_fault_w", 0 0, L_0x55ab8cf7c290;  1 drivers
v0x55ab8cdb89e0_0 .net "eret_priv_w", 1 0, L_0x55ab8cf78b10;  1 drivers
v0x55ab8cd35400_0 .net "eret_w", 0 0, L_0x55ab8cf78a50;  1 drivers
v0x55ab8cd354c0_0 .var "exception_e1_q", 5 0;
v0x55ab8cdb8520_0 .net "fence_w", 0 0, L_0x55ab8cf7a480;  1 drivers
v0x55ab8cdb85c0_0 .net "ifence_o", 0 0, v0x55ab8cdb8060_0;  alias, 1 drivers
v0x55ab8cdb8060_0 .var "ifence_q", 0 0;
v0x55ab8cdb8120_0 .net "ifence_w", 0 0, L_0x55ab8cf7a410;  1 drivers
v0x55ab8cdb7ba0_0 .var "init_done", 2 0;
v0x55ab8cdb76e0_0 .net "interrupt_inhibit_i", 0 0, L_0x55ab8cf8d940;  alias, 1 drivers
v0x55ab8cdb77a0_0 .net "interrupt_w", 31 0, L_0x55ab8cf7b380;  1 drivers
v0x55ab8cdb6af0_0 .net "intr_i", 0 0, L_0x7fe792ab84c8;  alias, 1 drivers
L_0x7fe792ab6b78 .functor BUFT 1, C4<01000000000000000001000100000000>, C4<0>, C4<0>, C4<0>;
v0x55ab8cdb6b90_0 .net "misa_w", 31 0, L_0x7fe792ab6b78;  1 drivers
v0x55ab8cdb6910_0 .net "mmu_flush_o", 0 0, L_0x55ab8cf7cf30;  alias, 1 drivers
v0x55ab8cdb69b0_0 .net "mmu_mxr_o", 0 0, L_0x55ab8cf7d390;  alias, 1 drivers
v0x55ab8cd34ee0_0 .net "mmu_priv_d_o", 1 0, L_0x55ab8cf7d030;  alias, 1 drivers
v0x55ab8cd34fa0_0 .net "mmu_satp_o", 31 0, L_0x55ab8cf7cec0;  alias, 1 drivers
v0x55ab8cdb5380_0 .net "mmu_sum_o", 0 0, L_0x55ab8cf7c610;  alias, 1 drivers
v0x55ab8cdb5440_0 .net "opcode_invalid_i", 0 0, L_0x55ab8cf91cc0;  alias, 1 drivers
v0x55ab8cdb51a0_0 .net "opcode_opcode_i", 31 0, L_0x55ab8cf90c20;  alias, 1 drivers
v0x55ab8cdb5260_0 .net "opcode_pc_i", 31 0, L_0x55ab8cf90c90;  alias, 1 drivers
v0x55ab8cd349c0_0 .net "opcode_ra_idx_i", 4 0, L_0x55ab8cf90e80;  alias, 1 drivers
v0x55ab8cd34a80_0 .net "opcode_ra_operand_i", 31 0, L_0x55ab8cf91ec0;  alias, 1 drivers
v0x55ab8cd92850_0 .net "opcode_rb_idx_i", 4 0, L_0x55ab8cf91e50;  alias, 1 drivers
v0x55ab8cd928f0_0 .net "opcode_rb_operand_i", 31 0, L_0x55ab8cf91b40;  alias, 1 drivers
v0x55ab8cd34530_0 .net "opcode_rd_idx_i", 4 0, L_0x55ab8cf90e10;  alias, 1 drivers
v0x55ab8cd345f0_0 .net "opcode_valid_i", 0 0, L_0x55ab8cf90aa0;  alias, 1 drivers
v0x55ab8cd8ddc0_0 .var "rd_result_e1_q", 31 0;
v0x55ab8cd8de80_0 .var "rd_valid_e1_q", 0 0;
v0x55ab8cd340a0_0 .net "reset_vector_i", 31 0, L_0x7fe792ab8510;  alias, 1 drivers
v0x55ab8cd31740_0 .net "rst_i", 0 0, v0x55ab8cf12130_0;  alias, 1 drivers
v0x55ab8cd33bb0_0 .net "satp_reg_w", 31 0, v0x55ab8c6932a0_0;  1 drivers
v0x55ab8cd86f70_0 .net "satp_update_w", 0 0, L_0x55ab8cf7b170;  1 drivers
v0x55ab8cd87010_0 .var "set_r", 0 0;
v0x55ab8cd86660_0 .net "sfence_w", 0 0, L_0x55ab8cf7a790;  1 drivers
v0x55ab8cd86720_0 .net "status_reg_w", 31 0, v0x55ab8cdd3ca0_0;  1 drivers
v0x55ab8cd81b80_0 .net "take_interrupt_o", 0 0, v0x55ab8cd81c20_0;  alias, 1 drivers
v0x55ab8cd81c20_0 .var "take_interrupt_q", 0 0;
L_0x7fe792ab6b30 .functor BUFT 1, C4<0>, C4<0>, C4<0>, C4<0>;
v0x55ab8cd81390_0 .net "timer_irq_w", 0 0, L_0x7fe792ab6b30;  1 drivers
v0x55ab8cd32820_0 .var "tlb_flush_q", 0 0;
v0x55ab8cd328c0_0 .net "wfi_w", 0 0, L_0x55ab8cf7a110;  1 drivers
E_0x55ab8c67aa90/0 .event anyedge, v0x55ab8cdb9c80_0, v0x55ab8cdba120_0, v0x55ab8cdb9700_0, v0x55ab8cdb9bc0_0;
E_0x55ab8c67aa90/1 .event anyedge, v0x55ab8cdba5e0_0, v0x55ab8cdba080_0, v0x55ab8cdb51a0_0, v0x55ab8cd349c0_0;
E_0x55ab8c67aa90/2 .event anyedge, v0x55ab8cd34a80_0;
E_0x55ab8c67aa90 .event/or E_0x55ab8c67aa90/0, E_0x55ab8c67aa90/1, E_0x55ab8c67aa90/2;
L_0x55ab8cf78310 .cmp/eq 32, L_0x55ab8cf77ee0, L_0x7fe792ab63e0;
L_0x55ab8cf78650 .cmp/eq 32, L_0x55ab8cf78550, L_0x7fe792ab6470;
L_0x55ab8cf78910 .cmp/eq 32, L_0x55ab8cf78850, L_0x7fe792ab6500;
L_0x55ab8cf78b10 .part L_0x55ab8cf90c20, 28, 2;
L_0x55ab8cf78c70 .cmp/eq 32, L_0x55ab8cf78bb0, L_0x7fe792ab6590;
L_0x55ab8cf79090 .cmp/eq 32, L_0x55ab8cf78ec0, L_0x7fe792ab6620;
L_0x55ab8cf79410 .cmp/eq 32, L_0x55ab8cf793a0, L_0x7fe792ab66b0;
L_0x55ab8cf79740 .cmp/eq 32, L_0x55ab8cf79680, L_0x7fe792ab6740;
L_0x55ab8cf799e0 .cmp/eq 32, L_0x55ab8cf79610, L_0x7fe792ab67d0;
L_0x55ab8cf79d30 .cmp/eq 32, L_0x55ab8cf79c70, L_0x7fe792ab6860;
L_0x55ab8cf79fd0 .cmp/eq 32, L_0x55ab8cf79be0, L_0x7fe792ab68f0;
L_0x55ab8cf7a2d0 .cmp/eq 32, L_0x55ab8cf79ee0, L_0x7fe792ab6980;
L_0x55ab8cf7a650 .cmp/eq 32, L_0x55ab8cf7a1d0, L_0x7fe792ab6a10;
L_0x55ab8cf7a920 .cmp/eq 32, L_0x55ab8cf7a540, L_0x7fe792ab6aa0;
L_0x55ab8cf7af00 .part L_0x55ab8cf90c20, 20, 12;
L_0x55ab8cf7afa0 .cmp/eq 12, L_0x55ab8cf7af00, L_0x7fe792ab6ae8;
L_0x55ab8cf7c010 .part L_0x55ab8cf90c20, 20, 12;
L_0x55ab8cf7c0b0 .functor MUXZ 12, L_0x7fe792ab6d28, L_0x55ab8cf86590, v0x55ab8cec5390_0, C4<>;
L_0x55ab8cf7c1f0 .cmp/gt 2, L_0x55ab8cf78b10, v0x55ab8c7b0ad0_0;
L_0x55ab8cf7c480 .cmp/eq 3, v0x55ab8cdb7ba0_0, L_0x7fe792ab6d70;
L_0x55ab8cf7c150 .functor MUXZ 1, v0x55ab8ccac330_0, L_0x7fe792ab6db8, L_0x55ab8cf7c480, C4<>;
L_0x55ab8cf7c8e0 .cmp/eq 3, v0x55ab8cdb7ba0_0, L_0x7fe792ab6e00;
L_0x55ab8cf7c790 .functor MUXZ 32, v0x55ab8cc83190_0, L_0x7fe792ab8510, L_0x55ab8cf7c8e0, C4<>;
L_0x55ab8cf7cb80 .part v0x55ab8c6932a0_0, 31, 1;
L_0x55ab8cf7ca20 .functor MUXZ 2, L_0x7fe792ab6e48, v0x55ab8c7b0ad0_0, L_0x55ab8cf7cb80, C4<>;
L_0x55ab8cf7ce20 .part v0x55ab8cdd3ca0_0, 17, 1;
L_0x55ab8cf7cc20 .part v0x55ab8cdd3ca0_0, 11, 2;
L_0x55ab8cf7d030 .functor MUXZ 2, v0x55ab8c7b0ad0_0, L_0x55ab8cf7cc20, L_0x55ab8cf7ce20, C4<>;
L_0x55ab8cf7c610 .part v0x55ab8cdd3ca0_0, 18, 1;
L_0x55ab8cf7d390 .part v0x55ab8cdd3ca0_0, 19, 1;
S_0x55ab8cc807f0 .scope module, "u_csrfile" "biriscv_csr_regfile" 6 155, 7 25 0, S_0x55ab8cc7be60;
 .timescale 0 0;
    .port_info 0 /INPUT 1 "clk_i";
    .port_info 1 /INPUT 1 "rst_i";
    .port_info 2 /INPUT 1 "ext_intr_i";
    .port_info 3 /INPUT 1 "timer_intr_i";
    .port_info 4 /INPUT 32 "cpu_id_i";
    .port_info 5 /INPUT 32 "misa_i";
    .port_info 6 /INPUT 6 "exception_i";
    .port_info 7 /INPUT 32 "exception_pc_i";
    .port_info 8 /INPUT 32 "exception_addr_i";
    .port_info 9 /INPUT 1 "csr_ren_i";
    .port_info 10 /INPUT 12 "csr_raddr_i";
    .port_info 11 /OUTPUT 32 "csr_rdata_o";
    .port_info 12 /INPUT 12 "csr_waddr_i";
    .port_info 13 /INPUT 32 "csr_wdata_i";
    .port_info 14 /OUTPUT 1 "csr_branch_o";
    .port_info 15 /OUTPUT 32 "csr_target_o";
    .port_info 16 /OUTPUT 2 "priv_o";
    .port_info 17 /OUTPUT 32 "status_o";
    .port_info 18 /OUTPUT 32 "satp_o";
    .port_info 19 /OUTPUT 32 "interrupt_o";
P_0x55ab8ce7b680 .param/l "SUPPORT_MTIMECMP" 0 7 30, +C4<00000000000000000000000000000001>;
P_0x55ab8ce7b6c0 .param/l "SUPPORT_SUPER" 0 7 31, +C4<00000000000000000000000000000000>;
L_0x55ab8cf7b380 .functor BUFZ 32, v0x55ab8ce36190_0, C4<00000000000000000000000000000000>, C4<00000000000000000000000000000000>, C4<00000000000000000000000000000000>;
L_0x55ab8cf7b4e0 .functor AND 1, L_0x55ab8cf90aa0, L_0x55ab8cf7b3f0, C4<1>, C4<1>;
L_0x55ab8cf7b6e0 .functor AND 1, L_0x55ab8cf90aa0, L_0x55ab8cf7b5a0, C4<1>, C4<1>;
L_0x55ab8cf7b7a0 .functor OR 1, L_0x55ab8cf7b4e0, L_0x55ab8cf7b6e0, C4<0>, C4<0>;
L_0x55ab8cf7b8b0 .functor OR 1, L_0x55ab8cf7b7a0, v0x55ab8c7b1090_0, C4<0>, C4<0>;
L_0x55ab8cf7b970 .functor BUFZ 32, v0x55ab8cdda4c0_0, C4<00000000000000000000000000000000>, C4<00000000000000000000000000000000>, C4<00000000000000000000000000000000>;
L_0x7fe792ab6c50 .functor BUFT 1, C4<110000>, C4<0>, C4<0>, C4<0>;
L_0x55ab8cf7bcc0 .functor AND 6, L_0x55ab8cf8aca0, L_0x7fe792ab6c50, C4<111111>, C4<111111>;
L_0x55ab8cf7be20 .functor BUFZ 1, v0x55ab8c8b1cd0_0, C4<0>, C4<0>, C4<0>;
L_0x55ab8cf7bee0 .functor BUFZ 32, v0x55ab8c9008e0_0, C4<00000000000000000000000000000000>, C4<00000000000000000000000000000000>, C4<00000000000000000000000000000000>;
v0x55ab8c71e060_0 .net *"_ivl_10", 0 0, L_0x55ab8cf7b5a0;  1 drivers
v0x55ab8c715d90_0 .net *"_ivl_13", 0 0, L_0x55ab8cf7b6e0;  1 drivers
v0x55ab8c7161c0_0 .net *"_ivl_14", 0 0, L_0x55ab8cf7b7a0;  1 drivers
L_0x7fe792ab6bc0 .functor BUFT 1, C4<001101000100>, C4<0>, C4<0>, C4<0>;
v0x55ab8c715f00_0 .net/2u *"_ivl_2", 11 0, L_0x7fe792ab6bc0;  1 drivers
v0x55ab8c968f80_0 .net/2u *"_ivl_26", 5 0, L_0x7fe792ab6c50;  1 drivers
v0x55ab8c9696b0_0 .net *"_ivl_28", 5 0, L_0x55ab8cf7bcc0;  1 drivers
L_0x7fe792ab6c98 .functor BUFT 1, C4<010000>, C4<0>, C4<0>, C4<0>;
v0x55ab8c9118a0_0 .net/2u *"_ivl_30", 5 0, L_0x7fe792ab6c98;  1 drivers
v0x55ab8c8b1e40_0 .net *"_ivl_4", 0 0, L_0x55ab8cf7b3f0;  1 drivers
v0x55ab8c8b1880_0 .net *"_ivl_7", 0 0, L_0x55ab8cf7b4e0;  1 drivers
L_0x7fe792ab6c08 .functor BUFT 1, C4<000101000100>, C4<0>, C4<0>, C4<0>;
v0x55ab8c8b1b60_0 .net/2u *"_ivl_8", 11 0, L_0x7fe792ab6c08;  1 drivers
v0x55ab8c8b1cd0_0 .var "branch_r", 0 0;
v0x55ab8c9008e0_0 .var "branch_target_r", 31 0;
v0x55ab8c905070_0 .net "buffer_mip_w", 0 0, L_0x55ab8cf7b8b0;  1 drivers
v0x55ab8c8df0e0_0 .net "clk_i", 0 0, v0x55ab8cf10ee0_0;  alias, 1 drivers
v0x55ab8c8b19f0_0 .net "cpu_id_i", 31 0, L_0x7fe792ab8558;  alias, 1 drivers
v0x55ab8c83bb60_0 .net "csr_branch_o", 0 0, L_0x55ab8cf7be20;  alias, 1 drivers
v0x55ab8c830200_0 .var "csr_mcause_q", 31 0;
v0x55ab8c85a700_0 .var "csr_mcause_r", 31 0;
v0x55ab8c85b940_0 .var "csr_mcycle_h_q", 31 0;
v0x55ab8c85bab0_0 .var "csr_mcycle_q", 31 0;
v0x55ab8c863750_0 .var "csr_mcycle_r", 31 0;
v0x55ab8c8b12a0_0 .var "csr_medeleg_q", 31 0;
v0x55ab8c8303f0_0 .var "csr_medeleg_r", 31 0;
v0x55ab8c7e7fb0_0 .var "csr_mepc_q", 31 0;
v0x55ab8c807940_0 .var "csr_mepc_r", 31 0;
v0x55ab8c7c22b0_0 .var "csr_mideleg_q", 31 0;
v0x55ab8c7c1e60_0 .var "csr_mideleg_r", 31 0;
v0x55ab8c7c2140_0 .var "csr_mie_q", 31 0;
v0x55ab8c7c1fd0_0 .var "csr_mie_r", 31 0;
v0x55ab8c853220_0 .var "csr_mip_next_q", 31 0;
v0x55ab8c80a080_0 .var "csr_mip_next_r", 31 0;
v0x55ab8c7b0370_0 .var "csr_mip_q", 31 0;
v0x55ab8c7b0c40_0 .var "csr_mip_r", 31 0;
v0x55ab8c7b1090_0 .var "csr_mip_upd_q", 0 0;
v0x55ab8c7b0ad0_0 .var "csr_mpriv_q", 1 0;
v0x55ab8c7b0db0_0 .var "csr_mpriv_r", 1 0;
v0x55ab8c7b0f20_0 .var "csr_mscratch_q", 31 0;
v0x55ab8c7e1070_0 .var "csr_mscratch_r", 31 0;
v0x55ab8c7b0200_0 .var "csr_mtime_ie_q", 0 0;
v0x55ab8c6b8410_0 .var "csr_mtime_ie_r", 0 0;
v0x55ab8c7013e0_0 .var "csr_mtimecmp_q", 31 0;
v0x55ab8c752c00_0 .var "csr_mtimecmp_r", 31 0;
v0x55ab8c758c10_0 .var "csr_mtval_q", 31 0;
v0x55ab8c758a20_0 .var "csr_mtval_r", 31 0;
v0x55ab8c761f80_0 .var "csr_mtvec_q", 31 0;
v0x55ab8c798b70_0 .var "csr_mtvec_r", 31 0;
v0x55ab8c6d7d30_0 .net "csr_raddr_i", 11 0, L_0x55ab8cf7c010;  1 drivers
v0x55ab8c6b2320_0 .net "csr_rdata_o", 31 0, L_0x55ab8cf7b970;  alias, 1 drivers
v0x55ab8c6aa890_0 .net "csr_ren_i", 0 0, L_0x55ab8cf90aa0;  alias, 1 drivers
v0x55ab8c6932a0_0 .var "csr_satp_q", 31 0;
v0x55ab8c6c9260_0 .var "csr_satp_r", 31 0;
v0x55ab8c6c64f0_0 .var "csr_scause_q", 31 0;
v0x55ab8ce00ed0_0 .var "csr_scause_r", 31 0;
v0x55ab8ce06e60_0 .var "csr_sepc_q", 31 0;
v0x55ab8ce03eb0_0 .var "csr_sepc_r", 31 0;
v0x55ab8cdd3ca0_0 .var "csr_sr_q", 31 0;
v0x55ab8cdd9c30_0 .var "csr_sr_r", 31 0;
v0x55ab8cdd6c80_0 .var "csr_sscratch_q", 31 0;
v0x55ab8c67ef90_0 .var "csr_sscratch_r", 31 0;
v0x55ab8cd09320_0 .var "csr_stval_q", 31 0;
v0x55ab8ccb5300_0 .var "csr_stval_r", 31 0;
v0x55ab8c96a0a0_0 .var "csr_stvec_q", 31 0;
v0x55ab8c969da0_0 .var "csr_stvec_r", 31 0;
v0x55ab8c8db4e0_0 .net "csr_target_o", 31 0, L_0x55ab8cf7bee0;  alias, 1 drivers
v0x55ab8c8b16f0_0 .net "csr_waddr_i", 11 0, L_0x55ab8cf7c0b0;  1 drivers
v0x55ab8c8b13f0_0 .net "csr_wdata_i", 31 0, L_0x55ab8cf86630;  alias, 1 drivers
v0x55ab8c7b0940_0 .net "exception_addr_i", 31 0, L_0x55ab8cf8b060;  alias, 1 drivers
v0x55ab8c7b0640_0 .net "exception_i", 5 0, L_0x55ab8cf8aca0;  alias, 1 drivers
v0x55ab8ce36680_0 .net "exception_pc_i", 31 0, L_0x55ab8cf8ae40;  alias, 1 drivers
L_0x7fe792ab6ce0 .functor BUFT 1, C4<0>, C4<0>, C4<0>, C4<0>;
v0x55ab8ce37370_0 .net "exception_s_w", 0 0, L_0x7fe792ab6ce0;  1 drivers
v0x55ab8cc6bc20_0 .net "ext_intr_i", 0 0, L_0x7fe792ab84c8;  alias, 1 drivers
v0x55ab8cc6bd20_0 .net "interrupt_o", 31 0, L_0x55ab8cf7b380;  alias, 1 drivers
v0x55ab8ce36190_0 .var "irq_masked_r", 31 0;
v0x55ab8ccde690_0 .var "irq_pending_r", 31 0;
v0x55ab8cd012b0_0 .var "irq_priv_q", 1 0;
v0x55ab8cdcf8a0_0 .var "irq_priv_r", 1 0;
v0x55ab8cdd4530_0 .net "is_exception_w", 0 0, L_0x55ab8cf7bd30;  1 drivers
v0x55ab8cdd4b40_0 .net "misa_i", 31 0, L_0x7fe792ab6b78;  alias, 1 drivers
v0x55ab8cdd7510_0 .net "priv_o", 1 0, v0x55ab8c7b0ad0_0;  alias, 1 drivers
v0x55ab8cdda4c0_0 .var "rdata_r", 31 0;
v0x55ab8cdd1b20_0 .net "rst_i", 0 0, v0x55ab8cf12130_0;  alias, 1 drivers
v0x55ab8cdcf540_0 .net "satp_o", 31 0, v0x55ab8c6932a0_0;  alias, 1 drivers
v0x55ab8cddad70_0 .net "status_o", 31 0, v0x55ab8cdd3ca0_0;  alias, 1 drivers
v0x55ab8cdfcd10_0 .net "timer_intr_i", 0 0, L_0x7fe792ab6b30;  alias, 1 drivers
E_0x55ab8c666780/0 .event anyedge, v0x55ab8c7b0640_0, v0x55ab8cd012b0_0, v0x55ab8c761f80_0, v0x55ab8c96a0a0_0;
E_0x55ab8c666780/1 .event anyedge, v0x55ab8c7e7fb0_0, v0x55ab8ce06e60_0, v0x55ab8cdd4530_0, v0x55ab8ce37370_0;
E_0x55ab8c666780/2 .event anyedge, v0x55ab8ce36680_0;
E_0x55ab8c666780 .event/or E_0x55ab8c666780/0, E_0x55ab8c666780/1, E_0x55ab8c666780/2;
E_0x55ab8c8315a0 .event posedge, v0x55ab8cdd1b20_0, v0x55ab8c8df0e0_0;
E_0x55ab8c82e910/0 .event anyedge, v0x55ab8c853220_0, v0x55ab8c7e7fb0_0, v0x55ab8cdd3ca0_0, v0x55ab8c830200_0;
E_0x55ab8c82e910/1 .event anyedge, v0x55ab8c758c10_0, v0x55ab8c761f80_0, v0x55ab8c7b0370_0, v0x55ab8c7c2140_0;
E_0x55ab8c82e910/2 .event anyedge, v0x55ab8c7b0ad0_0, v0x55ab8c7b0f20_0, v0x55ab8c85bab0_0, v0x55ab8c7013e0_0;
E_0x55ab8c82e910/3 .event anyedge, v0x55ab8c7b0200_0, v0x55ab8c8b12a0_0, v0x55ab8c7c22b0_0, v0x55ab8ce06e60_0;
E_0x55ab8c82e910/4 .event anyedge, v0x55ab8c96a0a0_0, v0x55ab8c6c64f0_0, v0x55ab8cd09320_0, v0x55ab8c6932a0_0;
E_0x55ab8c82e910/5 .event anyedge, v0x55ab8cdd6c80_0, v0x55ab8c7b0640_0, v0x55ab8cd012b0_0, v0x55ab8cdd9c30_0;
E_0x55ab8c82e910/6 .event anyedge, v0x55ab8ce36680_0, v0x55ab8cc6bd20_0, v0x55ab8cdd4530_0, v0x55ab8ce37370_0;
E_0x55ab8c82e910/7 .event anyedge, v0x55ab8c7b0940_0, v0x55ab8c8b16f0_0, v0x55ab8c8b13f0_0, v0x55ab8c7b0c40_0;
E_0x55ab8c82e910/8 .event anyedge, v0x55ab8c7c1fd0_0, v0x55ab8cc6bc20_0, v0x55ab8cdfcd10_0, v0x55ab8c80a080_0;
E_0x55ab8c82e910 .event/or E_0x55ab8c82e910/0, E_0x55ab8c82e910/1, E_0x55ab8c82e910/2, E_0x55ab8c82e910/3, E_0x55ab8c82e910/4, E_0x55ab8c82e910/5, E_0x55ab8c82e910/6, E_0x55ab8c82e910/7, E_0x55ab8c82e910/8;
E_0x55ab8c82e950/0 .event anyedge, v0x55ab8c6d7d30_0, v0x55ab8c7b0f20_0, v0x55ab8c7e7fb0_0, v0x55ab8c761f80_0;
E_0x55ab8c82e950/1 .event anyedge, v0x55ab8c830200_0, v0x55ab8c758c10_0, v0x55ab8cdd3ca0_0, v0x55ab8c7b0370_0;
E_0x55ab8c82e950/2 .event anyedge, v0x55ab8c7c2140_0, v0x55ab8c85bab0_0, v0x55ab8c85b940_0, v0x55ab8c8b19f0_0;
E_0x55ab8c82e950/3 .event anyedge, v0x55ab8cdd4b40_0, v0x55ab8c7013e0_0;
E_0x55ab8c82e950 .event/or E_0x55ab8c82e950/0, E_0x55ab8c82e950/1, E_0x55ab8c82e950/2, E_0x55ab8c82e950/3;
E_0x55ab8c82ac40 .event anyedge, v0x55ab8c7b0370_0, v0x55ab8c7c2140_0, v0x55ab8cdd3ca0_0, v0x55ab8ccde690_0;
L_0x55ab8cf7b3f0 .cmp/eq 12, L_0x55ab8cf7c010, L_0x7fe792ab6bc0;
L_0x55ab8cf7b5a0 .cmp/eq 12, L_0x55ab8cf7c010, L_0x7fe792ab6c08;
L_0x55ab8cf7bd30 .cmp/eq 6, L_0x55ab8cf7bcc0, L_0x7fe792ab6c98;
S_0x55ab8ccacf00 .scope module, "u_div" "biriscv_divider" 5 516, 8 26 0, S_0x55ab8cc7ea90;
 .timescale 0 0;
    .port_info 0 /INPUT 1 "clk_i";
    .port_info 1 /INPUT 1 "rst_i";
    .port_info 2 /INPUT 1 "opcode_valid_i";
    .port_info 3 /INPUT 32 "opcode_opcode_i";
    .port_info 4 /INPUT 32 "opcode_pc_i";
    .port_info 5 /INPUT 1 "opcode_invalid_i";
    .port_info 6 /INPUT 5 "opcode_rd_idx_i";
    .port_info 7 /INPUT 5 "opcode_ra_idx_i";
    .port_info 8 /INPUT 5 "opcode_rb_idx_i";
    .port_info 9 /INPUT 32 "opcode_ra_operand_i";
    .port_info 10 /INPUT 32 "opcode_rb_operand_i";
    .port_info 11 /OUTPUT 1 "writeback_valid_o";
    .port_info 12 /OUTPUT 32 "writeback_value_o";
L_0x7fe792ab70d0 .functor BUFT 1, C4<11111110000000000111000001111111>, C4<0>, C4<0>, C4<0>;
L_0x55ab8cf7ed10 .functor AND 32, L_0x55ab8cf8ff10, L_0x7fe792ab70d0, C4<11111111111111111111111111111111>, C4<11111111111111111111111111111111>;
L_0x7fe792ab7160 .functor BUFT 1, C4<11111110000000000111000001111111>, C4<0>, C4<0>, C4<0>;
L_0x55ab8cf7ef10 .functor AND 32, L_0x55ab8cf8ff10, L_0x7fe792ab7160, C4<11111111111111111111111111111111>, C4<11111111111111111111111111111111>;
L_0x7fe792ab71f0 .functor BUFT 1, C4<11111110000000000111000001111111>, C4<0>, C4<0>, C4<0>;
L_0x55ab8cf7f110 .functor AND 32, L_0x55ab8cf8ff10, L_0x7fe792ab71f0, C4<11111111111111111111111111111111>, C4<11111111111111111111111111111111>;
L_0x7fe792ab7280 .functor BUFT 1, C4<11111110000000000111000001111111>, C4<0>, C4<0>, C4<0>;
L_0x55ab8cf7f310 .functor AND 32, L_0x55ab8cf8ff10, L_0x7fe792ab7280, C4<11111111111111111111111111111111>, C4<11111111111111111111111111111111>;
L_0x7fe792ab7310 .functor BUFT 1, C4<11111110000000000111000001111111>, C4<0>, C4<0>, C4<0>;
L_0x55ab8cf7f510 .functor AND 32, L_0x55ab8cf8ff10, L_0x7fe792ab7310, C4<11111111111111111111111111111111>, C4<11111111111111111111111111111111>;
L_0x7fe792ab73a0 .functor BUFT 1, C4<11111110000000000111000001111111>, C4<0>, C4<0>, C4<0>;
L_0x55ab8cf7f710 .functor AND 32, L_0x55ab8cf8ff10, L_0x7fe792ab73a0, C4<11111111111111111111111111111111>, C4<11111111111111111111111111111111>;
L_0x55ab8cf7f910 .functor OR 1, L_0x55ab8cf7f5d0, L_0x55ab8cf7f7d0, C4<0>, C4<0>;
L_0x7fe792ab7430 .functor BUFT 1, C4<11111110000000000111000001111111>, C4<0>, C4<0>, C4<0>;
L_0x55ab8cf7fa20 .functor AND 32, L_0x55ab8cf8ff10, L_0x7fe792ab7430, C4<11111111111111111111111111111111>, C4<11111111111111111111111111111111>;
L_0x55ab8cf7fc70 .functor OR 1, L_0x55ab8cf7f910, L_0x55ab8cf7fb30, C4<0>, C4<0>;
L_0x7fe792ab74c0 .functor BUFT 1, C4<11111110000000000111000001111111>, C4<0>, C4<0>, C4<0>;
L_0x55ab8cf7fd80 .functor AND 32, L_0x55ab8cf8ff10, L_0x7fe792ab74c0, C4<11111111111111111111111111111111>, C4<11111111111111111111111111111111>;
L_0x55ab8cf7ffe0 .functor OR 1, L_0x55ab8cf7fc70, L_0x55ab8cf7fea0, C4<0>, C4<0>;
L_0x7fe792ab7550 .functor BUFT 1, C4<11111110000000000111000001111111>, C4<0>, C4<0>, C4<0>;
L_0x55ab8cf800f0 .functor AND 32, L_0x55ab8cf8ff10, L_0x7fe792ab7550, C4<11111111111111111111111111111111>, C4<11111111111111111111111111111111>;
L_0x7fe792ab75e0 .functor BUFT 1, C4<11111110000000000111000001111111>, C4<0>, C4<0>, C4<0>;
L_0x55ab8cf80360 .functor AND 32, L_0x55ab8cf8ff10, L_0x7fe792ab75e0, C4<11111111111111111111111111111111>, C4<11111111111111111111111111111111>;
L_0x55ab8cf80560 .functor OR 1, L_0x55ab8cf80220, L_0x55ab8cf80420, C4<0>, C4<0>;
L_0x7fe792ab7670 .functor BUFT 1, C4<11111110000000000111000001111111>, C4<0>, C4<0>, C4<0>;
L_0x55ab8cf801b0 .functor AND 32, L_0x55ab8cf8ff10, L_0x7fe792ab7670, C4<11111111111111111111111111111111>, C4<11111111111111111111111111111111>;
L_0x7fe792ab7700 .functor BUFT 1, C4<11111110000000000111000001111111>, C4<0>, C4<0>, C4<0>;
L_0x55ab8cf80830 .functor AND 32, L_0x55ab8cf8ff10, L_0x7fe792ab7700, C4<11111111111111111111111111111111>, C4<11111111111111111111111111111111>;
L_0x55ab8cf80b30 .functor OR 1, L_0x55ab8cf806f0, L_0x55ab8cf80980, C4<0>, C4<0>;
L_0x55ab8cf80c40 .functor AND 1, L_0x55ab8cf8d840, L_0x55ab8cf7ffe0, C4<1>, C4<1>;
L_0x55ab8cf80ac0 .functor AND 1, L_0x55ab8cf80e40, v0x55ab8cab9d80_0, C4<1>, C4<1>;
L_0x55ab8cf80d00 .functor BUFZ 32, v0x55ab8cc7b4a0_0, C4<00000000000000000000000000000000>, C4<00000000000000000000000000000000>, C4<00000000000000000000000000000000>;
v0x55ab8cd6a9b0_0 .net/2u *"_ivl_0", 31 0, L_0x7fe792ab70d0;  1 drivers
v0x55ab8cd6aa70_0 .net *"_ivl_10", 31 0, L_0x55ab8cf7ef10;  1 drivers
L_0x7fe792ab7748 .functor BUFT 1, C4<00000010000000000101000000110011>, C4<0>, C4<0>, C4<0>;
v0x55ab8cd65d80_0 .net/2u *"_ivl_100", 31 0, L_0x7fe792ab7748;  1 drivers
v0x55ab8cd65870_0 .net *"_ivl_102", 0 0, L_0x55ab8cf80980;  1 drivers
v0x55ab8cd65930_0 .net *"_ivl_109", 0 0, L_0x55ab8cf80da0;  1 drivers
v0x55ab8cd61b90_0 .net *"_ivl_111", 0 0, L_0x55ab8cf80e40;  1 drivers
L_0x7fe792ab71a8 .functor BUFT 1, C4<00000010000000000101000000110011>, C4<0>, C4<0>, C4<0>;
v0x55ab8cd61c30_0 .net/2u *"_ivl_12", 31 0, L_0x7fe792ab71a8;  1 drivers
v0x55ab8cd61680_0 .net/2u *"_ivl_16", 31 0, L_0x7fe792ab71f0;  1 drivers
v0x55ab8cd61170_0 .net *"_ivl_18", 31 0, L_0x55ab8cf7f110;  1 drivers
v0x55ab8cd60c60_0 .net *"_ivl_2", 31 0, L_0x55ab8cf7ed10;  1 drivers
L_0x7fe792ab7238 .functor BUFT 1, C4<00000010000000000110000000110011>, C4<0>, C4<0>, C4<0>;
v0x55ab8cd60750_0 .net/2u *"_ivl_20", 31 0, L_0x7fe792ab7238;  1 drivers
v0x55ab8cd60240_0 .net/2u *"_ivl_24", 31 0, L_0x7fe792ab7280;  1 drivers
v0x55ab8cd469b0_0 .net *"_ivl_26", 31 0, L_0x55ab8cf7f310;  1 drivers
L_0x7fe792ab72c8 .functor BUFT 1, C4<00000010000000000111000000110011>, C4<0>, C4<0>, C4<0>;
v0x55ab8cd41d80_0 .net/2u *"_ivl_28", 31 0, L_0x7fe792ab72c8;  1 drivers
v0x55ab8cd41870_0 .net/2u *"_ivl_32", 31 0, L_0x7fe792ab7310;  1 drivers
v0x55ab8cd3db90_0 .net *"_ivl_34", 31 0, L_0x55ab8cf7f510;  1 drivers
L_0x7fe792ab7358 .functor BUFT 1, C4<00000010000000000100000000110011>, C4<0>, C4<0>, C4<0>;
v0x55ab8cd3d680_0 .net/2u *"_ivl_36", 31 0, L_0x7fe792ab7358;  1 drivers
v0x55ab8cd3d170_0 .net *"_ivl_38", 0 0, L_0x55ab8cf7f5d0;  1 drivers
L_0x7fe792ab7118 .functor BUFT 1, C4<00000010000000000100000000110011>, C4<0>, C4<0>, C4<0>;
v0x55ab8cd3d230_0 .net/2u *"_ivl_4", 31 0, L_0x7fe792ab7118;  1 drivers
v0x55ab8cd3cc60_0 .net/2u *"_ivl_40", 31 0, L_0x7fe792ab73a0;  1 drivers
v0x55ab8cd3c750_0 .net *"_ivl_42", 31 0, L_0x55ab8cf7f710;  1 drivers
L_0x7fe792ab73e8 .functor BUFT 1, C4<00000010000000000101000000110011>, C4<0>, C4<0>, C4<0>;
v0x55ab8cd3c240_0 .net/2u *"_ivl_44", 31 0, L_0x7fe792ab73e8;  1 drivers
v0x55ab8cab8d50_0 .net *"_ivl_46", 0 0, L_0x55ab8cf7f7d0;  1 drivers
v0x55ab8cab8e10_0 .net *"_ivl_49", 0 0, L_0x55ab8cf7f910;  1 drivers
v0x55ab8cab86f0_0 .net/2u *"_ivl_50", 31 0, L_0x7fe792ab7430;  1 drivers
v0x55ab8ca20280_0 .net *"_ivl_52", 31 0, L_0x55ab8cf7fa20;  1 drivers
L_0x7fe792ab7478 .functor BUFT 1, C4<00000010000000000110000000110011>, C4<0>, C4<0>, C4<0>;
v0x55ab8cc75540_0 .net/2u *"_ivl_54", 31 0, L_0x7fe792ab7478;  1 drivers
v0x55ab8cc74e10_0 .net *"_ivl_56", 0 0, L_0x55ab8cf7fb30;  1 drivers
v0x55ab8cc74ed0_0 .net *"_ivl_59", 0 0, L_0x55ab8cf7fc70;  1 drivers
v0x55ab8cc74450_0 .net/2u *"_ivl_60", 31 0, L_0x7fe792ab74c0;  1 drivers
v0x55ab8cc74510_0 .net *"_ivl_62", 31 0, L_0x55ab8cf7fd80;  1 drivers
L_0x7fe792ab7508 .functor BUFT 1, C4<00000010000000000111000000110011>, C4<0>, C4<0>, C4<0>;
v0x55ab8cc73b80_0 .net/2u *"_ivl_64", 31 0, L_0x7fe792ab7508;  1 drivers
v0x55ab8cc73c40_0 .net *"_ivl_66", 0 0, L_0x55ab8cf7fea0;  1 drivers
v0x55ab8cc73290_0 .net/2u *"_ivl_70", 31 0, L_0x7fe792ab7550;  1 drivers
v0x55ab8cc70120_0 .net *"_ivl_72", 31 0, L_0x55ab8cf800f0;  1 drivers
L_0x7fe792ab7598 .functor BUFT 1, C4<00000010000000000100000000110011>, C4<0>, C4<0>, C4<0>;
v0x55ab8cc6fcd0_0 .net/2u *"_ivl_74", 31 0, L_0x7fe792ab7598;  1 drivers
v0x55ab8cc6cb20_0 .net *"_ivl_76", 0 0, L_0x55ab8cf80220;  1 drivers
v0x55ab8cc6cbe0_0 .net/2u *"_ivl_78", 31 0, L_0x7fe792ab75e0;  1 drivers
v0x55ab8cc6ab90_0 .net/2u *"_ivl_8", 31 0, L_0x7fe792ab7160;  1 drivers
v0x55ab8caccb60_0 .net *"_ivl_80", 31 0, L_0x55ab8cf80360;  1 drivers
L_0x7fe792ab7628 .functor BUFT 1, C4<00000010000000000110000000110011>, C4<0>, C4<0>, C4<0>;
v0x55ab8cacc780_0 .net/2u *"_ivl_82", 31 0, L_0x7fe792ab7628;  1 drivers
v0x55ab8cc68d80_0 .net *"_ivl_84", 0 0, L_0x55ab8cf80420;  1 drivers
v0x55ab8cc68e40_0 .net/2u *"_ivl_88", 31 0, L_0x7fe792ab7670;  1 drivers
v0x55ab8cb9b000_0 .net *"_ivl_90", 31 0, L_0x55ab8cf801b0;  1 drivers
L_0x7fe792ab76b8 .functor BUFT 1, C4<00000010000000000100000000110011>, C4<0>, C4<0>, C4<0>;
v0x55ab8cb9b0c0_0 .net/2u *"_ivl_92", 31 0, L_0x7fe792ab76b8;  1 drivers
v0x55ab8cacd220_0 .net *"_ivl_94", 0 0, L_0x55ab8cf806f0;  1 drivers
v0x55ab8cacd2c0_0 .net/2u *"_ivl_96", 31 0, L_0x7fe792ab7700;  1 drivers
v0x55ab8cacce60_0 .net *"_ivl_98", 31 0, L_0x55ab8cf80830;  1 drivers
v0x55ab8cab9ce0_0 .net "clk_i", 0 0, v0x55ab8cf10ee0_0;  alias, 1 drivers
v0x55ab8cab9d80_0 .var "div_busy_q", 0 0;
v0x55ab8cab9840_0 .net "div_complete_w", 0 0, L_0x55ab8cf80ac0;  1 drivers
v0x55ab8cab9900_0 .var "div_inst_q", 0 0;
v0x55ab8cab9410_0 .net "div_operation_w", 0 0, L_0x55ab8cf80b30;  1 drivers
v0x55ab8cab94b0_0 .net "div_rem_inst_w", 0 0, L_0x55ab8cf7ffe0;  1 drivers
v0x55ab8ce15520_0 .var "div_result_r", 31 0;
v0x55ab8ce07e60_0 .net "div_start_w", 0 0, L_0x55ab8cf80c40;  1 drivers
v0x55ab8ce07f20_0 .var "dividend_q", 31 0;
v0x55ab8cdfc8b0_0 .var "divisor_q", 62 0;
v0x55ab8cdfc970_0 .net "inst_div_w", 0 0, L_0x55ab8cf7edd0;  1 drivers
v0x55ab8ce01530_0 .net "inst_divu_w", 0 0, L_0x55ab8cf7efd0;  1 drivers
v0x55ab8ce015f0_0 .net "inst_rem_w", 0 0, L_0x55ab8cf7f1d0;  1 drivers
v0x55ab8ce074c0_0 .net "inst_remu_w", 0 0, L_0x55ab8cf7f3d0;  1 drivers
v0x55ab8ce07580_0 .var "invert_res_q", 0 0;
v0x55ab8ce04510_0 .var "last_a_q", 31 0;
v0x55ab8cde80c0_0 .var "last_b_q", 31 0;
v0x55ab8cddab50_0 .var "last_div_q", 0 0;
v0x55ab8cddac10_0 .var "last_divu_q", 0 0;
v0x55ab8cdd4300_0 .var "last_rem_q", 0 0;
v0x55ab8cdd43c0_0 .var "last_remu_q", 0 0;
v0x55ab8cdda290_0 .net "opcode_invalid_i", 0 0, L_0x7fe792ab7bc8;  alias, 1 drivers
v0x55ab8cdda350_0 .net "opcode_opcode_i", 31 0, L_0x55ab8cf8ff10;  alias, 1 drivers
v0x55ab8cdd72e0_0 .net "opcode_pc_i", 31 0, v0x55ab8cee4a60_0;  alias, 1 drivers
v0x55ab8cd28990_0 .net "opcode_ra_idx_i", 4 0, L_0x55ab8cf8eab0;  alias, 1 drivers
v0x55ab8cccf220_0 .net "opcode_ra_operand_i", 31 0, v0x55ab8cee1810_0;  alias, 1 drivers
v0x55ab8cd07670_0 .net "opcode_rb_idx_i", 4 0, L_0x55ab8cf8ebb0;  alias, 1 drivers
v0x55ab8cd07160_0 .net "opcode_rb_operand_i", 31 0, v0x55ab8cee1a50_0;  alias, 1 drivers
v0x55ab8ccddd10_0 .net "opcode_rd_idx_i", 4 0, L_0x55ab8cf8e9b0;  alias, 1 drivers
v0x55ab8ca49f90_0 .net "opcode_valid_i", 0 0, L_0x55ab8cf8d840;  alias, 1 drivers
v0x55ab8ca4a050_0 .var "q_mask_q", 31 0;
v0x55ab8ca493e0_0 .var "quotient_q", 31 0;
v0x55ab8ce29030_0 .net "rst_i", 0 0, v0x55ab8cf12130_0;  alias, 1 drivers
v0x55ab8ce28da0_0 .net "signed_operation_w", 0 0, L_0x55ab8cf80560;  1 drivers
v0x55ab8ce28e60_0 .var "valid_q", 0 0;
v0x55ab8cc7b4a0_0 .var "wb_result_q", 31 0;
v0x55ab8cdb4f10_0 .net "writeback_valid_o", 0 0, v0x55ab8ce28e60_0;  alias, 1 drivers
v0x55ab8cdb4fd0_0 .net "writeback_value_o", 31 0, L_0x55ab8cf80d00;  alias, 1 drivers
E_0x55ab8cd7f8a0 .event anyedge, v0x55ab8cab9900_0, v0x55ab8ce07580_0, v0x55ab8ca493e0_0, v0x55ab8ce07f20_0;
L_0x55ab8cf7edd0 .cmp/eq 32, L_0x55ab8cf7ed10, L_0x7fe792ab7118;
L_0x55ab8cf7efd0 .cmp/eq 32, L_0x55ab8cf7ef10, L_0x7fe792ab71a8;
L_0x55ab8cf7f1d0 .cmp/eq 32, L_0x55ab8cf7f110, L_0x7fe792ab7238;
L_0x55ab8cf7f3d0 .cmp/eq 32, L_0x55ab8cf7f310, L_0x7fe792ab72c8;
L_0x55ab8cf7f5d0 .cmp/eq 32, L_0x55ab8cf7f510, L_0x7fe792ab7358;
L_0x55ab8cf7f7d0 .cmp/eq 32, L_0x55ab8cf7f710, L_0x7fe792ab73e8;
L_0x55ab8cf7fb30 .cmp/eq 32, L_0x55ab8cf7fa20, L_0x7fe792ab7478;
L_0x55ab8cf7fea0 .cmp/eq 32, L_0x55ab8cf7fd80, L_0x7fe792ab7508;
L_0x55ab8cf80220 .cmp/eq 32, L_0x55ab8cf800f0, L_0x7fe792ab7598;
L_0x55ab8cf80420 .cmp/eq 32, L_0x55ab8cf80360, L_0x7fe792ab7628;
L_0x55ab8cf806f0 .cmp/eq 32, L_0x55ab8cf801b0, L_0x7fe792ab76b8;
L_0x55ab8cf80980 .cmp/eq 32, L_0x55ab8cf80830, L_0x7fe792ab7748;
L_0x55ab8cf80da0 .reduce/or v0x55ab8ca4a050_0;
L_0x55ab8cf80e40 .reduce/nor L_0x55ab8cf80da0;
S_0x55ab8cc7d820 .scope module, "u_exec0" "biriscv_exec" 5 690, 9 26 0, S_0x55ab8cc7ea90;
 .timescale 0 0;
    .port_info 0 /INPUT 1 "clk_i";
    .port_info 1 /INPUT 1 "rst_i";
    .port_info 2 /INPUT 1 "opcode_valid_i";
    .port_info 3 /INPUT 32 "opcode_opcode_i";
    .port_info 4 /INPUT 32 "opcode_pc_i";
    .port_info 5 /INPUT 1 "opcode_invalid_i";
    .port_info 6 /INPUT 5 "opcode_rd_idx_i";
    .port_info 7 /INPUT 5 "opcode_ra_idx_i";
    .port_info 8 /INPUT 5 "opcode_rb_idx_i";
    .port_info 9 /INPUT 32 "opcode_ra_operand_i";
    .port_info 10 /INPUT 32 "opcode_rb_operand_i";
    .port_info 11 /INPUT 1 "hold_i";
    .port_info 12 /OUTPUT 1 "branch_request_o";
    .port_info 13 /OUTPUT 1 "branch_is_taken_o";
    .port_info 14 /OUTPUT 1 "branch_is_not_taken_o";
    .port_info 15 /OUTPUT 32 "branch_source_o";
    .port_info 16 /OUTPUT 1 "branch_is_call_o";
    .port_info 17 /OUTPUT 1 "branch_is_ret_o";
    .port_info 18 /OUTPUT 1 "branch_is_jmp_o";
    .port_info 19 /OUTPUT 32 "branch_pc_o";
    .port_info 20 /OUTPUT 1 "branch_d_request_o";
    .port_info 21 /OUTPUT 32 "branch_d_pc_o";
    .port_info 22 /OUTPUT 2 "branch_d_priv_o";
    .port_info 23 /OUTPUT 32 "writeback_value_o";
L_0x55ab8cf94550 .functor BUFZ 32, v0x55ab8cd97470_0, C4<00000000000000000000000000000000>, C4<00000000000000000000000000000000>, C4<00000000000000000000000000000000>;
L_0x55ab8cf945c0 .functor OR 1, v0x55ab8cd99830_0, v0x55ab8cd9a2f0_0, C4<0>, C4<0>;
L_0x55ab8cf94630 .functor BUFZ 1, v0x55ab8cd99830_0, C4<0>, C4<0>, C4<0>;
L_0x55ab8cf946a0 .functor BUFZ 1, v0x55ab8cd9a2f0_0, C4<0>, C4<0>, C4<0>;
L_0x55ab8cf94cf0 .functor AND 1, v0x55ab8cd99f10_0, L_0x55ab8cf8d5b0, C4<1>, C4<1>;
L_0x55ab8cf94df0 .functor AND 1, L_0x55ab8cf94cf0, v0x55ab8cd99370_0, C4<1>, C4<1>;
v0x55ab8cd8d1c0_0 .net *"_ivl_19", 0 0, L_0x55ab8cf94cf0;  1 drivers
v0x55ab8cd8d2a0_0 .var "alu_func_r", 3 0;
v0x55ab8cd32fc0_0 .var "alu_input_a_r", 31 0;
v0x55ab8cd330b0_0 .var "alu_input_b_r", 31 0;
v0x55ab8cd82070_0 .net "alu_p_w", 31 0, L_0x55ab8cf92370;  1 drivers
v0x55ab8cd82160_0 .var "bimm_r", 31 0;
v0x55ab8cd93e30_0 .var "branch_call_q", 0 0;
v0x55ab8cd93ed0_0 .var "branch_call_r", 0 0;
v0x55ab8cd9b650_0 .net "branch_d_pc_o", 31 0, v0x55ab8cd99430_0;  alias, 1 drivers
v0x55ab8cd9b730_0 .net "branch_d_priv_o", 1 0, L_0x7fe792ab8090;  alias, 1 drivers
v0x55ab8cd93a50_0 .net "branch_d_request_o", 0 0, L_0x55ab8cf94df0;  alias, 1 drivers
v0x55ab8cd93b10_0 .net "branch_is_call_o", 0 0, v0x55ab8cd93e30_0;  alias, 1 drivers
v0x55ab8cd9b270_0 .net "branch_is_jmp_o", 0 0, v0x55ab8cd9aab0_0;  alias, 1 drivers
v0x55ab8cd9b330_0 .net "branch_is_not_taken_o", 0 0, L_0x55ab8cf946a0;  alias, 1 drivers
v0x55ab8cd9ae90_0 .net "branch_is_ret_o", 0 0, v0x55ab8cd99b30_0;  alias, 1 drivers
v0x55ab8cd9af50_0 .net "branch_is_taken_o", 0 0, L_0x55ab8cf94630;  alias, 1 drivers
v0x55ab8cd9aab0_0 .var "branch_jmp_q", 0 0;
v0x55ab8cd9ab50_0 .var "branch_jmp_r", 0 0;
v0x55ab8cd9a2f0_0 .var "branch_ntaken_q", 0 0;
v0x55ab8cd9a3b0_0 .net "branch_pc_o", 31 0, v0x55ab8cd978f0_0;  alias, 1 drivers
v0x55ab8cd99f10_0 .var "branch_r", 0 0;
v0x55ab8cd99fd0_0 .net "branch_request_o", 0 0, L_0x55ab8cf945c0;  alias, 1 drivers
v0x55ab8cd99b30_0 .var "branch_ret_q", 0 0;
v0x55ab8cd99bf0_0 .var "branch_ret_r", 0 0;
v0x55ab8cd99750_0 .net "branch_source_o", 31 0, v0x55ab8cd97850_0;  alias, 1 drivers
v0x55ab8cd99830_0 .var "branch_taken_q", 0 0;
v0x55ab8cd99370_0 .var "branch_taken_r", 0 0;
v0x55ab8cd99430_0 .var "branch_target_r", 31 0;
v0x55ab8cd98f90_0 .net "clk_i", 0 0, v0x55ab8cf10ee0_0;  alias, 1 drivers
v0x55ab8cd99030_0 .net "hold_i", 0 0, L_0x55ab8cf86870;  alias, 1 drivers
v0x55ab8cd93670_0 .var "imm12_r", 31 0;
v0x55ab8cd93750_0 .var "imm20_r", 31 0;
v0x55ab8cd98bb0_0 .var "jimm20_r", 31 0;
v0x55ab8cd98c90_0 .net "opcode_invalid_i", 0 0, L_0x7fe792ab7bc8;  alias, 1 drivers
v0x55ab8cd987d0_0 .net "opcode_opcode_i", 31 0, L_0x55ab8cf8ff10;  alias, 1 drivers
v0x55ab8cd98870_0 .net "opcode_pc_i", 31 0, v0x55ab8cee4a60_0;  alias, 1 drivers
v0x55ab8cd983f0_0 .net "opcode_ra_idx_i", 4 0, L_0x55ab8cf8eab0;  alias, 1 drivers
v0x55ab8cd98490_0 .net "opcode_ra_operand_i", 31 0, v0x55ab8cee1810_0;  alias, 1 drivers
v0x55ab8cd98010_0 .net "opcode_rb_idx_i", 4 0, L_0x55ab8cf8ebb0;  alias, 1 drivers
v0x55ab8cd980e0_0 .net "opcode_rb_operand_i", 31 0, v0x55ab8cee1a50_0;  alias, 1 drivers
v0x55ab8cd97c30_0 .net "opcode_rd_idx_i", 4 0, L_0x55ab8cf8e9b0;  alias, 1 drivers
v0x55ab8cd97d00_0 .net "opcode_valid_i", 0 0, L_0x55ab8cf8d5b0;  alias, 1 drivers
v0x55ab8cd97850_0 .var "pc_m_q", 31 0;
v0x55ab8cd978f0_0 .var "pc_x_q", 31 0;
v0x55ab8cd97470_0 .var "result_q", 31 0;
v0x55ab8cd97550_0 .net "rst_i", 0 0, v0x55ab8cf12130_0;  alias, 1 drivers
v0x55ab8cd97090_0 .var "shamt_r", 4 0;
v0x55ab8cd97170_0 .net "writeback_value_o", 31 0, L_0x55ab8cf94550;  alias, 1 drivers
E_0x55ab8cdd19a0/0 .event anyedge, v0x55ab8cdd72e0_0, v0x55ab8cd82160_0, v0x55ab8cdda350_0, v0x55ab8cd98bb0_0;
E_0x55ab8cdd19a0/1 .event anyedge, v0x55ab8ccddd10_0, v0x55ab8cccf220_0, v0x55ab8cd93670_0, v0x55ab8cd28990_0;
E_0x55ab8cdd19a0/2 .event anyedge, v0x55ab8cd99bf0_0, v0x55ab8cd93ed0_0, v0x55ab8cd07160_0;
E_0x55ab8cdd19a0 .event/or E_0x55ab8cdd19a0/0, E_0x55ab8cdd19a0/1, E_0x55ab8cdd19a0/2;
E_0x55ab8c836a60/0 .event anyedge, v0x55ab8cdda350_0, v0x55ab8cccf220_0, v0x55ab8cd07160_0, v0x55ab8cd93670_0;
E_0x55ab8c836a60/1 .event anyedge, v0x55ab8cd97090_0, v0x55ab8cd93750_0, v0x55ab8cdd72e0_0;
E_0x55ab8c836a60 .event/or E_0x55ab8c836a60/0, E_0x55ab8c836a60/1;
E_0x55ab8c837440 .event anyedge, v0x55ab8cdda350_0;
S_0x55ab8cc7d470 .scope function.vec4.s1, "greater_than_signed" "greater_than_signed" 9 276, 9 276 0, S_0x55ab8cc7d820;
 .timescale 0 0;
; Variable greater_than_signed is vec4 return value of scope S_0x55ab8cc7d470
v0x55ab8cdb49f0_0 .var "v", 31 0;
v0x55ab8cccc710_0 .var "x", 31 0;
v0x55ab8cccc7d0_0 .var "y", 31 0;
TD_tb_top.u_dut.u_exec0.greater_than_signed ;
    %load/vec4 v0x55ab8cccc7d0_0;
    %load/vec4 v0x55ab8cccc710_0;
    %sub;
    %store/vec4 v0x55ab8cdb49f0_0, 0, 32;
    %load/vec4 v0x55ab8cccc710_0;
    %parti/s 1, 31, 6;
    %load/vec4 v0x55ab8cccc7d0_0;
    %parti/s 1, 31, 6;
    %cmp/ne;
    %jmp/0xz  T_2.66, 4;
    %load/vec4 v0x55ab8cccc7d0_0;
    %parti/s 1, 31, 6;
    %ret/vec4 0, 0, 1;  Assign to greater_than_signed (store_vec4_to_lval)
    %jmp T_2.67;
T_2.66 ;
    %load/vec4 v0x55ab8cdb49f0_0;
    %parti/s 1, 31, 6;
    %ret/vec4 0, 0, 1;  Assign to greater_than_signed (store_vec4_to_lval)
T_2.67 ;
    %end;
S_0x55ab8ccb7d90 .scope function.vec4.s1, "less_than_signed" "less_than_signed" 9 258, 9 258 0, S_0x55ab8cc7d820;
 .timescale 0 0;
; Variable less_than_signed is vec4 return value of scope S_0x55ab8ccb7d90
v0x55ab8cd01be0_0 .var "v", 31 0;
v0x55ab8cd01660_0 .var "x", 31 0;
v0x55ab8cd01720_0 .var "y", 31 0;
TD_tb_top.u_dut.u_exec0.less_than_signed ;
    %load/vec4 v0x55ab8cd01660_0;
    %load/vec4 v0x55ab8cd01720_0;
    %sub;
    %store/vec4 v0x55ab8cd01be0_0, 0, 32;
    %load/vec4 v0x55ab8cd01660_0;
    %parti/s 1, 31, 6;
    %load/vec4 v0x55ab8cd01720_0;
    %parti/s 1, 31, 6;
    %cmp/ne;
    %jmp/0xz  T_3.68, 4;
    %load/vec4 v0x55ab8cd01660_0;
    %parti/s 1, 31, 6;
    %ret/vec4 0, 0, 1;  Assign to less_than_signed (store_vec4_to_lval)
    %jmp T_3.69;
T_3.68 ;
    %load/vec4 v0x55ab8cd01be0_0;
    %parti/s 1, 31, 6;
    %ret/vec4 0, 0, 1;  Assign to less_than_signed (store_vec4_to_lval)
T_3.69 ;
    %end;
S_0x55ab8ccacb50 .scope module, "u_alu" "biriscv_alu" 9 233, 10 25 0, S_0x55ab8cc7d820;
 .timescale 0 0;
    .port_info 0 /INPUT 4 "alu_op_i";
    .port_info 1 /INPUT 32 "alu_a_i";
    .port_info 2 /INPUT 32 "alu_b_i";
    .port_info 3 /OUTPUT 32 "alu_p_o";
L_0x55ab8cf92370 .functor BUFZ 32, v0x55ab8cdbd650_0, C4<00000000000000000000000000000000>, C4<00000000000000000000000000000000>, C4<00000000000000000000000000000000>;
v0x55ab8cd37190_0 .var "addsub_B", 31 0;
v0x55ab8cd37280_0 .var "addsub_Ci", 0 0;
v0x55ab8cd36640_0 .net "addsub_S", 31 0, L_0x55ab8cf942d0;  1 drivers
v0x55ab8cdbdd50_0 .net "alu_a_i", 31 0, v0x55ab8cd32fc0_0;  1 drivers
v0x55ab8cdbde20_0 .net "alu_b_i", 31 0, v0x55ab8cd330b0_0;  1 drivers
v0x55ab8cdbd9d0_0 .net "alu_op_i", 3 0, v0x55ab8cd8d2a0_0;  1 drivers
v0x55ab8cdbda90_0 .net "alu_p_o", 31 0, L_0x55ab8cf92370;  alias, 1 drivers
v0x55ab8cdbd650_0 .var "result_r", 31 0;
v0x55ab8cdbd730_0 .var "shift_left_1_r", 31 0;
v0x55ab8cdbd2d0_0 .var "shift_left_2_r", 31 0;
v0x55ab8cdbd3b0_0 .var "shift_left_4_r", 31 0;
v0x55ab8cdbcf50_0 .var "shift_left_8_r", 31 0;
v0x55ab8cdbd030_0 .var "shift_right_1_r", 31 0;
v0x55ab8cdbcbd0_0 .var "shift_right_2_r", 31 0;
v0x55ab8cdbccb0_0 .var "shift_right_4_r", 31 0;
v0x55ab8cdbc850_0 .var "shift_right_8_r", 31 0;
v0x55ab8cdbc930_0 .var "shift_right_fill_r", 31 16;
v0x55ab8cdb7380_0 .net "sub_res_w", 31 0, L_0x55ab8cf8d6c0;  1 drivers
v0x55ab8cdb7460_0 .net "unused0", 0 0, L_0x55ab8cf923e0;  1 drivers
v0x55ab8cdb6fd0_0 .net "unused1", 0 0, L_0x55ab8cf92980;  1 drivers
v0x55ab8cdb70c0_0 .net "unused2", 0 0, L_0x55ab8cf93150;  1 drivers
v0x55ab8cd8e6f0_0 .net "unused3", 0 0, L_0x55ab8cf93a10;  1 drivers
E_0x55ab8c83ac30 .event anyedge, v0x55ab8cdb7380_0, v0x55ab8cdbde20_0, v0x55ab8cd381f0_0, v0x55ab8cdbd9d0_0;
L_0x55ab8cf8d6c0 .arith/sub 32, v0x55ab8cd32fc0_0, v0x55ab8cd330b0_0;
S_0x55ab8ccac7a0 .scope module, "u_adder32" "biriscv_adder32" 10 70, 11 1 0, S_0x55ab8ccacb50;
 .timescale 0 0;
    .port_info 0 /INPUT 32 "A";
    .port_info 1 /INPUT 32 "B";
    .port_info 2 /INPUT 1 "Ci";
    .port_info 3 /INPUT 1 "Cprop";
    .port_info 4 /OUTPUT 32 "S";
    .port_info 5 /OUTPUT 1 "Co0";
    .port_info 6 /OUTPUT 1 "Co1";
    .port_info 7 /OUTPUT 1 "Co2";
    .port_info 8 /OUTPUT 1 "Co3";
L_0x55ab8cf99390 .functor BUFT 1, L_0x55ab8cf923e0, C4<0>, C4<0>, C4<0>;
L_0x55ab8cf99400 .functor BUFT 1, L_0x55ab8cf92980, C4<0>, C4<0>, C4<0>;
L_0x55ab8cf99500 .functor BUFT 1, L_0x55ab8cf93150, C4<0>, C4<0>, C4<0>;
v0x55ab8cd381f0_0 .net "A", 31 0, v0x55ab8cd32fc0_0;  alias, 1 drivers
v0x55ab8cd37e70_0 .net "B", 31 0, v0x55ab8cd37190_0;  1 drivers
v0x55ab8cd37f50_0 .net "Ci", 0 0, v0x55ab8cd37280_0;  1 drivers
v0x55ab8cd37af0_0 .net "Co0", 0 0, L_0x55ab8cf923e0;  alias, 1 drivers
v0x55ab8cd37bc0_0 .net "Co1", 0 0, L_0x55ab8cf92980;  alias, 1 drivers
v0x55ab8cd37770_0 .net "Co2", 0 0, L_0x55ab8cf93150;  alias, 1 drivers
v0x55ab8cd37810_0 .net "Co3", 0 0, L_0x55ab8cf93a10;  alias, 1 drivers
L_0x7fe792ab8048 .functor BUFT 1, C4<1>, C4<0>, C4<0>, C4<0>;
v0x55ab8cd37480_0 .net "Cprop", 0 0, L_0x7fe792ab8048;  1 drivers
v0x55ab8cd37520_0 .net "S", 31 0, L_0x55ab8cf942d0;  alias, 1 drivers
L_0x55ab8cf92840 .part v0x55ab8cd32fc0_0, 0, 8;
L_0x55ab8cf928e0 .part v0x55ab8cd37190_0, 0, 8;
L_0x55ab8cf92f70 .part v0x55ab8cd32fc0_0, 8, 8;
L_0x55ab8cf93060 .part v0x55ab8cd37190_0, 8, 8;
L_0x55ab8cf93830 .part v0x55ab8cd32fc0_0, 16, 8;
L_0x55ab8cf93920 .part v0x55ab8cd37190_0, 16, 8;
L_0x55ab8cf940a0 .part v0x55ab8cd32fc0_0, 24, 8;
L_0x55ab8cf94190 .part v0x55ab8cd37190_0, 24, 8;
L_0x55ab8cf942d0 .concat8 [ 8 8 8 8], L_0x55ab8cf92480, L_0x55ab8cf92a20, L_0x55ab8cf931f0, L_0x55ab8cf93ab0;
S_0x55ab8ccabfe0 .scope module, "u_adder8_0" "biriscv_adder8" 11 15, 12 1 0, S_0x55ab8ccac7a0;
 .timescale 0 0;
    .port_info 0 /INPUT 8 "A";
    .port_info 1 /INPUT 8 "B";
    .port_info 2 /INPUT 1 "Ci";
    .port_info 3 /OUTPUT 8 "S";
    .port_info 4 /OUTPUT 1 "Co";
v0x55ab8cd1a960_0 .net "A", 7 0, L_0x55ab8cf92840;  1 drivers
v0x55ab8cd75590_0 .net "B", 7 0, L_0x55ab8cf928e0;  1 drivers
v0x55ab8cc7a3c0_0 .net "Ci", 0 0, v0x55ab8cd37280_0;  alias, 1 drivers
v0x55ab8cc7a460_0 .net "Co", 0 0, L_0x55ab8cf923e0;  alias, 1 drivers
v0x55ab8cd16080_0 .net "S", 7 0, L_0x55ab8cf92480;  1 drivers
v0x55ab8ccb8cb0_0 .net *"_ivl_11", 8 0, L_0x55ab8cf92660;  1 drivers
v0x55ab8ccb9830_0 .net *"_ivl_13", 8 0, L_0x55ab8cf92700;  1 drivers
L_0x7fe792ab7d78 .functor BUFT 1, C4<00000000>, C4<0>, C4<0>, C4<0>;
v0x55ab8ccb9c60_0 .net *"_ivl_16", 7 0, L_0x7fe792ab7d78;  1 drivers
v0x55ab8cd5cb00_0 .net *"_ivl_17", 8 0, L_0x55ab8cf927a0;  1 drivers
L_0x7fe792ab7ce8 .functor BUFT 1, C4<0>, C4<0>, C4<0>, C4<0>;
v0x55ab8cdbe130_0 .net/2u *"_ivl_3", 0 0, L_0x7fe792ab7ce8;  1 drivers
v0x55ab8cd8e2f0_0 .net *"_ivl_5", 8 0, L_0x55ab8cf92520;  1 drivers
L_0x7fe792ab7d30 .functor BUFT 1, C4<0>, C4<0>, C4<0>, C4<0>;
v0x55ab8cd87520_0 .net/2u *"_ivl_7", 0 0, L_0x7fe792ab7d30;  1 drivers
v0x55ab8cd6a640_0 .net *"_ivl_9", 8 0, L_0x55ab8cf925c0;  1 drivers
L_0x55ab8cf923e0 .part L_0x55ab8cf927a0, 8, 1;
L_0x55ab8cf92480 .part L_0x55ab8cf927a0, 0, 8;
L_0x55ab8cf92520 .concat [ 8 1 0 0], L_0x55ab8cf92840, L_0x7fe792ab7ce8;
L_0x55ab8cf925c0 .concat [ 8 1 0 0], L_0x55ab8cf928e0, L_0x7fe792ab7d30;
L_0x55ab8cf92660 .arith/sum 9, L_0x55ab8cf92520, L_0x55ab8cf925c0;
L_0x55ab8cf92700 .concat [ 1 8 0 0], v0x55ab8cd37280_0, L_0x7fe792ab7d78;
L_0x55ab8cf927a0 .arith/sum 9, L_0x55ab8cf92660, L_0x55ab8cf92700;
S_0x55ab8ccaa890 .scope module, "u_adder8_1" "biriscv_adder8" 11 25, 12 1 0, S_0x55ab8ccac7a0;
 .timescale 0 0;
    .port_info 0 /INPUT 8 "A";
    .port_info 1 /INPUT 8 "B";
    .port_info 2 /INPUT 1 "Ci";
    .port_info 3 /OUTPUT 8 "S";
    .port_info 4 /OUTPUT 1 "Co";
v0x55ab8cd46640_0 .net "A", 7 0, L_0x55ab8cf92f70;  1 drivers
v0x55ab8caa6650_0 .net "B", 7 0, L_0x55ab8cf93060;  1 drivers
v0x55ab8ca98e50_0 .net "Ci", 0 0, L_0x55ab8cf99390;  1 drivers
v0x55ab8ca98ef0_0 .net "Co", 0 0, L_0x55ab8cf92980;  alias, 1 drivers
v0x55ab8cd2f2d0_0 .net "S", 7 0, L_0x55ab8cf92a20;  1 drivers
v0x55ab8cce32d0_0 .net *"_ivl_11", 8 0, L_0x55ab8cf92c00;  1 drivers
v0x55ab8ce33cc0_0 .net *"_ivl_13", 8 0, L_0x55ab8cf92d40;  1 drivers
L_0x7fe792ab7e50 .functor BUFT 1, C4<00000000>, C4<0>, C4<0>, C4<0>;
v0x55ab8ce33da0_0 .net *"_ivl_16", 7 0, L_0x7fe792ab7e50;  1 drivers
v0x55ab8caae9d0_0 .net *"_ivl_17", 8 0, L_0x55ab8cf92e30;  1 drivers
L_0x7fe792ab7dc0 .functor BUFT 1, C4<0>, C4<0>, C4<0>, C4<0>;
v0x55ab8caaeab0_0 .net/2u *"_ivl_3", 0 0, L_0x7fe792ab7dc0;  1 drivers
v0x55ab8cc9c270_0 .net *"_ivl_5", 8 0, L_0x55ab8cf92ac0;  1 drivers
L_0x7fe792ab7e08 .functor BUFT 1, C4<0>, C4<0>, C4<0>, C4<0>;
v0x55ab8cc9c350_0 .net/2u *"_ivl_7", 0 0, L_0x7fe792ab7e08;  1 drivers
v0x55ab8cc9b190_0 .net *"_ivl_9", 8 0, L_0x55ab8cf92b60;  1 drivers
L_0x55ab8cf92980 .part L_0x55ab8cf92e30, 8, 1;
L_0x55ab8cf92a20 .part L_0x55ab8cf92e30, 0, 8;
L_0x55ab8cf92ac0 .concat [ 8 1 0 0], L_0x55ab8cf92f70, L_0x7fe792ab7dc0;
L_0x55ab8cf92b60 .concat [ 8 1 0 0], L_0x55ab8cf93060, L_0x7fe792ab7e08;
L_0x55ab8cf92c00 .arith/sum 9, L_0x55ab8cf92ac0, L_0x55ab8cf92b60;
L_0x55ab8cf92d40 .concat [ 1 8 0 0], L_0x55ab8cf99390, L_0x7fe792ab7e50;
L_0x55ab8cf92e30 .arith/sum 9, L_0x55ab8cf92c00, L_0x55ab8cf92d40;
S_0x55ab8cc7dbd0 .scope module, "u_adder8_2" "biriscv_adder8" 11 35, 12 1 0, S_0x55ab8ccac7a0;
 .timescale 0 0;
    .port_info 0 /INPUT 8 "A";
    .port_info 1 /INPUT 8 "B";
    .port_info 2 /INPUT 1 "Ci";
    .port_info 3 /OUTPUT 8 "S";
    .port_info 4 /OUTPUT 1 "Co";
v0x55ab8cc9a0b0_0 .net "A", 7 0, L_0x55ab8cf93830;  1 drivers
v0x55ab8cc9a170_0 .net "B", 7 0, L_0x55ab8cf93920;  1 drivers
v0x55ab8cc99170_0 .net "Ci", 0 0, L_0x55ab8cf99400;  1 drivers
v0x55ab8cc99240_0 .net "Co", 0 0, L_0x55ab8cf93150;  alias, 1 drivers
v0x55ab8ccb0300_0 .net "S", 7 0, L_0x55ab8cf931f0;  1 drivers
v0x55ab8ccb1310_0 .net *"_ivl_11", 8 0, L_0x55ab8cf934c0;  1 drivers
v0x55ab8ccb13f0_0 .net *"_ivl_13", 8 0, L_0x55ab8cf93600;  1 drivers
L_0x7fe792ab7f28 .functor BUFT 1, C4<00000000>, C4<0>, C4<0>, C4<0>;
v0x55ab8cac01e0_0 .net *"_ivl_16", 7 0, L_0x7fe792ab7f28;  1 drivers
v0x55ab8cac02c0_0 .net *"_ivl_17", 8 0, L_0x55ab8cf936f0;  1 drivers
L_0x7fe792ab7e98 .functor BUFT 1, C4<0>, C4<0>, C4<0>, C4<0>;
v0x55ab8cd1ba70_0 .net/2u *"_ivl_3", 0 0, L_0x7fe792ab7e98;  1 drivers
v0x55ab8cd1bb50_0 .net *"_ivl_5", 8 0, L_0x55ab8cf932e0;  1 drivers
L_0x7fe792ab7ee0 .functor BUFT 1, C4<0>, C4<0>, C4<0>, C4<0>;
v0x55ab8cd1ecc0_0 .net/2u *"_ivl_7", 0 0, L_0x7fe792ab7ee0;  1 drivers
v0x55ab8cd1eda0_0 .net *"_ivl_9", 8 0, L_0x55ab8cf933d0;  1 drivers
L_0x55ab8cf93150 .part L_0x55ab8cf936f0, 8, 1;
L_0x55ab8cf931f0 .part L_0x55ab8cf936f0, 0, 8;
L_0x55ab8cf932e0 .concat [ 8 1 0 0], L_0x55ab8cf93830, L_0x7fe792ab7e98;
L_0x55ab8cf933d0 .concat [ 8 1 0 0], L_0x55ab8cf93920, L_0x7fe792ab7ee0;
L_0x55ab8cf934c0 .arith/sum 9, L_0x55ab8cf932e0, L_0x55ab8cf933d0;
L_0x55ab8cf93600 .concat [ 1 8 0 0], L_0x55ab8cf99400, L_0x7fe792ab7f28;
L_0x55ab8cf936f0 .arith/sum 9, L_0x55ab8cf934c0, L_0x55ab8cf93600;
S_0x55ab8cd388f0 .scope module, "u_adder8_3" "biriscv_adder8" 11 45, 12 1 0, S_0x55ab8ccac7a0;
 .timescale 0 0;
    .port_info 0 /INPUT 8 "A";
    .port_info 1 /INPUT 8 "B";
    .port_info 2 /INPUT 1 "Ci";
    .port_info 3 /OUTPUT 8 "S";
    .port_info 4 /OUTPUT 1 "Co";
v0x55ab8cd1dbe0_0 .net "A", 7 0, L_0x55ab8cf940a0;  1 drivers
v0x55ab8cd1dcc0_0 .net "B", 7 0, L_0x55ab8cf94190;  1 drivers
v0x55ab8cd1cb00_0 .net "Ci", 0 0, L_0x55ab8cf99500;  1 drivers
v0x55ab8cd1cbd0_0 .net "Co", 0 0, L_0x55ab8cf93a10;  alias, 1 drivers
v0x55ab8cccd7b0_0 .net "S", 7 0, L_0x55ab8cf93ab0;  1 drivers
v0x55ab8ca49d60_0 .net *"_ivl_11", 8 0, L_0x55ab8cf93d30;  1 drivers
v0x55ab8ca49e40_0 .net *"_ivl_13", 8 0, L_0x55ab8cf93e70;  1 drivers
L_0x7fe792ab8000 .functor BUFT 1, C4<00000000>, C4<0>, C4<0>, C4<0>;
v0x55ab8ca491b0_0 .net *"_ivl_16", 7 0, L_0x7fe792ab8000;  1 drivers
v0x55ab8ca49290_0 .net *"_ivl_17", 8 0, L_0x55ab8cf93f60;  1 drivers
L_0x7fe792ab7f70 .functor BUFT 1, C4<0>, C4<0>, C4<0>, C4<0>;
v0x55ab8cce2340_0 .net/2u *"_ivl_3", 0 0, L_0x7fe792ab7f70;  1 drivers
v0x55ab8cce2420_0 .net *"_ivl_5", 8 0, L_0x55ab8cf93b50;  1 drivers
L_0x7fe792ab7fb8 .functor BUFT 1, C4<0>, C4<0>, C4<0>, C4<0>;
v0x55ab8cd38570_0 .net/2u *"_ivl_7", 0 0, L_0x7fe792ab7fb8;  1 drivers
v0x55ab8cd38630_0 .net *"_ivl_9", 8 0, L_0x55ab8cf93c40;  1 drivers
L_0x55ab8cf93a10 .part L_0x55ab8cf93f60, 8, 1;
L_0x55ab8cf93ab0 .part L_0x55ab8cf93f60, 0, 8;
L_0x55ab8cf93b50 .concat [ 8 1 0 0], L_0x55ab8cf940a0, L_0x7fe792ab7f70;
L_0x55ab8cf93c40 .concat [ 8 1 0 0], L_0x55ab8cf94190, L_0x7fe792ab7fb8;
L_0x55ab8cf93d30 .arith/sum 9, L_0x55ab8cf93b50, L_0x55ab8cf93c40;
L_0x55ab8cf93e70 .concat [ 1 8 0 0], L_0x55ab8cf99500, L_0x7fe792ab8000;
L_0x55ab8cf93f60 .arith/sum 9, L_0x55ab8cf93d30, L_0x55ab8cf93e70;
S_0x55ab8cc7f1f0 .scope module, "u_exec1" "biriscv_exec" 5 723, 9 26 0, S_0x55ab8cc7ea90;
 .timescale 0 0;
    .port_info 0 /INPUT 1 "clk_i";
    .port_info 1 /INPUT 1 "rst_i";
    .port_info 2 /INPUT 1 "opcode_valid_i";
    .port_info 3 /INPUT 32 "opcode_opcode_i";
    .port_info 4 /INPUT 32 "opcode_pc_i";
    .port_info 5 /INPUT 1 "opcode_invalid_i";
    .port_info 6 /INPUT 5 "opcode_rd_idx_i";
    .port_info 7 /INPUT 5 "opcode_ra_idx_i";
    .port_info 8 /INPUT 5 "opcode_rb_idx_i";
    .port_info 9 /INPUT 32 "opcode_ra_operand_i";
    .port_info 10 /INPUT 32 "opcode_rb_operand_i";
    .port_info 11 /INPUT 1 "hold_i";
    .port_info 12 /OUTPUT 1 "branch_request_o";
    .port_info 13 /OUTPUT 1 "branch_is_taken_o";
    .port_info 14 /OUTPUT 1 "branch_is_not_taken_o";
    .port_info 15 /OUTPUT 32 "branch_source_o";
    .port_info 16 /OUTPUT 1 "branch_is_call_o";
    .port_info 17 /OUTPUT 1 "branch_is_ret_o";
    .port_info 18 /OUTPUT 1 "branch_is_jmp_o";
    .port_info 19 /OUTPUT 32 "branch_pc_o";
    .port_info 20 /OUTPUT 1 "branch_d_request_o";
    .port_info 21 /OUTPUT 32 "branch_d_pc_o";
    .port_info 22 /OUTPUT 2 "branch_d_priv_o";
    .port_info 23 /OUTPUT 32 "writeback_value_o";
L_0x55ab8cf97510 .functor BUFZ 32, v0x55ab8cdbf240_0, C4<00000000000000000000000000000000>, C4<00000000000000000000000000000000>, C4<00000000000000000000000000000000>;
L_0x55ab8cf97610 .functor OR 1, v0x55ab8cce16d0_0, v0x55ab8cd06830_0, C4<0>, C4<0>;
L_0x55ab8cf97680 .functor BUFZ 1, v0x55ab8cce16d0_0, C4<0>, C4<0>, C4<0>;
L_0x55ab8cf97780 .functor BUFZ 1, v0x55ab8cd06830_0, C4<0>, C4<0>, C4<0>;
L_0x55ab8cf97dd0 .functor AND 1, v0x55ab8cd02ca0_0, L_0x55ab8cf8dcf0, C4<1>, C4<1>;
L_0x55ab8cf97ed0 .functor AND 1, L_0x55ab8cf97dd0, v0x55ab8cce1210_0, C4<1>, C4<1>;
v0x55ab8cde5e70_0 .net *"_ivl_19", 0 0, L_0x55ab8cf97dd0;  1 drivers
v0x55ab8cde5f30_0 .var "alu_func_r", 3 0;
v0x55ab8cde5af0_0 .var "alu_input_a_r", 31 0;
v0x55ab8cde5be0_0 .var "alu_input_b_r", 31 0;
v0x55ab8cde7e50_0 .net "alu_p_w", 31 0, L_0x55ab8cf94fe0;  1 drivers
v0x55ab8cde7f40_0 .var "bimm_r", 31 0;
v0x55ab8cde71d0_0 .var "branch_call_q", 0 0;
v0x55ab8cde7290_0 .var "branch_call_r", 0 0;
v0x55ab8cde6df0_0 .net "branch_d_pc_o", 31 0, v0x55ab8cce12d0_0;  alias, 1 drivers
v0x55ab8cde6ed0_0 .net "branch_d_priv_o", 1 0, L_0x7fe792ab8480;  alias, 1 drivers
v0x55ab8cde6a10_0 .net "branch_d_request_o", 0 0, L_0x55ab8cf97ed0;  alias, 1 drivers
v0x55ab8cde6ab0_0 .net "branch_is_call_o", 0 0, v0x55ab8cde71d0_0;  alias, 1 drivers
v0x55ab8cde6630_0 .net "branch_is_jmp_o", 0 0, v0x55ab8cd29a50_0;  alias, 1 drivers
v0x55ab8cde66f0_0 .net "branch_is_not_taken_o", 0 0, L_0x55ab8cf97780;  alias, 1 drivers
v0x55ab8cd29e30_0 .net "branch_is_ret_o", 0 0, v0x55ab8cce3520_0;  alias, 1 drivers
v0x55ab8cd29ef0_0 .net "branch_is_taken_o", 0 0, L_0x55ab8cf97680;  alias, 1 drivers
v0x55ab8cd29a50_0 .var "branch_jmp_q", 0 0;
v0x55ab8cd29af0_0 .var "branch_jmp_r", 0 0;
v0x55ab8cd06830_0 .var "branch_ntaken_q", 0 0;
v0x55ab8cd068f0_0 .net "branch_pc_o", 31 0, v0x55ab8cdbf160_0;  alias, 1 drivers
v0x55ab8cd02ca0_0 .var "branch_r", 0 0;
v0x55ab8cd02d60_0 .net "branch_request_o", 0 0, L_0x55ab8cf97610;  alias, 1 drivers
v0x55ab8cce3520_0 .var "branch_ret_q", 0 0;
v0x55ab8cce35e0_0 .var "branch_ret_r", 0 0;
v0x55ab8cce15f0_0 .net "branch_source_o", 31 0, v0x55ab8ccbdf00_0;  alias, 1 drivers
v0x55ab8cce16d0_0 .var "branch_taken_q", 0 0;
v0x55ab8cce1210_0 .var "branch_taken_r", 0 0;
v0x55ab8cce12d0_0 .var "branch_target_r", 31 0;
v0x55ab8cce0ec0_0 .net "clk_i", 0 0, v0x55ab8cf10ee0_0;  alias, 1 drivers
v0x55ab8cce0f60_0 .net "hold_i", 0 0, L_0x55ab8cf8abc0;  alias, 1 drivers
v0x55ab8cce0b70_0 .var "imm12_r", 31 0;
v0x55ab8cce0c50_0 .var "imm20_r", 31 0;
v0x55ab8ccdea50_0 .var "jimm20_r", 31 0;
v0x55ab8c6b80b0_0 .net "opcode_invalid_i", 0 0, L_0x7fe792ab7c10;  alias, 1 drivers
v0x55ab8c6b8170_0 .net "opcode_opcode_i", 31 0, L_0x55ab8cf90120;  alias, 1 drivers
v0x55ab8c6b8250_0 .net "opcode_pc_i", 31 0, v0x55ab8cee4ec0_0;  alias, 1 drivers
v0x55ab8ccdeaf0_0 .net "opcode_ra_idx_i", 4 0, L_0x55ab8cf904a0;  alias, 1 drivers
v0x55ab8cd5c7a0_0 .net "opcode_ra_operand_i", 31 0, v0x55ab8cee2430_0;  alias, 1 drivers
v0x55ab8cd5c880_0 .net "opcode_rb_idx_i", 4 0, L_0x55ab8cf90510;  alias, 1 drivers
v0x55ab8ccbd7b0_0 .net "opcode_rb_operand_i", 31 0, v0x55ab8cee2690_0;  alias, 1 drivers
v0x55ab8ccbd890_0 .net "opcode_rd_idx_i", 4 0, L_0x55ab8cf90850;  alias, 1 drivers
v0x55ab8ccbde40_0 .net "opcode_valid_i", 0 0, L_0x55ab8cf8dcf0;  alias, 1 drivers
v0x55ab8ccbdf00_0 .var "pc_m_q", 31 0;
v0x55ab8cdbf160_0 .var "pc_x_q", 31 0;
v0x55ab8cdbf240_0 .var "result_q", 31 0;
v0x55ab8cdbf7e0_0 .net "rst_i", 0 0, v0x55ab8cf12130_0;  alias, 1 drivers
v0x55ab8cdbf880_0 .var "shamt_r", 4 0;
v0x55ab8cc75f80_0 .net "writeback_value_o", 31 0, L_0x55ab8cf97510;  alias, 1 drivers
E_0x55ab8c7cb460/0 .event anyedge, v0x55ab8c6b8250_0, v0x55ab8cde7f40_0, v0x55ab8c6b8170_0, v0x55ab8ccdea50_0;
E_0x55ab8c7cb460/1 .event anyedge, v0x55ab8ccbd890_0, v0x55ab8cd5c7a0_0, v0x55ab8cce0b70_0, v0x55ab8ccdeaf0_0;
E_0x55ab8c7cb460/2 .event anyedge, v0x55ab8cce35e0_0, v0x55ab8cde7290_0, v0x55ab8ccbd7b0_0;
E_0x55ab8c7cb460 .event/or E_0x55ab8c7cb460/0, E_0x55ab8c7cb460/1, E_0x55ab8c7cb460/2;
E_0x55ab8c692fd0/0 .event anyedge, v0x55ab8c6b8170_0, v0x55ab8cd5c7a0_0, v0x55ab8ccbd7b0_0, v0x55ab8cce0b70_0;
E_0x55ab8c692fd0/1 .event anyedge, v0x55ab8cdbf880_0, v0x55ab8cce0c50_0, v0x55ab8c6b8250_0;
E_0x55ab8c692fd0 .event/or E_0x55ab8c692fd0/0, E_0x55ab8c692fd0/1;
E_0x55ab8c693050 .event anyedge, v0x55ab8c6b8170_0;
S_0x55ab8cc7df80 .scope function.vec4.s1, "greater_than_signed" "greater_than_signed" 9 276, 9 276 0, S_0x55ab8cc7f1f0;
 .timescale 0 0;
; Variable greater_than_signed is vec4 return value of scope S_0x55ab8cc7df80
v0x55ab8cd96cb0_0 .var "v", 31 0;
v0x55ab8cd96d70_0 .var "x", 31 0;
v0x55ab8cd968d0_0 .var "y", 31 0;
TD_tb_top.u_dut.u_exec1.greater_than_signed ;
    %load/vec4 v0x55ab8cd968d0_0;
    %load/vec4 v0x55ab8cd96d70_0;
    %sub;
    %store/vec4 v0x55ab8cd96cb0_0, 0, 32;
    %load/vec4 v0x55ab8cd96d70_0;
    %parti/s 1, 31, 6;
    %load/vec4 v0x55ab8cd968d0_0;
    %parti/s 1, 31, 6;
    %cmp/ne;
    %jmp/0xz  T_4.70, 4;
    %load/vec4 v0x55ab8cd968d0_0;
    %parti/s 1, 31, 6;
    %ret/vec4 0, 0, 1;  Assign to greater_than_signed (store_vec4_to_lval)
    %jmp T_4.71;
T_4.70 ;
    %load/vec4 v0x55ab8cd96cb0_0;
    %parti/s 1, 31, 6;
    %ret/vec4 0, 0, 1;  Assign to greater_than_signed (store_vec4_to_lval)
T_4.71 ;
    %end;
S_0x55ab8cc7d0c0 .scope function.vec4.s1, "less_than_signed" "less_than_signed" 9 258, 9 258 0, S_0x55ab8cc7f1f0;
 .timescale 0 0;
; Variable less_than_signed is vec4 return value of scope S_0x55ab8cc7d0c0
v0x55ab8cd93370_0 .var "v", 31 0;
v0x55ab8cd964f0_0 .var "x", 31 0;
v0x55ab8cd965e0_0 .var "y", 31 0;
TD_tb_top.u_dut.u_exec1.less_than_signed ;
    %load/vec4 v0x55ab8cd964f0_0;
    %load/vec4 v0x55ab8cd965e0_0;
    %sub;
    %store/vec4 v0x55ab8cd93370_0, 0, 32;
    %load/vec4 v0x55ab8cd964f0_0;
    %parti/s 1, 31, 6;
    %load/vec4 v0x55ab8cd965e0_0;
    %parti/s 1, 31, 6;
    %cmp/ne;
    %jmp/0xz  T_5.72, 4;
    %load/vec4 v0x55ab8cd964f0_0;
    %parti/s 1, 31, 6;
    %ret/vec4 0, 0, 1;  Assign to less_than_signed (store_vec4_to_lval)
    %jmp T_5.73;
T_5.72 ;
    %load/vec4 v0x55ab8cd93370_0;
    %parti/s 1, 31, 6;
    %ret/vec4 0, 0, 1;  Assign to less_than_signed (store_vec4_to_lval)
T_5.73 ;
    %end;
S_0x55ab8cc7cd10 .scope module, "u_alu" "biriscv_alu" 9 233, 10 25 0, S_0x55ab8cc7f1f0;
 .timescale 0 0;
    .port_info 0 /INPUT 4 "alu_op_i";
    .port_info 1 /INPUT 32 "alu_a_i";
    .port_info 2 /INPUT 32 "alu_b_i";
    .port_info 3 /OUTPUT 32 "alu_p_o";
L_0x55ab8cf94fe0 .functor BUFZ 32, v0x55ab8ce132d0_0, C4<00000000000000000000000000000000>, C4<00000000000000000000000000000000>, C4<00000000000000000000000000000000>;
v0x55ab8cac4240_0 .var "addsub_B", 31 0;
v0x55ab8cbe8060_0 .var "addsub_Ci", 0 0;
v0x55ab8cbe8100_0 .net "addsub_S", 31 0, L_0x55ab8cf97290;  1 drivers
v0x55ab8cb1a2e0_0 .net "alu_a_i", 31 0, v0x55ab8cde5af0_0;  1 drivers
v0x55ab8cb1a3b0_0 .net "alu_b_i", 31 0, v0x55ab8cde5be0_0;  1 drivers
v0x55ab8ce136b0_0 .net "alu_op_i", 3 0, v0x55ab8cde5f30_0;  1 drivers
v0x55ab8ce13750_0 .net "alu_p_o", 31 0, L_0x55ab8cf94fe0;  alias, 1 drivers
v0x55ab8ce132d0_0 .var "result_r", 31 0;
v0x55ab8ce133b0_0 .var "shift_left_1_r", 31 0;
v0x55ab8ce12f50_0 .var "shift_left_2_r", 31 0;
v0x55ab8ce13030_0 .var "shift_left_4_r", 31 0;
v0x55ab8ce152b0_0 .var "shift_left_8_r", 31 0;
v0x55ab8ce15390_0 .var "shift_right_1_r", 31 0;
v0x55ab8ce14630_0 .var "shift_right_2_r", 31 0;
v0x55ab8ce14710_0 .var "shift_right_4_r", 31 0;
v0x55ab8ce14250_0 .var "shift_right_8_r", 31 0;
v0x55ab8ce14330_0 .var "shift_right_fill_r", 31 16;
v0x55ab8ce13e70_0 .net "sub_res_w", 31 0, L_0x55ab8cf94f40;  1 drivers
v0x55ab8ce13f50_0 .net "unused0", 0 0, L_0x55ab8cf95050;  1 drivers
v0x55ab8ce13a90_0 .net "unused1", 0 0, L_0x55ab8cf957c0;  1 drivers
v0x55ab8ce13b30_0 .net "unused2", 0 0, L_0x55ab8cf96080;  1 drivers
v0x55ab8cde6250_0 .net "unused3", 0 0, L_0x55ab8cf969d0;  1 drivers
E_0x55ab8c7ca260 .event anyedge, v0x55ab8ce13e70_0, v0x55ab8cb1a3b0_0, v0x55ab8cd4ae70_0, v0x55ab8ce136b0_0;
L_0x55ab8cf94f40 .arith/sub 32, v0x55ab8cde5af0_0, v0x55ab8cde5be0_0;
S_0x55ab8cc7c5c0 .scope module, "u_adder32" "biriscv_adder32" 10 70, 11 1 0, S_0x55ab8cc7cd10;
 .timescale 0 0;
    .port_info 0 /INPUT 32 "A";
    .port_info 1 /INPUT 32 "B";
    .port_info 2 /INPUT 1 "Ci";
    .port_info 3 /INPUT 1 "Cprop";
    .port_info 4 /OUTPUT 32 "S";
    .port_info 5 /OUTPUT 1 "Co0";
    .port_info 6 /OUTPUT 1 "Co1";
    .port_info 7 /OUTPUT 1 "Co2";
    .port_info 8 /OUTPUT 1 "Co3";
L_0x55ab8cf99600 .functor BUFT 1, L_0x55ab8cf95050, C4<0>, C4<0>, C4<0>;
L_0x55ab8cf99700 .functor BUFT 1, L_0x55ab8cf957c0, C4<0>, C4<0>, C4<0>;
L_0x55ab8cf99800 .functor BUFT 1, L_0x55ab8cf96080, C4<0>, C4<0>, C4<0>;
v0x55ab8cd4ae70_0 .net "A", 31 0, v0x55ab8cde5af0_0;  alias, 1 drivers
v0x55ab8cd4af50_0 .net "B", 31 0, v0x55ab8cac4240_0;  1 drivers
v0x55ab8cc752a0_0 .net "Ci", 0 0, v0x55ab8cbe8060_0;  1 drivers
v0x55ab8cc75370_0 .net "Co0", 0 0, L_0x55ab8cf95050;  alias, 1 drivers
v0x55ab8cc6f9e0_0 .net "Co1", 0 0, L_0x55ab8cf957c0;  alias, 1 drivers
v0x55ab8cc6fa80_0 .net "Co2", 0 0, L_0x55ab8cf96080;  alias, 1 drivers
v0x55ab8cc6cfd0_0 .net "Co3", 0 0, L_0x55ab8cf969d0;  alias, 1 drivers
L_0x7fe792ab8438 .functor BUFT 1, C4<1>, C4<0>, C4<0>, C4<0>;
v0x55ab8cc6d070_0 .net "Cprop", 0 0, L_0x7fe792ab8438;  1 drivers
v0x55ab8cac5090_0 .net "S", 31 0, L_0x55ab8cf97290;  alias, 1 drivers
L_0x55ab8cf95550 .part v0x55ab8cde5af0_0, 0, 8;
L_0x55ab8cf956d0 .part v0x55ab8cac4240_0, 0, 8;
L_0x55ab8cf95ea0 .part v0x55ab8cde5af0_0, 8, 8;
L_0x55ab8cf95f90 .part v0x55ab8cac4240_0, 8, 8;
L_0x55ab8cf96760 .part v0x55ab8cde5af0_0, 16, 8;
L_0x55ab8cf96850 .part v0x55ab8cac4240_0, 16, 8;
L_0x55ab8cf97060 .part v0x55ab8cde5af0_0, 24, 8;
L_0x55ab8cf97150 .part v0x55ab8cac4240_0, 24, 8;
L_0x55ab8cf97290 .concat8 [ 8 8 8 8], L_0x55ab8cf950f0, L_0x55ab8cf95860, L_0x55ab8cf96120, L_0x55ab8cf96a70;
S_0x55ab8cc7c210 .scope module, "u_adder8_0" "biriscv_adder8" 11 15, 12 1 0, S_0x55ab8cc7c5c0;
 .timescale 0 0;
    .port_info 0 /INPUT 8 "A";
    .port_info 1 /INPUT 8 "B";
    .port_info 2 /INPUT 1 "Ci";
    .port_info 3 /OUTPUT 8 "S";
    .port_info 4 /OUTPUT 1 "Co";
v0x55ab8cd96110_0 .net "A", 7 0, L_0x55ab8cf95550;  1 drivers
v0x55ab8cd95d30_0 .net "B", 7 0, L_0x55ab8cf956d0;  1 drivers
v0x55ab8cd95e10_0 .net "Ci", 0 0, v0x55ab8cbe8060_0;  alias, 1 drivers
v0x55ab8cd95950_0 .net "Co", 0 0, L_0x55ab8cf95050;  alias, 1 drivers
v0x55ab8cd95a10_0 .net "S", 7 0, L_0x55ab8cf950f0;  1 drivers
v0x55ab8cd95570_0 .net *"_ivl_11", 8 0, L_0x55ab8cf952d0;  1 drivers
v0x55ab8cd95650_0 .net *"_ivl_13", 8 0, L_0x55ab8cf95370;  1 drivers
L_0x7fe792ab8168 .functor BUFT 1, C4<00000000>, C4<0>, C4<0>, C4<0>;
v0x55ab8cd95190_0 .net *"_ivl_16", 7 0, L_0x7fe792ab8168;  1 drivers
v0x55ab8cd95250_0 .net *"_ivl_17", 8 0, L_0x55ab8cf95410;  1 drivers
L_0x7fe792ab80d8 .functor BUFT 1, C4<0>, C4<0>, C4<0>, C4<0>;
v0x55ab8cd94db0_0 .net/2u *"_ivl_3", 0 0, L_0x7fe792ab80d8;  1 drivers
v0x55ab8cd94e90_0 .net *"_ivl_5", 8 0, L_0x55ab8cf95190;  1 drivers
L_0x7fe792ab8120 .functor BUFT 1, C4<0>, C4<0>, C4<0>, C4<0>;
v0x55ab8cd949d0_0 .net/2u *"_ivl_7", 0 0, L_0x7fe792ab8120;  1 drivers
v0x55ab8cd94a90_0 .net *"_ivl_9", 8 0, L_0x55ab8cf95230;  1 drivers
L_0x55ab8cf95050 .part L_0x55ab8cf95410, 8, 1;
L_0x55ab8cf950f0 .part L_0x55ab8cf95410, 0, 8;
L_0x55ab8cf95190 .concat [ 8 1 0 0], L_0x55ab8cf95550, L_0x7fe792ab80d8;
L_0x55ab8cf95230 .concat [ 8 1 0 0], L_0x55ab8cf956d0, L_0x7fe792ab8120;
L_0x55ab8cf952d0 .arith/sum 9, L_0x55ab8cf95190, L_0x55ab8cf95230;
L_0x55ab8cf95370 .concat [ 1 8 0 0], v0x55ab8cbe8060_0, L_0x7fe792ab8168;
L_0x55ab8cf95410 .arith/sum 9, L_0x55ab8cf952d0, L_0x55ab8cf95370;
S_0x55ab8cd945f0 .scope module, "u_adder8_1" "biriscv_adder8" 11 25, 12 1 0, S_0x55ab8cc7c5c0;
 .timescale 0 0;
    .port_info 0 /INPUT 8 "A";
    .port_info 1 /INPUT 8 "B";
    .port_info 2 /INPUT 1 "Ci";
    .port_info 3 /OUTPUT 8 "S";
    .port_info 4 /OUTPUT 1 "Co";
v0x55ab8cd70e00_0 .net "A", 7 0, L_0x55ab8cf95ea0;  1 drivers
v0x55ab8cd70ee0_0 .net "B", 7 0, L_0x55ab8cf95f90;  1 drivers
v0x55ab8cd704c0_0 .net "Ci", 0 0, L_0x55ab8cf99600;  1 drivers
v0x55ab8cd70560_0 .net "Co", 0 0, L_0x55ab8cf957c0;  alias, 1 drivers
v0x55ab8cd700e0_0 .net "S", 7 0, L_0x55ab8cf95860;  1 drivers
v0x55ab8cd6fd00_0 .net *"_ivl_11", 8 0, L_0x55ab8cf95b30;  1 drivers
v0x55ab8cd6fde0_0 .net *"_ivl_13", 8 0, L_0x55ab8cf95c70;  1 drivers
L_0x7fe792ab8240 .functor BUFT 1, C4<00000000>, C4<0>, C4<0>, C4<0>;
v0x55ab8cd6f920_0 .net *"_ivl_16", 7 0, L_0x7fe792ab8240;  1 drivers
v0x55ab8cd6f9e0_0 .net *"_ivl_17", 8 0, L_0x55ab8cf95d60;  1 drivers
L_0x7fe792ab81b0 .functor BUFT 1, C4<0>, C4<0>, C4<0>, C4<0>;
v0x55ab8cd6f540_0 .net/2u *"_ivl_3", 0 0, L_0x7fe792ab81b0;  1 drivers
v0x55ab8cd6f620_0 .net *"_ivl_5", 8 0, L_0x55ab8cf95950;  1 drivers
L_0x7fe792ab81f8 .functor BUFT 1, C4<0>, C4<0>, C4<0>, C4<0>;
v0x55ab8cd6f1c0_0 .net/2u *"_ivl_7", 0 0, L_0x7fe792ab81f8;  1 drivers
v0x55ab8cd6f2a0_0 .net *"_ivl_9", 8 0, L_0x55ab8cf95a40;  1 drivers
L_0x55ab8cf957c0 .part L_0x55ab8cf95d60, 8, 1;
L_0x55ab8cf95860 .part L_0x55ab8cf95d60, 0, 8;
L_0x55ab8cf95950 .concat [ 8 1 0 0], L_0x55ab8cf95ea0, L_0x7fe792ab81b0;
L_0x55ab8cf95a40 .concat [ 8 1 0 0], L_0x55ab8cf95f90, L_0x7fe792ab81f8;
L_0x55ab8cf95b30 .arith/sum 9, L_0x55ab8cf95950, L_0x55ab8cf95a40;
L_0x55ab8cf95c70 .concat [ 1 8 0 0], L_0x55ab8cf99600, L_0x7fe792ab8240;
L_0x55ab8cf95d60 .arith/sum 9, L_0x55ab8cf95b30, L_0x55ab8cf95c70;
S_0x55ab8cd63170 .scope module, "u_adder8_2" "biriscv_adder8" 11 35, 12 1 0, S_0x55ab8cc7c5c0;
 .timescale 0 0;
    .port_info 0 /INPUT 8 "A";
    .port_info 1 /INPUT 8 "B";
    .port_info 2 /INPUT 1 "Ci";
    .port_info 3 /OUTPUT 8 "S";
    .port_info 4 /OUTPUT 1 "Co";
v0x55ab8cd6ee70_0 .net "A", 7 0, L_0x55ab8cf96760;  1 drivers
v0x55ab8cd6ef30_0 .net "B", 7 0, L_0x55ab8cf96850;  1 drivers
v0x55ab8cd3bcd0_0 .net "Ci", 0 0, L_0x55ab8cf99700;  1 drivers
v0x55ab8cd3bd90_0 .net "Co", 0 0, L_0x55ab8cf96080;  alias, 1 drivers
v0x55ab8cd43e70_0 .net "S", 7 0, L_0x55ab8cf96120;  1 drivers
v0x55ab8cd3fc20_0 .net *"_ivl_11", 8 0, L_0x55ab8cf963f0;  1 drivers
v0x55ab8cd3fd00_0 .net *"_ivl_13", 8 0, L_0x55ab8cf96530;  1 drivers
L_0x7fe792ab8318 .functor BUFT 1, C4<00000000>, C4<0>, C4<0>, C4<0>;
v0x55ab8cd3f840_0 .net *"_ivl_16", 7 0, L_0x7fe792ab8318;  1 drivers
v0x55ab8cd3f900_0 .net *"_ivl_17", 8 0, L_0x55ab8cf96620;  1 drivers
L_0x7fe792ab8288 .functor BUFT 1, C4<0>, C4<0>, C4<0>, C4<0>;
v0x55ab8cd3f460_0 .net/2u *"_ivl_3", 0 0, L_0x7fe792ab8288;  1 drivers
v0x55ab8cd3f540_0 .net *"_ivl_5", 8 0, L_0x55ab8cf96210;  1 drivers
L_0x7fe792ab82d0 .functor BUFT 1, C4<0>, C4<0>, C4<0>, C4<0>;
v0x55ab8cd3f170_0 .net/2u *"_ivl_7", 0 0, L_0x7fe792ab82d0;  1 drivers
v0x55ab8cd3f230_0 .net *"_ivl_9", 8 0, L_0x55ab8cf96300;  1 drivers
L_0x55ab8cf96080 .part L_0x55ab8cf96620, 8, 1;
L_0x55ab8cf96120 .part L_0x55ab8cf96620, 0, 8;
L_0x55ab8cf96210 .concat [ 8 1 0 0], L_0x55ab8cf96760, L_0x7fe792ab8288;
L_0x55ab8cf96300 .concat [ 8 1 0 0], L_0x55ab8cf96850, L_0x7fe792ab82d0;
L_0x55ab8cf963f0 .arith/sum 9, L_0x55ab8cf96210, L_0x55ab8cf96300;
L_0x55ab8cf96530 .concat [ 1 8 0 0], L_0x55ab8cf99700, L_0x7fe792ab8318;
L_0x55ab8cf96620 .arith/sum 9, L_0x55ab8cf963f0, L_0x55ab8cf96530;
S_0x55ab8cd63460 .scope module, "u_adder8_3" "biriscv_adder8" 11 45, 12 1 0, S_0x55ab8cc7c5c0;
 .timescale 0 0;
    .port_info 0 /INPUT 8 "A";
    .port_info 1 /INPUT 8 "B";
    .port_info 2 /INPUT 1 "Ci";
    .port_info 3 /OUTPUT 8 "S";
    .port_info 4 /OUTPUT 1 "Co";
v0x55ab8cd4ce00_0 .net "A", 7 0, L_0x55ab8cf97060;  1 drivers
v0x55ab8cd4c4c0_0 .net "B", 7 0, L_0x55ab8cf97150;  1 drivers
v0x55ab8cd4c5a0_0 .net "Ci", 0 0, L_0x55ab8cf99800;  1 drivers
v0x55ab8cd4c0e0_0 .net "Co", 0 0, L_0x55ab8cf969d0;  alias, 1 drivers
v0x55ab8cd4c1a0_0 .net "S", 7 0, L_0x55ab8cf96a70;  1 drivers
v0x55ab8cd4bd00_0 .net *"_ivl_11", 8 0, L_0x55ab8cf96cf0;  1 drivers
v0x55ab8cd4bde0_0 .net *"_ivl_13", 8 0, L_0x55ab8cf96e30;  1 drivers
L_0x7fe792ab83f0 .functor BUFT 1, C4<00000000>, C4<0>, C4<0>, C4<0>;
v0x55ab8cd4b920_0 .net *"_ivl_16", 7 0, L_0x7fe792ab83f0;  1 drivers
v0x55ab8cd4ba00_0 .net *"_ivl_17", 8 0, L_0x55ab8cf96f20;  1 drivers
L_0x7fe792ab8360 .functor BUFT 1, C4<0>, C4<0>, C4<0>, C4<0>;
v0x55ab8cd4b540_0 .net/2u *"_ivl_3", 0 0, L_0x7fe792ab8360;  1 drivers
v0x55ab8cd4b620_0 .net *"_ivl_5", 8 0, L_0x55ab8cf96b10;  1 drivers
L_0x7fe792ab83a8 .functor BUFT 1, C4<0>, C4<0>, C4<0>, C4<0>;
v0x55ab8cd4b1c0_0 .net/2u *"_ivl_7", 0 0, L_0x7fe792ab83a8;  1 drivers
v0x55ab8cd4b2a0_0 .net *"_ivl_9", 8 0, L_0x55ab8cf96c00;  1 drivers
L_0x55ab8cf969d0 .part L_0x55ab8cf96f20, 8, 1;
L_0x55ab8cf96a70 .part L_0x55ab8cf96f20, 0, 8;
L_0x55ab8cf96b10 .concat [ 8 1 0 0], L_0x55ab8cf97060, L_0x7fe792ab8360;
L_0x55ab8cf96c00 .concat [ 8 1 0 0], L_0x55ab8cf97150, L_0x7fe792ab83a8;
L_0x55ab8cf96cf0 .arith/sum 9, L_0x55ab8cf96b10, L_0x55ab8cf96c00;
L_0x55ab8cf96e30 .concat [ 1 8 0 0], L_0x55ab8cf99800, L_0x7fe792ab83f0;
L_0x55ab8cf96f20 .arith/sum 9, L_0x55ab8cf96cf0, L_0x55ab8cf96e30;
S_0x55ab8cd63840 .scope module, "u_frontend" "biriscv_frontend" 5 272, 13 26 0, S_0x55ab8cc7ea90;
 .timescale 0 0;
    .port_info 0 /INPUT 1 "clk_i";
    .port_info 1 /INPUT 1 "rst_i";
    .port_info 2 /INPUT 1 "icache_accept_i";
    .port_info 3 /INPUT 1 "icache_valid_i";
    .port_info 4 /INPUT 1 "icache_error_i";
    .port_info 5 /INPUT 64 "icache_inst_i";
    .port_info 6 /INPUT 1 "icache_page_fault_i";
    .port_info 7 /INPUT 1 "fetch0_accept_i";
    .port_info 8 /INPUT 1 "fetch1_accept_i";
    .port_info 9 /INPUT 1 "fetch_invalidate_i";
    .port_info 10 /INPUT 1 "branch_request_i";
    .port_info 11 /INPUT 32 "branch_pc_i";
    .port_info 12 /INPUT 2 "branch_priv_i";
    .port_info 13 /INPUT 1 "branch_info_request_i";
    .port_info 14 /INPUT 1 "branch_info_is_taken_i";
    .port_info 15 /INPUT 1 "branch_info_is_not_taken_i";
    .port_info 16 /INPUT 32 "branch_info_source_i";
    .port_info 17 /INPUT 1 "branch_info_is_call_i";
    .port_info 18 /INPUT 1 "branch_info_is_ret_i";
    .port_info 19 /INPUT 1 "branch_info_is_jmp_i";
    .port_info 20 /INPUT 32 "branch_info_pc_i";
    .port_info 21 /OUTPUT 1 "icache_rd_o";
    .port_info 22 /OUTPUT 1 "icache_flush_o";
    .port_info 23 /OUTPUT 1 "icache_invalidate_o";
    .port_info 24 /OUTPUT 32 "icache_pc_o";
    .port_info 25 /OUTPUT 2 "icache_priv_o";
    .port_info 26 /OUTPUT 1 "fetch0_valid_o";
    .port_info 27 /OUTPUT 32 "fetch0_instr_o";
    .port_info 28 /OUTPUT 32 "fetch0_pc_o";
    .port_info 29 /OUTPUT 1 "fetch0_fault_fetch_o";
    .port_info 30 /OUTPUT 1 "fetch0_fault_page_o";
    .port_info 31 /OUTPUT 1 "fetch0_instr_exec_o";
    .port_info 32 /OUTPUT 1 "fetch0_instr_lsu_o";
    .port_info 33 /OUTPUT 1 "fetch0_instr_branch_o";
    .port_info 34 /OUTPUT 1 "fetch0_instr_mul_o";
    .port_info 35 /OUTPUT 1 "fetch0_instr_div_o";
    .port_info 36 /OUTPUT 1 "fetch0_instr_csr_o";
    .port_info 37 /OUTPUT 1 "fetch0_instr_rd_valid_o";
    .port_info 38 /OUTPUT 1 "fetch0_instr_invalid_o";
    .port_info 39 /OUTPUT 1 "fetch1_valid_o";
    .port_info 40 /OUTPUT 32 "fetch1_instr_o";
    .port_info 41 /OUTPUT 32 "fetch1_pc_o";
    .port_info 42 /OUTPUT 1 "fetch1_fault_fetch_o";
    .port_info 43 /OUTPUT 1 "fetch1_fault_page_o";
    .port_info 44 /OUTPUT 1 "fetch1_instr_exec_o";
    .port_info 45 /OUTPUT 1 "fetch1_instr_lsu_o";
    .port_info 46 /OUTPUT 1 "fetch1_instr_branch_o";
    .port_info 47 /OUTPUT 1 "fetch1_instr_mul_o";
    .port_info 48 /OUTPUT 1 "fetch1_instr_div_o";
    .port_info 49 /OUTPUT 1 "fetch1_instr_csr_o";
    .port_info 50 /OUTPUT 1 "fetch1_instr_rd_valid_o";
    .port_info 51 /OUTPUT 1 "fetch1_instr_invalid_o";
P_0x55ab8c700e50 .param/l "BHT_ENABLE" 0 13 41, +C4<00000000000000000000000000000001>;
P_0x55ab8c700e90 .param/l "EXTRA_DECODE_STAGE" 0 13 34, +C4<00000000000000000000000000000000>;
P_0x55ab8c700ed0 .param/l "GSHARE_ENABLE" 0 13 40, +C4<00000000000000000000000000000000>;
P_0x55ab8c700f10 .param/l "NUM_BHT_ENTRIES" 0 13 37, +C4<00000000000000000000001000000000>;
P_0x55ab8c700f50 .param/l "NUM_BHT_ENTRIES_W" 0 13 38, +C4<00000000000000000000000000001001>;
P_0x55ab8c700f90 .param/l "NUM_BTB_ENTRIES" 0 13 35, +C4<00000000000000000000000000100000>;
P_0x55ab8c700fd0 .param/l "NUM_BTB_ENTRIES_W" 0 13 36, +C4<00000000000000000000000000000101>;
P_0x55ab8c701010 .param/l "NUM_RAS_ENTRIES" 0 13 42, +C4<00000000000000000000000000001000>;
P_0x55ab8c701050 .param/l "NUM_RAS_ENTRIES_W" 0 13 43, +C4<00000000000000000000000000000011>;
P_0x55ab8c701090 .param/l "RAS_ENABLE" 0 13 39, +C4<00000000000000000000000000000001>;
P_0x55ab8c7010d0 .param/l "SUPPORT_BRANCH_PREDICTION" 0 13 31, +C4<00000000000000000000000000000000>;
P_0x55ab8c701110 .param/l "SUPPORT_MMU" 0 13 33, +C4<00000000000000000000000000000000>;
P_0x55ab8c701150 .param/l "SUPPORT_MULDIV" 0 13 32, +C4<00000000000000000000000000000001>;
v0x55ab8cebe930_0 .net "branch_info_is_call_i", 0 0, L_0x55ab8cf8b940;  alias, 1 drivers
v0x55ab8cebe9d0_0 .net "branch_info_is_jmp_i", 0 0, L_0x55ab8cf81e10;  alias, 1 drivers
v0x55ab8cebea70_0 .net "branch_info_is_not_taken_i", 0 0, L_0x55ab8cf8b840;  alias, 1 drivers
v0x55ab8cebeb10_0 .net "branch_info_is_ret_i", 0 0, L_0x55ab8cf8bcf0;  alias, 1 drivers
v0x55ab8cebebb0_0 .net "branch_info_is_taken_i", 0 0, L_0x55ab8cf8b510;  alias, 1 drivers
v0x55ab8cebec50_0 .net "branch_info_pc_i", 31 0, L_0x55ab8cf8c3b0;  alias, 1 drivers
v0x55ab8cebecf0_0 .net "branch_info_request_i", 0 0, L_0x55ab8cf8b310;  alias, 1 drivers
v0x55ab8cebed90_0 .net "branch_info_source_i", 31 0, L_0x55ab8cf8bf40;  alias, 1 drivers
v0x55ab8cebee30_0 .net "branch_pc_i", 31 0, L_0x55ab8cf810c0;  alias, 1 drivers
v0x55ab8cebeed0_0 .net "branch_priv_i", 1 0, L_0x55ab8cf81160;  alias, 1 drivers
v0x55ab8cebef70_0 .net "branch_request_i", 0 0, L_0x55ab8cf81050;  alias, 1 drivers
v0x55ab8cebf010_0 .net "clk_i", 0 0, v0x55ab8cf10ee0_0;  alias, 1 drivers
v0x55ab8cebf0b0_0 .net "fetch0_accept_i", 0 0, L_0x55ab8cf8e390;  alias, 1 drivers
v0x55ab8cebf150_0 .net "fetch0_fault_fetch_o", 0 0, L_0x55ab8cf25470;  alias, 1 drivers
v0x55ab8cebf1f0_0 .net "fetch0_fault_page_o", 0 0, L_0x55ab8cf25340;  alias, 1 drivers
v0x55ab8cebf290_0 .net "fetch0_instr_branch_o", 0 0, L_0x55ab8cf44060;  alias, 1 drivers
v0x55ab8cebf330_0 .net "fetch0_instr_csr_o", 0 0, L_0x55ab8cf47320;  alias, 1 drivers
v0x55ab8cebf4e0_0 .net "fetch0_instr_div_o", 0 0, L_0x55ab8cf44d40;  alias, 1 drivers
v0x55ab8cebf580_0 .net "fetch0_instr_exec_o", 0 0, L_0x55ab8cf3f2c0;  alias, 1 drivers
v0x55ab8cebf620_0 .net "fetch0_instr_invalid_o", 0 0, L_0x55ab8cf33160;  alias, 1 drivers
v0x55ab8cebf6c0_0 .net "fetch0_instr_lsu_o", 0 0, L_0x55ab8cf42440;  alias, 1 drivers
v0x55ab8cebf760_0 .net "fetch0_instr_mul_o", 0 0, L_0x55ab8cf43f00;  alias, 1 drivers
v0x55ab8cebf800_0 .net "fetch0_instr_o", 31 0, L_0x55ab8cf24660;  alias, 1 drivers
v0x55ab8cebf8a0_0 .net "fetch0_instr_rd_valid_o", 0 0, L_0x55ab8cf3b8c0;  alias, 1 drivers
v0x55ab8cebf940_0 .net "fetch0_pc_o", 31 0, L_0x55ab8cf23cb0;  alias, 1 drivers
v0x55ab8cebf9e0_0 .net "fetch0_valid_o", 0 0, L_0x55ab8cf23050;  alias, 1 drivers
v0x55ab8cebfa80_0 .net "fetch1_accept_i", 0 0, L_0x55ab8cf8e680;  alias, 1 drivers
v0x55ab8cebfb20_0 .net "fetch1_fault_fetch_o", 0 0, L_0x55ab8cf256d0;  alias, 1 drivers
v0x55ab8cebfbc0_0 .net "fetch1_fault_page_o", 0 0, L_0x55ab8cf255a0;  alias, 1 drivers
v0x55ab8cebfc60_0 .net "fetch1_instr_branch_o", 0 0, L_0x55ab8cf65850;  alias, 1 drivers
v0x55ab8cebfd00_0 .net "fetch1_instr_csr_o", 0 0, L_0x55ab8cf6a640;  alias, 1 drivers
v0x55ab8cebfda0_0 .net "fetch1_instr_div_o", 0 0, L_0x55ab8cf67d20;  alias, 1 drivers
v0x55ab8cebfe40_0 .net "fetch1_instr_exec_o", 0 0, L_0x55ab8cf61b20;  alias, 1 drivers
v0x55ab8cec00f0_0 .net "fetch1_instr_invalid_o", 0 0, L_0x55ab8cf55080;  alias, 1 drivers
v0x55ab8cec0190_0 .net "fetch1_instr_lsu_o", 0 0, L_0x55ab8cf63ce0;  alias, 1 drivers
v0x55ab8cec0230_0 .net "fetch1_instr_mul_o", 0 0, L_0x55ab8cf66b80;  alias, 1 drivers
v0x55ab8cec02d0_0 .net "fetch1_instr_o", 31 0, L_0x55ab8cf24900;  alias, 1 drivers
v0x55ab8cec0370_0 .net "fetch1_instr_rd_valid_o", 0 0, L_0x55ab8cf5e6a0;  alias, 1 drivers
v0x55ab8cec0410_0 .net "fetch1_pc_o", 31 0, L_0x55ab8cf24180;  alias, 1 drivers
v0x55ab8cec04b0_0 .net "fetch1_valid_o", 0 0, L_0x55ab8cf23610;  alias, 1 drivers
v0x55ab8cec0550_0 .net "fetch_accept_w", 0 0, L_0x55ab8cf23880;  1 drivers
v0x55ab8cec05f0_0 .net "fetch_fault_fetch_w", 0 0, L_0x55ab8cf6d2a0;  1 drivers
v0x55ab8cec0690_0 .net "fetch_fault_page_w", 0 0, L_0x55ab8cf6d510;  1 drivers
v0x55ab8cec0730_0 .net "fetch_instr_w", 63 0, L_0x55ab8cf6cc40;  1 drivers
v0x55ab8cec07d0_0 .net "fetch_invalidate_i", 0 0, v0x55ab8cdb8060_0;  alias, 1 drivers
v0x55ab8cec0870_0 .net "fetch_pc_accept_w", 0 0, L_0x55ab8cf6d640;  1 drivers
v0x55ab8cec0910_0 .net "fetch_pc_f_w", 31 0, L_0x55ab8cf6cbd0;  1 drivers
v0x55ab8cec09b0_0 .net "fetch_pc_w", 31 0, L_0x55ab8cf6c960;  1 drivers
v0x55ab8cec0a50_0 .net "fetch_pred_branch_w", 1 0, L_0x55ab8cf6cf20;  1 drivers
v0x55ab8cec0af0_0 .net "fetch_valid_w", 0 0, L_0x55ab8cf6c5c0;  1 drivers
v0x55ab8cec0b90_0 .net "icache_accept_i", 0 0, L_0x55ab8cf6dab0;  alias, 1 drivers
v0x55ab8cec0c30_0 .net "icache_error_i", 0 0, L_0x55ab8cf6dc20;  alias, 1 drivers
v0x55ab8cec0cd0_0 .net "icache_flush_o", 0 0, L_0x55ab8cf6c0a0;  alias, 1 drivers
v0x55ab8cec0d70_0 .net "icache_inst_i", 63 0, L_0x55ab8cf6dd20;  alias, 1 drivers
v0x55ab8cec0e10_0 .net "icache_invalidate_o", 0 0, L_0x7fe792ab4c40;  alias, 1 drivers
v0x55ab8cec0eb0_0 .net "icache_page_fault_i", 0 0, L_0x7fe792ab4cd0;  alias, 1 drivers
v0x55ab8cec0f50_0 .net "icache_pc_o", 31 0, L_0x55ab8cf6be20;  alias, 1 drivers
v0x55ab8cec0ff0_0 .net "icache_priv_o", 1 0, L_0x55ab8cf6bfa0;  alias, 1 drivers
v0x55ab8cec1090_0 .net "icache_rd_o", 0 0, L_0x55ab8cf6bc70;  alias, 1 drivers
v0x55ab8cec1130_0 .net "icache_valid_i", 0 0, L_0x55ab8cf6dbb0;  alias, 1 drivers
v0x55ab8cec11d0_0 .net "next_pc_f_w", 31 0, L_0x55ab8cf22320;  1 drivers
L_0x7fe792aa90a8 .functor BUFT 1, C4<00>, C4<0>, C4<0>, C4<0>;
v0x55ab8cec1270_0 .net "next_taken_f_w", 1 0, L_0x7fe792aa90a8;  1 drivers
v0x55ab8cec1310_0 .net "rst_i", 0 0, v0x55ab8cf12130_0;  alias, 1 drivers
S_0x55ab8cd63c20 .scope module, "u_decode" "biriscv_decode" 13 160, 14 26 0, S_0x55ab8cd63840;
 .timescale 0 0;
    .port_info 0 /INPUT 1 "clk_i";
    .port_info 1 /INPUT 1 "rst_i";
    .port_info 2 /INPUT 1 "fetch_in_valid_i";
    .port_info 3 /INPUT 64 "fetch_in_instr_i";
    .port_info 4 /INPUT 2 "fetch_in_pred_branch_i";
    .port_info 5 /INPUT 1 "fetch_in_fault_fetch_i";
    .port_info 6 /INPUT 1 "fetch_in_fault_page_i";
    .port_info 7 /INPUT 32 "fetch_in_pc_i";
    .port_info 8 /INPUT 1 "fetch_out0_accept_i";
    .port_info 9 /INPUT 1 "fetch_out1_accept_i";
    .port_info 10 /INPUT 1 "branch_request_i";
    .port_info 11 /INPUT 32 "branch_pc_i";
    .port_info 12 /INPUT 2 "branch_priv_i";
    .port_info 13 /OUTPUT 1 "fetch_in_accept_o";
    .port_info 14 /OUTPUT 1 "fetch_out0_valid_o";
    .port_info 15 /OUTPUT 32 "fetch_out0_instr_o";
    .port_info 16 /OUTPUT 32 "fetch_out0_pc_o";
    .port_info 17 /OUTPUT 1 "fetch_out0_fault_fetch_o";
    .port_info 18 /OUTPUT 1 "fetch_out0_fault_page_o";
    .port_info 19 /OUTPUT 1 "fetch_out0_instr_exec_o";
    .port_info 20 /OUTPUT 1 "fetch_out0_instr_lsu_o";
    .port_info 21 /OUTPUT 1 "fetch_out0_instr_branch_o";
    .port_info 22 /OUTPUT 1 "fetch_out0_instr_mul_o";
    .port_info 23 /OUTPUT 1 "fetch_out0_instr_div_o";
    .port_info 24 /OUTPUT 1 "fetch_out0_instr_csr_o";
    .port_info 25 /OUTPUT 1 "fetch_out0_instr_rd_valid_o";
    .port_info 26 /OUTPUT 1 "fetch_out0_instr_invalid_o";
    .port_info 27 /OUTPUT 1 "fetch_out1_valid_o";
    .port_info 28 /OUTPUT 32 "fetch_out1_instr_o";
    .port_info 29 /OUTPUT 32 "fetch_out1_pc_o";
    .port_info 30 /OUTPUT 1 "fetch_out1_fault_fetch_o";
    .port_info 31 /OUTPUT 1 "fetch_out1_fault_page_o";
    .port_info 32 /OUTPUT 1 "fetch_out1_instr_exec_o";
    .port_info 33 /OUTPUT 1 "fetch_out1_instr_lsu_o";
    .port_info 34 /OUTPUT 1 "fetch_out1_instr_branch_o";
    .port_info 35 /OUTPUT 1 "fetch_out1_instr_mul_o";
    .port_info 36 /OUTPUT 1 "fetch_out1_instr_div_o";
    .port_info 37 /OUTPUT 1 "fetch_out1_instr_csr_o";
    .port_info 38 /OUTPUT 1 "fetch_out1_instr_rd_valid_o";
    .port_info 39 /OUTPUT 1 "fetch_out1_instr_invalid_o";
P_0x55ab8cdbe210 .param/l "EXTRA_DECODE_STAGE" 0 14 32, +C4<00000000000000000000000000000000>;
P_0x55ab8cdbe250 .param/l "SUPPORT_MULDIV" 0 14 31, +C4<00000000000000000000000000000001>;
v0x55ab8ceb8460_0 .net "branch_pc_i", 31 0, L_0x55ab8cf810c0;  alias, 1 drivers
v0x55ab8ceb8500_0 .net "branch_priv_i", 1 0, L_0x55ab8cf81160;  alias, 1 drivers
v0x55ab8ceb85a0_0 .net "branch_request_i", 0 0, L_0x55ab8cf81050;  alias, 1 drivers
v0x55ab8ceb8640_0 .net "clk_i", 0 0, v0x55ab8cf10ee0_0;  alias, 1 drivers
L_0x7fe792ab4b20 .functor BUFT 1, C4<1>, C4<0>, C4<0>, C4<0>;
v0x55ab8ceb86e0_0 .net "enable_muldiv_w", 0 0, L_0x7fe792ab4b20;  1 drivers
v0x55ab8ceb8780_0 .net "fetch_in_accept_o", 0 0, L_0x55ab8cf23880;  alias, 1 drivers
v0x55ab8ceb8820_0 .net "fetch_in_fault_fetch_i", 0 0, L_0x55ab8cf6d2a0;  alias, 1 drivers
v0x55ab8ceb88c0_0 .net "fetch_in_fault_page_i", 0 0, L_0x55ab8cf6d510;  alias, 1 drivers
v0x55ab8ceb8960_0 .net "fetch_in_instr_i", 63 0, L_0x55ab8cf6cc40;  alias, 1 drivers
v0x55ab8ceb8a00_0 .net "fetch_in_pc_i", 31 0, L_0x55ab8cf6c960;  alias, 1 drivers
v0x55ab8ceb8aa0_0 .net "fetch_in_pred_branch_i", 1 0, L_0x55ab8cf6cf20;  alias, 1 drivers
v0x55ab8ceb8b40_0 .net "fetch_in_valid_i", 0 0, L_0x55ab8cf6c5c0;  alias, 1 drivers
v0x55ab8ceb8be0_0 .net "fetch_out0_accept_i", 0 0, L_0x55ab8cf8e390;  alias, 1 drivers
v0x55ab8ceb8c80_0 .net "fetch_out0_fault_fetch_o", 0 0, L_0x55ab8cf25470;  alias, 1 drivers
v0x55ab8ceb8d20_0 .net "fetch_out0_fault_page_o", 0 0, L_0x55ab8cf25340;  alias, 1 drivers
v0x55ab8ceb8dc0_0 .net "fetch_out0_instr_branch_o", 0 0, L_0x55ab8cf44060;  alias, 1 drivers
v0x55ab8ceb8e60_0 .net "fetch_out0_instr_csr_o", 0 0, L_0x55ab8cf47320;  alias, 1 drivers
v0x55ab8ceb8f00_0 .net "fetch_out0_instr_div_o", 0 0, L_0x55ab8cf44d40;  alias, 1 drivers
v0x55ab8ceb8fa0_0 .net "fetch_out0_instr_exec_o", 0 0, L_0x55ab8cf3f2c0;  alias, 1 drivers
v0x55ab8ceb9040_0 .net "fetch_out0_instr_invalid_o", 0 0, L_0x55ab8cf33160;  alias, 1 drivers
v0x55ab8ceb90e0_0 .net "fetch_out0_instr_lsu_o", 0 0, L_0x55ab8cf42440;  alias, 1 drivers
v0x55ab8ceb9180_0 .net "fetch_out0_instr_mul_o", 0 0, L_0x55ab8cf43f00;  alias, 1 drivers
v0x55ab8ceb9220_0 .net "fetch_out0_instr_o", 31 0, L_0x55ab8cf24660;  alias, 1 drivers
v0x55ab8ceb92c0_0 .net "fetch_out0_instr_rd_valid_o", 0 0, L_0x55ab8cf3b8c0;  alias, 1 drivers
v0x55ab8ceb9360_0 .net "fetch_out0_pc_o", 31 0, L_0x55ab8cf23cb0;  alias, 1 drivers
v0x55ab8ceb9400_0 .net "fetch_out0_valid_o", 0 0, L_0x55ab8cf23050;  alias, 1 drivers
v0x55ab8ceb94a0_0 .net "fetch_out1_accept_i", 0 0, L_0x55ab8cf8e680;  alias, 1 drivers
v0x55ab8ceb9540_0 .net "fetch_out1_fault_fetch_o", 0 0, L_0x55ab8cf256d0;  alias, 1 drivers
v0x55ab8ceb95e0_0 .net "fetch_out1_fault_page_o", 0 0, L_0x55ab8cf255a0;  alias, 1 drivers
v0x55ab8ceb9680_0 .net "fetch_out1_instr_branch_o", 0 0, L_0x55ab8cf65850;  alias, 1 drivers
v0x55ab8ceb9720_0 .net "fetch_out1_instr_csr_o", 0 0, L_0x55ab8cf6a640;  alias, 1 drivers
v0x55ab8ceb97c0_0 .net "fetch_out1_instr_div_o", 0 0, L_0x55ab8cf67d20;  alias, 1 drivers
v0x55ab8ceb9860_0 .net "fetch_out1_instr_exec_o", 0 0, L_0x55ab8cf61b20;  alias, 1 drivers
v0x55ab8ceb9900_0 .net "fetch_out1_instr_invalid_o", 0 0, L_0x55ab8cf55080;  alias, 1 drivers
v0x55ab8ceb99a0_0 .net "fetch_out1_instr_lsu_o", 0 0, L_0x55ab8cf63ce0;  alias, 1 drivers
v0x55ab8ceb9a40_0 .net "fetch_out1_instr_mul_o", 0 0, L_0x55ab8cf66b80;  alias, 1 drivers
v0x55ab8ceb9ae0_0 .net "fetch_out1_instr_o", 31 0, L_0x55ab8cf24900;  alias, 1 drivers
v0x55ab8ceb9b80_0 .net "fetch_out1_instr_rd_valid_o", 0 0, L_0x55ab8cf5e6a0;  alias, 1 drivers
v0x55ab8ceb9c20_0 .net "fetch_out1_pc_o", 31 0, L_0x55ab8cf24180;  alias, 1 drivers
v0x55ab8ceb9cc0_0 .net "fetch_out1_valid_o", 0 0, L_0x55ab8cf23610;  alias, 1 drivers
v0x55ab8ceb9d60_0 .net "rst_i", 0 0, v0x55ab8cf12130_0;  alias, 1 drivers
S_0x55ab8cd67e70 .scope generate, "genblk1" "genblk1" 14 91, 14 91 0, S_0x55ab8cd63c20;
 .timescale 0 0;
L_0x55ab8cf23720 .functor OR 1, L_0x55ab8cf6d510, L_0x55ab8cf6d2a0, C4<0>, C4<0>;
L_0x55ab8cf473e0 .functor OR 1, L_0x55ab8cf25470, L_0x55ab8cf25340, C4<0>, C4<0>;
L_0x55ab8cf6a700 .functor OR 1, L_0x55ab8cf256d0, L_0x55ab8cf255a0, C4<0>, C4<0>;
v0x55ab8ceb8320_0 .net *"_ivl_0", 0 0, L_0x55ab8cf23720;  1 drivers
L_0x7fe792aa95b8 .functor BUFT 1, C4<0000000000000000000000000000000000000000000000000000000000000000>, C4<0>, C4<0>, C4<0>;
v0x55ab8ceb83c0_0 .net/2u *"_ivl_2", 63 0, L_0x7fe792aa95b8;  1 drivers
L_0x55ab8cf250c0 .functor MUXZ 64, L_0x55ab8cf6cc40, L_0x7fe792aa95b8, L_0x55ab8cf23720, C4<>;
L_0x55ab8cf25200 .concat [ 1 1 0 0], L_0x55ab8cf6d2a0, L_0x55ab8cf6d510;
L_0x55ab8cf252a0 .concat [ 1 1 0 0], L_0x55ab8cf6d2a0, L_0x55ab8cf6d510;
L_0x55ab8cf25340 .part L_0x55ab8cf23b00, 1, 1;
L_0x55ab8cf25470 .part L_0x55ab8cf23b00, 0, 1;
L_0x55ab8cf255a0 .part L_0x55ab8cf24c00, 1, 1;
L_0x55ab8cf256d0 .part L_0x55ab8cf24c00, 0, 1;
S_0x55ab8cd5fcd0 .scope module, "u_dec0" "biriscv_decoder" 14 240, 15 27 0, S_0x55ab8cd67e70;
 .timescale 0 0;
    .port_info 0 /INPUT 1 "valid_i";
    .port_info 1 /INPUT 1 "fetch_fault_i";
    .port_info 2 /INPUT 1 "enable_muldiv_i";
    .port_info 3 /INPUT 32 "opcode_i";
    .port_info 4 /OUTPUT 1 "invalid_o";
    .port_info 5 /OUTPUT 1 "exec_o";
    .port_info 6 /OUTPUT 1 "lsu_o";
    .port_info 7 /OUTPUT 1 "branch_o";
    .port_info 8 /OUTPUT 1 "mul_o";
    .port_info 9 /OUTPUT 1 "div_o";
    .port_info 10 /OUTPUT 1 "csr_o";
    .port_info 11 /OUTPUT 1 "rd_valid_o";
L_0x7fe792aa9600 .functor BUFT 1, C4<00000000000000000111000001111111>, C4<0>, C4<0>, C4<0>;
L_0x55ab8cf25800 .functor AND 32, L_0x55ab8cf24660, L_0x7fe792aa9600, C4<11111111111111111111111111111111>, C4<11111111111111111111111111111111>;
L_0x7fe792aa9690 .functor BUFT 1, C4<00000000000000000111000001111111>, C4<0>, C4<0>, C4<0>;
L_0x55ab8cf25910 .functor AND 32, L_0x55ab8cf24660, L_0x7fe792aa9690, C4<11111111111111111111111111111111>, C4<11111111111111111111111111111111>;
L_0x55ab8cf25bd0 .functor OR 1, L_0x55ab8cf25870, L_0x55ab8cf25a90, C4<0>, C4<0>;
L_0x7fe792aa9720 .functor BUFT 1, C4<00000000000000000111000001111111>, C4<0>, C4<0>, C4<0>;
L_0x55ab8cf25ce0 .functor AND 32, L_0x55ab8cf24660, L_0x7fe792aa9720, C4<11111111111111111111111111111111>, C4<11111111111111111111111111111111>;
L_0x55ab8cf25ee0 .functor OR 1, L_0x55ab8cf25bd0, L_0x55ab8cf25da0, C4<0>, C4<0>;
L_0x7fe792aa97b0 .functor BUFT 1, C4<00000000000000000111000001111111>, C4<0>, C4<0>, C4<0>;
L_0x55ab8cf25ff0 .functor AND 32, L_0x55ab8cf24660, L_0x7fe792aa97b0, C4<11111111111111111111111111111111>, C4<11111111111111111111111111111111>;
L_0x55ab8cf261f0 .functor OR 1, L_0x55ab8cf25ee0, L_0x55ab8cf260b0, C4<0>, C4<0>;
L_0x7fe792aa9840 .functor BUFT 1, C4<00000000000000000111000001111111>, C4<0>, C4<0>, C4<0>;
L_0x55ab8cf26300 .functor AND 32, L_0x55ab8cf24660, L_0x7fe792aa9840, C4<11111111111111111111111111111111>, C4<11111111111111111111111111111111>;
L_0x55ab8cf26550 .functor OR 1, L_0x55ab8cf261f0, L_0x55ab8cf26410, C4<0>, C4<0>;
L_0x7fe792aa98d0 .functor BUFT 1, C4<00000000000000000111000001111111>, C4<0>, C4<0>, C4<0>;
L_0x55ab8cf26660 .functor AND 32, L_0x55ab8cf24660, L_0x7fe792aa98d0, C4<11111111111111111111111111111111>, C4<11111111111111111111111111111111>;
L_0x55ab8cf26a20 .functor OR 1, L_0x55ab8cf26550, L_0x55ab8cf26930, C4<0>, C4<0>;
L_0x7fe792aa9960 .functor BUFT 1, C4<11111100000000000111000001111111>, C4<0>, C4<0>, C4<0>;
L_0x55ab8cf26b30 .functor AND 32, L_0x55ab8cf24660, L_0x7fe792aa9960, C4<11111111111111111111111111111111>, C4<11111111111111111111111111111111>;
L_0x55ab8cf26da0 .functor OR 1, L_0x55ab8cf26a20, L_0x55ab8cf26c60, C4<0>, C4<0>;
L_0x7fe792aa99f0 .functor BUFT 1, C4<11111100000000000111000001111111>, C4<0>, C4<0>, C4<0>;
L_0x55ab8cf26eb0 .functor AND 32, L_0x55ab8cf24660, L_0x7fe792aa99f0, C4<11111111111111111111111111111111>, C4<11111111111111111111111111111111>;
L_0x55ab8cf26bf0 .functor OR 1, L_0x55ab8cf26da0, L_0x55ab8cf26ff0, C4<0>, C4<0>;
L_0x7fe792aa9a80 .functor BUFT 1, C4<11111100000000000111000001111111>, C4<0>, C4<0>, C4<0>;
L_0x55ab8cf27220 .functor AND 32, L_0x55ab8cf24660, L_0x7fe792aa9a80, C4<11111111111111111111111111111111>, C4<11111111111111111111111111111111>;
L_0x55ab8cf274b0 .functor OR 1, L_0x55ab8cf26bf0, L_0x55ab8cf27370, C4<0>, C4<0>;
L_0x7fe792aa9b10 .functor BUFT 1, C4<00000000000000000000000001111111>, C4<0>, C4<0>, C4<0>;
L_0x55ab8cf275c0 .functor AND 32, L_0x55ab8cf24660, L_0x7fe792aa9b10, C4<11111111111111111111111111111111>, C4<11111111111111111111111111111111>;
L_0x55ab8cf27a20 .functor OR 1, L_0x55ab8cf274b0, L_0x55ab8cf27930, C4<0>, C4<0>;
L_0x7fe792aa9ba0 .functor BUFT 1, C4<00000000000000000000000001111111>, C4<0>, C4<0>, C4<0>;
L_0x55ab8cf27ae0 .functor AND 32, L_0x55ab8cf24660, L_0x7fe792aa9ba0, C4<11111111111111111111111111111111>, C4<11111111111111111111111111111111>;
L_0x55ab8cf27cf0 .functor OR 1, L_0x55ab8cf27a20, L_0x55ab8cf27890, C4<0>, C4<0>;
L_0x7fe792aa9c30 .functor BUFT 1, C4<11111110000000000111000001111111>, C4<0>, C4<0>, C4<0>;
L_0x55ab8cf27e00 .functor AND 32, L_0x55ab8cf24660, L_0x7fe792aa9c30, C4<11111111111111111111111111111111>, C4<11111111111111111111111111111111>;
L_0x55ab8cf28090 .functor OR 1, L_0x55ab8cf27cf0, L_0x55ab8cf27ba0, C4<0>, C4<0>;
L_0x7fe792aa9cc0 .functor BUFT 1, C4<11111110000000000111000001111111>, C4<0>, C4<0>, C4<0>;
L_0x55ab8cf281a0 .functor AND 32, L_0x55ab8cf24660, L_0x7fe792aa9cc0, C4<11111111111111111111111111111111>, C4<11111111111111111111111111111111>;
L_0x55ab8cf283d0 .functor OR 1, L_0x55ab8cf28090, L_0x55ab8cf27ec0, C4<0>, C4<0>;
L_0x7fe792aa9d50 .functor BUFT 1, C4<11111110000000000111000001111111>, C4<0>, C4<0>, C4<0>;
L_0x55ab8cf284e0 .functor AND 32, L_0x55ab8cf24660, L_0x7fe792aa9d50, C4<11111111111111111111111111111111>, C4<11111111111111111111111111111111>;
L_0x55ab8cf28020 .functor OR 1, L_0x55ab8cf283d0, L_0x55ab8cf28260, C4<0>, C4<0>;
L_0x7fe792aa9de0 .functor BUFT 1, C4<11111110000000000111000001111111>, C4<0>, C4<0>, C4<0>;
L_0x55ab8cf287c0 .functor AND 32, L_0x55ab8cf24660, L_0x7fe792aa9de0, C4<11111111111111111111111111111111>, C4<11111111111111111111111111111111>;
L_0x55ab8cf28a10 .functor OR 1, L_0x55ab8cf28020, L_0x55ab8cf285a0, C4<0>, C4<0>;
L_0x7fe792aa9e70 .functor BUFT 1, C4<11111110000000000111000001111111>, C4<0>, C4<0>, C4<0>;
L_0x55ab8cf28b20 .functor AND 32, L_0x55ab8cf24660, L_0x7fe792aa9e70, C4<11111111111111111111111111111111>, C4<11111111111111111111111111111111>;
L_0x55ab8cf28dc0 .functor OR 1, L_0x55ab8cf28a10, L_0x55ab8cf28880, C4<0>, C4<0>;
L_0x7fe792aa9f00 .functor BUFT 1, C4<11111110000000000111000001111111>, C4<0>, C4<0>, C4<0>;
L_0x55ab8cf28ed0 .functor AND 32, L_0x55ab8cf24660, L_0x7fe792aa9f00, C4<11111111111111111111111111111111>, C4<11111111111111111111111111111111>;
L_0x55ab8cf26f70 .functor OR 1, L_0x55ab8cf28dc0, L_0x55ab8cf28be0, C4<0>, C4<0>;
L_0x7fe792aa9f90 .functor BUFT 1, C4<11111110000000000111000001111111>, C4<0>, C4<0>, C4<0>;
L_0x55ab8cf29140 .functor AND 32, L_0x55ab8cf24660, L_0x7fe792aa9f90, C4<11111111111111111111111111111111>, C4<11111111111111111111111111111111>;
L_0x55ab8cf28d30 .functor OR 1, L_0x55ab8cf26f70, L_0x55ab8cf28f90, C4<0>, C4<0>;
L_0x7fe792aaa020 .functor BUFT 1, C4<11111110000000000111000001111111>, C4<0>, C4<0>, C4<0>;
L_0x55ab8cf294b0 .functor AND 32, L_0x55ab8cf24660, L_0x7fe792aaa020, C4<11111111111111111111111111111111>, C4<11111111111111111111111111111111>;
L_0x55ab8cf296f0 .functor OR 1, L_0x55ab8cf28d30, L_0x55ab8cf29200, C4<0>, C4<0>;
L_0x7fe792aaa0b0 .functor BUFT 1, C4<11111110000000000111000001111111>, C4<0>, C4<0>, C4<0>;
L_0x55ab8cf29800 .functor AND 32, L_0x55ab8cf24660, L_0x7fe792aaa0b0, C4<11111111111111111111111111111111>, C4<11111111111111111111111111111111>;
L_0x55ab8cf29370 .functor OR 1, L_0x55ab8cf296f0, L_0x55ab8cf29570, C4<0>, C4<0>;
L_0x7fe792aaa140 .functor BUFT 1, C4<11111110000000000111000001111111>, C4<0>, C4<0>, C4<0>;
L_0x55ab8cf29ba0 .functor AND 32, L_0x55ab8cf24660, L_0x7fe792aaa140, C4<11111111111111111111111111111111>, C4<11111111111111111111111111111111>;
L_0x55ab8cf29db0 .functor OR 1, L_0x55ab8cf29370, L_0x55ab8cf298c0, C4<0>, C4<0>;
L_0x7fe792aaa1d0 .functor BUFT 1, C4<00000000000000000000000001111111>, C4<0>, C4<0>, C4<0>;
L_0x55ab8cf29ec0 .functor AND 32, L_0x55ab8cf24660, L_0x7fe792aaa1d0, C4<11111111111111111111111111111111>, C4<11111111111111111111111111111111>;
L_0x55ab8cf29a50 .functor OR 1, L_0x55ab8cf29db0, L_0x55ab8cf29c60, C4<0>, C4<0>;
L_0x7fe792aaa260 .functor BUFT 1, C4<00000000000000000111000001111111>, C4<0>, C4<0>, C4<0>;
L_0x55ab8cf2a240 .functor AND 32, L_0x55ab8cf24660, L_0x7fe792aaa260, C4<11111111111111111111111111111111>, C4<11111111111111111111111111111111>;
L_0x55ab8cf2a470 .functor OR 1, L_0x55ab8cf29a50, L_0x55ab8cf29f80, C4<0>, C4<0>;
L_0x7fe792aaa2f0 .functor BUFT 1, C4<00000000000000000111000001111111>, C4<0>, C4<0>, C4<0>;
L_0x55ab8cf2a580 .functor AND 32, L_0x55ab8cf24660, L_0x7fe792aaa2f0, C4<11111111111111111111111111111111>, C4<11111111111111111111111111111111>;
L_0x55ab8cf2a0c0 .functor OR 1, L_0x55ab8cf2a470, L_0x55ab8cf2a300, C4<0>, C4<0>;
L_0x7fe792aaa380 .functor BUFT 1, C4<00000000000000000111000001111111>, C4<0>, C4<0>, C4<0>;
L_0x55ab8cf2a8e0 .functor AND 32, L_0x55ab8cf24660, L_0x7fe792aaa380, C4<11111111111111111111111111111111>, C4<11111111111111111111111111111111>;
L_0x55ab8cf2ab30 .functor OR 1, L_0x55ab8cf2a0c0, L_0x55ab8cf2a640, C4<0>, C4<0>;
L_0x7fe792aaa410 .functor BUFT 1, C4<00000000000000000111000001111111>, C4<0>, C4<0>, C4<0>;
L_0x55ab8cf2ac40 .functor AND 32, L_0x55ab8cf24660, L_0x7fe792aaa410, C4<11111111111111111111111111111111>, C4<11111111111111111111111111111111>;
L_0x55ab8cf2a780 .functor OR 1, L_0x55ab8cf2ab30, L_0x55ab8cf2a9a0, C4<0>, C4<0>;
L_0x7fe792aaa4a0 .functor BUFT 1, C4<00000000000000000111000001111111>, C4<0>, C4<0>, C4<0>;
L_0x55ab8cf2b390 .functor AND 32, L_0x55ab8cf24660, L_0x7fe792aaa4a0, C4<11111111111111111111111111111111>, C4<11111111111111111111111111111111>;
L_0x55ab8cf2b5b0 .functor OR 1, L_0x55ab8cf2a780, L_0x55ab8cf2b110, C4<0>, C4<0>;
L_0x7fe792aaa530 .functor BUFT 1, C4<00000000000000000111000001111111>, C4<0>, C4<0>, C4<0>;
L_0x55ab8cf2b670 .functor AND 32, L_0x55ab8cf24660, L_0x7fe792aaa530, C4<11111111111111111111111111111111>, C4<11111111111111111111111111111111>;
L_0x55ab8cf2b540 .functor OR 1, L_0x55ab8cf2b5b0, L_0x55ab8cf2b400, C4<0>, C4<0>;
L_0x7fe792aaa5c0 .functor BUFT 1, C4<00000000000000000111000001111111>, C4<0>, C4<0>, C4<0>;
L_0x55ab8cf2b9e0 .functor AND 32, L_0x55ab8cf24660, L_0x7fe792aaa5c0, C4<11111111111111111111111111111111>, C4<11111111111111111111111111111111>;
L_0x55ab8cf2b870 .functor OR 1, L_0x55ab8cf2b540, L_0x55ab8cf2b730, C4<0>, C4<0>;
L_0x7fe792aaa650 .functor BUFT 1, C4<00000000000000000111000001111111>, C4<0>, C4<0>, C4<0>;
L_0x55ab8cf2bd10 .functor AND 32, L_0x55ab8cf24660, L_0x7fe792aaa650, C4<11111111111111111111111111111111>, C4<11111111111111111111111111111111>;
L_0x55ab8cf2bbe0 .functor OR 1, L_0x55ab8cf2b870, L_0x55ab8cf2baa0, C4<0>, C4<0>;
L_0x7fe792aaa6e0 .functor BUFT 1, C4<00000000000000000111000001111111>, C4<0>, C4<0>, C4<0>;
L_0x55ab8cf2c0b0 .functor AND 32, L_0x55ab8cf24660, L_0x7fe792aaa6e0, C4<11111111111111111111111111111111>, C4<11111111111111111111111111111111>;
L_0x55ab8cf2bf10 .functor OR 1, L_0x55ab8cf2bbe0, L_0x55ab8cf2bdd0, C4<0>, C4<0>;
L_0x7fe792aaa770 .functor BUFT 1, C4<00000000000000000111000001111111>, C4<0>, C4<0>, C4<0>;
L_0x55ab8cf2c3b0 .functor AND 32, L_0x55ab8cf24660, L_0x7fe792aaa770, C4<11111111111111111111111111111111>, C4<11111111111111111111111111111111>;
L_0x55ab8cf2c260 .functor OR 1, L_0x55ab8cf2bf10, L_0x55ab8cf2c120, C4<0>, C4<0>;
L_0x7fe792aaa800 .functor BUFT 1, C4<00000000000000000111000001111111>, C4<0>, C4<0>, C4<0>;
L_0x55ab8cf2c020 .functor AND 32, L_0x55ab8cf24660, L_0x7fe792aaa800, C4<11111111111111111111111111111111>, C4<11111111111111111111111111111111>;
L_0x55ab8cf2c5b0 .functor OR 1, L_0x55ab8cf2c260, L_0x55ab8cf2c470, C4<0>, C4<0>;
L_0x7fe792aaa890 .functor BUFT 1, C4<00000000000000000111000001111111>, C4<0>, C4<0>, C4<0>;
L_0x55ab8cf2ca30 .functor AND 32, L_0x55ab8cf24660, L_0x7fe792aaa890, C4<11111111111111111111111111111111>, C4<11111111111111111111111111111111>;
L_0x55ab8cf2c910 .functor OR 1, L_0x55ab8cf2c5b0, L_0x55ab8cf2c7d0, C4<0>, C4<0>;
L_0x7fe792aaa920 .functor BUFT 1, C4<00000000000000000111000001111111>, C4<0>, C4<0>, C4<0>;
L_0x55ab8cf2c6c0 .functor AND 32, L_0x55ab8cf24660, L_0x7fe792aaa920, C4<11111111111111111111111111111111>, C4<11111111111111111111111111111111>;
L_0x55ab8cf2cc30 .functor OR 1, L_0x55ab8cf2c910, L_0x55ab8cf2caf0, C4<0>, C4<0>;
L_0x7fe792aaa9b0 .functor BUFT 1, C4<00000000000000000111000001111111>, C4<0>, C4<0>, C4<0>;
L_0x55ab8cf2d0b0 .functor AND 32, L_0x55ab8cf24660, L_0x7fe792aaa9b0, C4<11111111111111111111111111111111>, C4<11111111111111111111111111111111>;
L_0x55ab8cf2cf70 .functor OR 1, L_0x55ab8cf2cc30, L_0x55ab8cf2ce30, C4<0>, C4<0>;
L_0x7fe792aaaa40 .functor BUFT 1, C4<00000000000000000111000001111111>, C4<0>, C4<0>, C4<0>;
L_0x55ab8cf2cd40 .functor AND 32, L_0x55ab8cf24660, L_0x7fe792aaaa40, C4<11111111111111111111111111111111>, C4<11111111111111111111111111111111>;
L_0x55ab8cf2d2b0 .functor OR 1, L_0x55ab8cf2cf70, L_0x55ab8cf2d170, C4<0>, C4<0>;
L_0x7fe792aaaad0 .functor BUFT 1, C4<00000000000000000111000001111111>, C4<0>, C4<0>, C4<0>;
L_0x55ab8cf2d780 .functor AND 32, L_0x55ab8cf24660, L_0x7fe792aaaad0, C4<11111111111111111111111111111111>, C4<11111111111111111111111111111111>;
L_0x55ab8cf2d620 .functor OR 1, L_0x55ab8cf2d2b0, L_0x55ab8cf2d4e0, C4<0>, C4<0>;
L_0x7fe792aaab60 .functor BUFT 1, C4<11111111111111111111111111111111>, C4<0>, C4<0>, C4<0>;
L_0x55ab8cf2d370 .functor AND 32, L_0x55ab8cf24660, L_0x7fe792aaab60, C4<11111111111111111111111111111111>, C4<11111111111111111111111111111111>;
L_0x55ab8cf2d8e0 .functor OR 1, L_0x55ab8cf2d620, L_0x55ab8cf2d430, C4<0>, C4<0>;
L_0x7fe792aaabf0 .functor BUFT 1, C4<11111111111111111111111111111111>, C4<0>, C4<0>, C4<0>;
L_0x55ab8cf2d9f0 .functor AND 32, L_0x55ab8cf24660, L_0x7fe792aaabf0, C4<11111111111111111111111111111111>, C4<11111111111111111111111111111111>;
L_0x55ab8cf2dd20 .functor OR 1, L_0x55ab8cf2d8e0, L_0x55ab8cf2dbe0, C4<0>, C4<0>;
L_0x7fe792aaac80 .functor BUFT 1, C4<11001111111111111111111111111111>, C4<0>, C4<0>, C4<0>;
L_0x55ab8cf2da60 .functor AND 32, L_0x55ab8cf24660, L_0x7fe792aaac80, C4<11111111111111111111111111111111>, C4<11111111111111111111111111111111>;
L_0x55ab8cf2df40 .functor OR 1, L_0x55ab8cf2dd20, L_0x55ab8cf2db20, C4<0>, C4<0>;
L_0x7fe792aaad10 .functor BUFT 1, C4<00000000000000000111000001111111>, C4<0>, C4<0>, C4<0>;
L_0x55ab8cf2e050 .functor AND 32, L_0x55ab8cf24660, L_0x7fe792aaad10, C4<11111111111111111111111111111111>, C4<11111111111111111111111111111111>;
L_0x55ab8cf2e120 .functor OR 1, L_0x55ab8cf2df40, L_0x55ab8cf2e510, C4<0>, C4<0>;
L_0x7fe792aaada0 .functor BUFT 1, C4<00000000000000000111000001111111>, C4<0>, C4<0>, C4<0>;
L_0x55ab8cf2e7b0 .functor AND 32, L_0x55ab8cf24660, L_0x7fe792aaada0, C4<11111111111111111111111111111111>, C4<11111111111111111111111111111111>;
L_0x55ab8cf2e370 .functor OR 1, L_0x55ab8cf2e120, L_0x55ab8cf2e230, C4<0>, C4<0>;
L_0x7fe792aaae30 .functor BUFT 1, C4<00000000000000000111000001111111>, C4<0>, C4<0>, C4<0>;
L_0x55ab8cf2e480 .functor AND 32, L_0x55ab8cf24660, L_0x7fe792aaae30, C4<11111111111111111111111111111111>, C4<11111111111111111111111111111111>;
L_0x55ab8cf2e650 .functor OR 1, L_0x55ab8cf2e370, L_0x55ab8cf2e870, C4<0>, C4<0>;
L_0x7fe792aaaec0 .functor BUFT 1, C4<00000000000000000111000001111111>, C4<0>, C4<0>, C4<0>;
L_0x55ab8cf2ee30 .functor AND 32, L_0x55ab8cf24660, L_0x7fe792aaaec0, C4<11111111111111111111111111111111>, C4<11111111111111111111111111111111>;
L_0x55ab8cf2ecb0 .functor OR 1, L_0x55ab8cf2e650, L_0x55ab8cf2eb70, C4<0>, C4<0>;
L_0x7fe792aaaf50 .functor BUFT 1, C4<00000000000000000111000001111111>, C4<0>, C4<0>, C4<0>;
L_0x55ab8cf2edc0 .functor AND 32, L_0x55ab8cf24660, L_0x7fe792aaaf50, C4<11111111111111111111111111111111>, C4<11111111111111111111111111111111>;
L_0x55ab8cf2e9b0 .functor OR 1, L_0x55ab8cf2ecb0, L_0x55ab8cf2eea0, C4<0>, C4<0>;
L_0x7fe792aaafe0 .functor BUFT 1, C4<00000000000000000111000001111111>, C4<0>, C4<0>, C4<0>;
L_0x55ab8cf2f4a0 .functor AND 32, L_0x55ab8cf24660, L_0x7fe792aaafe0, C4<11111111111111111111111111111111>, C4<11111111111111111111111111111111>;
L_0x55ab8cf2f300 .functor OR 1, L_0x55ab8cf2e9b0, L_0x55ab8cf2f1c0, C4<0>, C4<0>;
L_0x7fe792aab070 .functor BUFT 1, C4<11111111111111111000111111111111>, C4<0>, C4<0>, C4<0>;
L_0x55ab8cf2f410 .functor AND 32, L_0x55ab8cf24660, L_0x7fe792aab070, C4<11111111111111111111111111111111>, C4<11111111111111111111111111111111>;
L_0x55ab8cf2f650 .functor OR 1, L_0x55ab8cf2f300, L_0x55ab8cf2f510, C4<0>, C4<0>;
L_0x7fe792aab100 .functor BUFT 1, C4<00000000000000000111000001111111>, C4<0>, C4<0>, C4<0>;
L_0x55ab8cf2f760 .functor AND 32, L_0x55ab8cf24660, L_0x7fe792aab100, C4<11111111111111111111111111111111>, C4<11111111111111111111111111111111>;
L_0x55ab8cf2f990 .functor OR 1, L_0x55ab8cf2f650, L_0x55ab8cf2f850, C4<0>, C4<0>;
L_0x7fe792aab190 .functor BUFT 1, C4<00000000000000000111000001111111>, C4<0>, C4<0>, C4<0>;
L_0x55ab8cf2faa0 .functor AND 32, L_0x55ab8cf24660, L_0x7fe792aab190, C4<11111111111111111111111111111111>, C4<11111111111111111111111111111111>;
L_0x55ab8cf2efe0 .functor OR 1, L_0x55ab8cf2f990, L_0x55ab8cf2fba0, C4<0>, C4<0>;
L_0x7fe792aab220 .functor BUFT 1, C4<11111110000000000111111111111111>, C4<0>, C4<0>, C4<0>;
L_0x55ab8cf2f0f0 .functor AND 32, L_0x55ab8cf24660, L_0x7fe792aab220, C4<11111111111111111111111111111111>, C4<11111111111111111111111111111111>;
L_0x55ab8cf30040 .functor OR 1, L_0x55ab8cf2efe0, L_0x55ab8cf2ff00, C4<0>, C4<0>;
L_0x7fe792aab2b0 .functor BUFT 1, C4<11111110000000000111000001111111>, C4<0>, C4<0>, C4<0>;
L_0x55ab8cf30150 .functor AND 32, L_0x55ab8cf24660, L_0x7fe792aab2b0, C4<11111111111111111111111111111111>, C4<11111111111111111111111111111111>;
L_0x55ab8cf306f0 .functor AND 1, L_0x7fe792ab4b20, L_0x55ab8cf305b0, C4<1>, C4<1>;
L_0x55ab8cf307b0 .functor OR 1, L_0x55ab8cf30040, L_0x55ab8cf306f0, C4<0>, C4<0>;
L_0x7fe792aab340 .functor BUFT 1, C4<11111110000000000111000001111111>, C4<0>, C4<0>, C4<0>;
L_0x55ab8cf30270 .functor AND 32, L_0x55ab8cf24660, L_0x7fe792aab340, C4<11111111111111111111111111111111>, C4<11111111111111111111111111111111>;
L_0x55ab8cf30470 .functor AND 1, L_0x7fe792ab4b20, L_0x55ab8cf30330, C4<1>, C4<1>;
L_0x55ab8cf304e0 .functor OR 1, L_0x55ab8cf307b0, L_0x55ab8cf30470, C4<0>, C4<0>;
L_0x7fe792aab3d0 .functor BUFT 1, C4<11111110000000000111000001111111>, C4<0>, C4<0>, C4<0>;
L_0x55ab8cf30c70 .functor AND 32, L_0x55ab8cf24660, L_0x7fe792aab3d0, C4<11111111111111111111111111111111>, C4<11111111111111111111111111111111>;
L_0x55ab8cf30a00 .functor AND 1, L_0x7fe792ab4b20, L_0x55ab8cf308c0, C4<1>, C4<1>;
L_0x55ab8cf30ac0 .functor OR 1, L_0x55ab8cf304e0, L_0x55ab8cf30a00, C4<0>, C4<0>;
L_0x7fe792aab460 .functor BUFT 1, C4<11111110000000000111000001111111>, C4<0>, C4<0>, C4<0>;
L_0x55ab8cf30d30 .functor AND 32, L_0x55ab8cf24660, L_0x7fe792aab460, C4<11111111111111111111111111111111>, C4<11111111111111111111111111111111>;
L_0x55ab8cf30ee0 .functor AND 1, L_0x7fe792ab4b20, L_0x55ab8cf30da0, C4<1>, C4<1>;
L_0x55ab8cf30fa0 .functor OR 1, L_0x55ab8cf30ac0, L_0x55ab8cf30ee0, C4<0>, C4<0>;
L_0x7fe792aab4f0 .functor BUFT 1, C4<11111110000000000111000001111111>, C4<0>, C4<0>, C4<0>;
L_0x55ab8cf31c40 .functor AND 32, L_0x55ab8cf24660, L_0x7fe792aab4f0, C4<11111111111111111111111111111111>, C4<11111111111111111111111111111111>;
L_0x55ab8cf319f0 .functor AND 1, L_0x7fe792ab4b20, L_0x55ab8cf318b0, C4<1>, C4<1>;
L_0x55ab8cf31ab0 .functor OR 1, L_0x55ab8cf30fa0, L_0x55ab8cf319f0, C4<0>, C4<0>;
L_0x7fe792aab580 .functor BUFT 1, C4<11111110000000000111000001111111>, C4<0>, C4<0>, C4<0>;
L_0x55ab8cf31bc0 .functor AND 32, L_0x55ab8cf24660, L_0x7fe792aab580, C4<11111111111111111111111111111111>, C4<11111111111111111111111111111111>;
L_0x55ab8cf32240 .functor AND 1, L_0x7fe792ab4b20, L_0x55ab8cf32100, C4<1>, C4<1>;
L_0x55ab8cf31d00 .functor OR 1, L_0x55ab8cf31ab0, L_0x55ab8cf32240, C4<0>, C4<0>;
L_0x7fe792aab610 .functor BUFT 1, C4<11111110000000000111000001111111>, C4<0>, C4<0>, C4<0>;
L_0x55ab8cf31e10 .functor AND 32, L_0x55ab8cf24660, L_0x7fe792aab610, C4<11111111111111111111111111111111>, C4<11111111111111111111111111111111>;
L_0x55ab8cf324e0 .functor AND 1, L_0x7fe792ab4b20, L_0x55ab8cf31e80, C4<1>, C4<1>;
L_0x55ab8cf325a0 .functor OR 1, L_0x55ab8cf31d00, L_0x55ab8cf324e0, C4<0>, C4<0>;
L_0x7fe792aab6a0 .functor BUFT 1, C4<11111110000000000111000001111111>, C4<0>, C4<0>, C4<0>;
L_0x55ab8cf31fc0 .functor AND 32, L_0x55ab8cf24660, L_0x7fe792aab6a0, C4<11111111111111111111111111111111>, C4<11111111111111111111111111111111>;
L_0x55ab8cf2fe20 .functor AND 1, L_0x7fe792ab4b20, L_0x55ab8cf2fce0, C4<1>, C4<1>;
L_0x55ab8cf32ed0 .functor OR 1, L_0x55ab8cf325a0, L_0x55ab8cf2fe20, C4<0>, C4<0>;
L_0x55ab8cf32fe0 .functor NOT 1, L_0x55ab8cf32ed0, C4<0>, C4<0>, C4<0>;
L_0x55ab8cf330a0 .functor AND 1, L_0x55ab8cf23050, L_0x55ab8cf32fe0, C4<1>, C4<1>;
L_0x55ab8cf33160 .functor BUFZ 1, L_0x55ab8cf330a0, C4<0>, C4<0>, C4<0>;
L_0x7fe792aab730 .functor BUFT 1, C4<00000000000000000111000001111111>, C4<0>, C4<0>, C4<0>;
L_0x55ab8cf33220 .functor AND 32, L_0x55ab8cf24660, L_0x7fe792aab730, C4<11111111111111111111111111111111>, C4<11111111111111111111111111111111>;
L_0x7fe792aab7c0 .functor BUFT 1, C4<00000000000000000000000001111111>, C4<0>, C4<0>, C4<0>;
L_0x55ab8cf32300 .functor AND 32, L_0x55ab8cf24660, L_0x7fe792aab7c0, C4<11111111111111111111111111111111>, C4<11111111111111111111111111111111>;
L_0x55ab8cf33300 .functor OR 1, L_0x55ab8cf33760, L_0x55ab8cf323c0, C4<0>, C4<0>;
L_0x7fe792aab850 .functor BUFT 1, C4<00000000000000000000000001111111>, C4<0>, C4<0>, C4<0>;
L_0x55ab8cf33410 .functor AND 32, L_0x55ab8cf24660, L_0x7fe792aab850, C4<11111111111111111111111111111111>, C4<11111111111111111111111111111111>;
L_0x55ab8cf33610 .functor OR 1, L_0x55ab8cf33300, L_0x55ab8cf334d0, C4<0>, C4<0>;
L_0x7fe792aab8e0 .functor BUFT 1, C4<00000000000000000000000001111111>, C4<0>, C4<0>, C4<0>;
L_0x55ab8cf338f0 .functor AND 32, L_0x55ab8cf24660, L_0x7fe792aab8e0, C4<11111111111111111111111111111111>, C4<11111111111111111111111111111111>;
L_0x55ab8cf33af0 .functor OR 1, L_0x55ab8cf33610, L_0x55ab8cf339b0, C4<0>, C4<0>;
L_0x7fe792aab970 .functor BUFT 1, C4<00000000000000000111000001111111>, C4<0>, C4<0>, C4<0>;
L_0x55ab8cf33c00 .functor AND 32, L_0x55ab8cf24660, L_0x7fe792aab970, C4<11111111111111111111111111111111>, C4<11111111111111111111111111111111>;
L_0x55ab8cf33e00 .functor OR 1, L_0x55ab8cf33af0, L_0x55ab8cf33cc0, C4<0>, C4<0>;
L_0x7fe792aaba00 .functor BUFT 1, C4<11111100000000000111000001111111>, C4<0>, C4<0>, C4<0>;
L_0x55ab8cf33f10 .functor AND 32, L_0x55ab8cf24660, L_0x7fe792aaba00, C4<11111111111111111111111111111111>, C4<11111111111111111111111111111111>;
L_0x55ab8cf34110 .functor OR 1, L_0x55ab8cf33e00, L_0x55ab8cf33fd0, C4<0>, C4<0>;
L_0x7fe792aaba90 .functor BUFT 1, C4<00000000000000000111000001111111>, C4<0>, C4<0>, C4<0>;
L_0x55ab8cf34220 .functor AND 32, L_0x55ab8cf24660, L_0x7fe792aaba90, C4<11111111111111111111111111111111>, C4<11111111111111111111111111111111>;
L_0x55ab8cf34420 .functor OR 1, L_0x55ab8cf34110, L_0x55ab8cf342e0, C4<0>, C4<0>;
L_0x7fe792aabb20 .functor BUFT 1, C4<00000000000000000111000001111111>, C4<0>, C4<0>, C4<0>;
L_0x55ab8cf34530 .functor AND 32, L_0x55ab8cf24660, L_0x7fe792aabb20, C4<11111111111111111111111111111111>, C4<11111111111111111111111111111111>;
L_0x55ab8cf34730 .functor OR 1, L_0x55ab8cf34420, L_0x55ab8cf345f0, C4<0>, C4<0>;
L_0x7fe792aabbb0 .functor BUFT 1, C4<00000000000000000111000001111111>, C4<0>, C4<0>, C4<0>;
L_0x55ab8cf34840 .functor AND 32, L_0x55ab8cf24660, L_0x7fe792aabbb0, C4<11111111111111111111111111111111>, C4<11111111111111111111111111111111>;
L_0x55ab8cf34a40 .functor OR 1, L_0x55ab8cf34730, L_0x55ab8cf34900, C4<0>, C4<0>;
L_0x7fe792aabc40 .functor BUFT 1, C4<11111100000000000111000001111111>, C4<0>, C4<0>, C4<0>;
L_0x55ab8cf34b50 .functor AND 32, L_0x55ab8cf24660, L_0x7fe792aabc40, C4<11111111111111111111111111111111>, C4<11111111111111111111111111111111>;
L_0x55ab8cf34d50 .functor OR 1, L_0x55ab8cf34a40, L_0x55ab8cf34c10, C4<0>, C4<0>;
L_0x7fe792aabcd0 .functor BUFT 1, C4<11111100000000000111000001111111>, C4<0>, C4<0>, C4<0>;
L_0x55ab8cf34e60 .functor AND 32, L_0x55ab8cf24660, L_0x7fe792aabcd0, C4<11111111111111111111111111111111>, C4<11111111111111111111111111111111>;
L_0x55ab8cf35060 .functor OR 1, L_0x55ab8cf34d50, L_0x55ab8cf34f20, C4<0>, C4<0>;
L_0x7fe792aabd60 .functor BUFT 1, C4<00000000000000000111000001111111>, C4<0>, C4<0>, C4<0>;
L_0x55ab8cf35170 .functor AND 32, L_0x55ab8cf24660, L_0x7fe792aabd60, C4<11111111111111111111111111111111>, C4<11111111111111111111111111111111>;
L_0x55ab8cf35370 .functor OR 1, L_0x55ab8cf35060, L_0x55ab8cf35230, C4<0>, C4<0>;
L_0x7fe792aabdf0 .functor BUFT 1, C4<00000000000000000111000001111111>, C4<0>, C4<0>, C4<0>;
L_0x55ab8cf35480 .functor AND 32, L_0x55ab8cf24660, L_0x7fe792aabdf0, C4<11111111111111111111111111111111>, C4<11111111111111111111111111111111>;
L_0x55ab8cf358d0 .functor OR 1, L_0x55ab8cf35370, L_0x55ab8cf35540, C4<0>, C4<0>;
L_0x7fe792aabe80 .functor BUFT 1, C4<11111110000000000111000001111111>, C4<0>, C4<0>, C4<0>;
L_0x55ab8cf359e0 .functor AND 32, L_0x55ab8cf24660, L_0x7fe792aabe80, C4<11111111111111111111111111111111>, C4<11111111111111111111111111111111>;
L_0x55ab8cf360e0 .functor OR 1, L_0x55ab8cf358d0, L_0x55ab8cf35aa0, C4<0>, C4<0>;
L_0x7fe792aabf10 .functor BUFT 1, C4<11111110000000000111000001111111>, C4<0>, C4<0>, C4<0>;
L_0x55ab8cf361f0 .functor AND 32, L_0x55ab8cf24660, L_0x7fe792aabf10, C4<11111111111111111111111111111111>, C4<11111111111111111111111111111111>;
L_0x55ab8cf35ee0 .functor OR 1, L_0x55ab8cf360e0, L_0x55ab8cf35b40, C4<0>, C4<0>;
L_0x7fe792aabfa0 .functor BUFT 1, C4<11111110000000000111000001111111>, C4<0>, C4<0>, C4<0>;
L_0x55ab8cf35680 .functor AND 32, L_0x55ab8cf24660, L_0x7fe792aabfa0, C4<11111111111111111111111111111111>, C4<11111111111111111111111111111111>;
L_0x55ab8cf35830 .functor OR 1, L_0x55ab8cf35ee0, L_0x55ab8cf356f0, C4<0>, C4<0>;
L_0x7fe792aac030 .functor BUFT 1, C4<11111110000000000111000001111111>, C4<0>, C4<0>, C4<0>;
L_0x55ab8cf36850 .functor AND 32, L_0x55ab8cf24660, L_0x7fe792aac030, C4<11111111111111111111111111111111>, C4<11111111111111111111111111111111>;
L_0x55ab8cf36660 .functor OR 1, L_0x55ab8cf35830, L_0x55ab8cf362b0, C4<0>, C4<0>;
L_0x7fe792aac0c0 .functor BUFT 1, C4<11111110000000000111000001111111>, C4<0>, C4<0>, C4<0>;
L_0x55ab8cf35c80 .functor AND 32, L_0x55ab8cf24660, L_0x7fe792aac0c0, C4<11111111111111111111111111111111>, C4<11111111111111111111111111111111>;
L_0x55ab8cf36e30 .functor OR 1, L_0x55ab8cf36660, L_0x55ab8cf35d40, C4<0>, C4<0>;
L_0x7fe792aac150 .functor BUFT 1, C4<11111110000000000111000001111111>, C4<0>, C4<0>, C4<0>;
L_0x55ab8cf36ef0 .functor AND 32, L_0x55ab8cf24660, L_0x7fe792aac150, C4<11111111111111111111111111111111>, C4<11111111111111111111111111111111>;
L_0x55ab8cf36cd0 .functor OR 1, L_0x55ab8cf36e30, L_0x55ab8cf36910, C4<0>, C4<0>;
L_0x7fe792aac1e0 .functor BUFT 1, C4<11111110000000000111000001111111>, C4<0>, C4<0>, C4<0>;
L_0x55ab8cf363f0 .functor AND 32, L_0x55ab8cf24660, L_0x7fe792aac1e0, C4<11111111111111111111111111111111>, C4<11111111111111111111111111111111>;
L_0x55ab8cf365a0 .functor OR 1, L_0x55ab8cf36cd0, L_0x55ab8cf36460, C4<0>, C4<0>;
L_0x7fe792aac270 .functor BUFT 1, C4<11111110000000000111000001111111>, C4<0>, C4<0>, C4<0>;
L_0x55ab8cf37540 .functor AND 32, L_0x55ab8cf24660, L_0x7fe792aac270, C4<11111111111111111111111111111111>, C4<11111111111111111111111111111111>;
L_0x55ab8cf37380 .functor OR 1, L_0x55ab8cf365a0, L_0x55ab8cf36fb0, C4<0>, C4<0>;
L_0x7fe792aac300 .functor BUFT 1, C4<11111110000000000111000001111111>, C4<0>, C4<0>, C4<0>;
L_0x55ab8cf36a50 .functor AND 32, L_0x55ab8cf24660, L_0x7fe792aac300, C4<11111111111111111111111111111111>, C4<11111111111111111111111111111111>;
L_0x55ab8cf36c50 .functor OR 1, L_0x55ab8cf37380, L_0x55ab8cf36b10, C4<0>, C4<0>;
L_0x7fe792aac390 .functor BUFT 1, C4<11111110000000000111000001111111>, C4<0>, C4<0>, C4<0>;
L_0x55ab8cf37bb0 .functor AND 32, L_0x55ab8cf24660, L_0x7fe792aac390, C4<11111111111111111111111111111111>, C4<11111111111111111111111111111111>;
L_0x55ab8cf379e0 .functor OR 1, L_0x55ab8cf36c50, L_0x55ab8cf37600, C4<0>, C4<0>;
L_0x7fe792aac420 .functor BUFT 1, C4<00000000000000000111000001111111>, C4<0>, C4<0>, C4<0>;
L_0x55ab8cf37af0 .functor AND 32, L_0x55ab8cf24660, L_0x7fe792aac420, C4<11111111111111111111111111111111>, C4<11111111111111111111111111111111>;
L_0x55ab8cf37280 .functor OR 1, L_0x55ab8cf379e0, L_0x55ab8cf37140, C4<0>, C4<0>;
L_0x7fe792aac4b0 .functor BUFT 1, C4<00000000000000000111000001111111>, C4<0>, C4<0>, C4<0>;
L_0x55ab8cf38240 .functor AND 32, L_0x55ab8cf24660, L_0x7fe792aac4b0, C4<11111111111111111111111111111111>, C4<11111111111111111111111111111111>;
L_0x55ab8cf38060 .functor OR 1, L_0x55ab8cf37280, L_0x55ab8cf37c70, C4<0>, C4<0>;
L_0x7fe792aac540 .functor BUFT 1, C4<00000000000000000111000001111111>, C4<0>, C4<0>, C4<0>;
L_0x55ab8cf38170 .functor AND 32, L_0x55ab8cf24660, L_0x7fe792aac540, C4<11111111111111111111111111111111>, C4<11111111111111111111111111111111>;
L_0x55ab8cf378d0 .functor OR 1, L_0x55ab8cf38060, L_0x55ab8cf37790, C4<0>, C4<0>;
L_0x7fe792aac5d0 .functor BUFT 1, C4<00000000000000000111000001111111>, C4<0>, C4<0>, C4<0>;
L_0x55ab8cf388a0 .functor AND 32, L_0x55ab8cf24660, L_0x7fe792aac5d0, C4<11111111111111111111111111111111>, C4<11111111111111111111111111111111>;
L_0x55ab8cf38700 .functor OR 1, L_0x55ab8cf378d0, L_0x55ab8cf38300, C4<0>, C4<0>;
L_0x7fe792aac660 .functor BUFT 1, C4<00000000000000000111000001111111>, C4<0>, C4<0>, C4<0>;
L_0x55ab8cf38810 .functor AND 32, L_0x55ab8cf24660, L_0x7fe792aac660, C4<11111111111111111111111111111111>, C4<11111111111111111111111111111111>;
L_0x55ab8cf37f40 .functor OR 1, L_0x55ab8cf38700, L_0x55ab8cf37e00, C4<0>, C4<0>;
L_0x7fe792aac6f0 .functor BUFT 1, C4<00000000000000000111000001111111>, C4<0>, C4<0>, C4<0>;
L_0x55ab8cf38f20 .functor AND 32, L_0x55ab8cf24660, L_0x7fe792aac6f0, C4<11111111111111111111111111111111>, C4<11111111111111111111111111111111>;
L_0x55ab8cf38d70 .functor OR 1, L_0x55ab8cf37f40, L_0x55ab8cf38960, C4<0>, C4<0>;
L_0x7fe792aac780 .functor BUFT 1, C4<11111110000000000111000001111111>, C4<0>, C4<0>, C4<0>;
L_0x55ab8cf38e80 .functor AND 32, L_0x55ab8cf24660, L_0x7fe792aac780, C4<11111111111111111111111111111111>, C4<11111111111111111111111111111111>;
L_0x55ab8cf385d0 .functor OR 1, L_0x55ab8cf38d70, L_0x55ab8cf38490, C4<0>, C4<0>;
L_0x7fe792aac810 .functor BUFT 1, C4<11111110000000000111000001111111>, C4<0>, C4<0>, C4<0>;
L_0x55ab8cf395c0 .functor AND 32, L_0x55ab8cf24660, L_0x7fe792aac810, C4<11111111111111111111111111111111>, C4<11111111111111111111111111111111>;
L_0x55ab8cf39400 .functor OR 1, L_0x55ab8cf385d0, L_0x55ab8cf38fe0, C4<0>, C4<0>;
L_0x7fe792aac8a0 .functor BUFT 1, C4<11111110000000000111000001111111>, C4<0>, C4<0>, C4<0>;
L_0x55ab8cf39510 .functor AND 32, L_0x55ab8cf24660, L_0x7fe792aac8a0, C4<11111111111111111111111111111111>, C4<11111111111111111111111111111111>;
L_0x55ab8cf38c30 .functor OR 1, L_0x55ab8cf39400, L_0x55ab8cf38af0, C4<0>, C4<0>;
L_0x7fe792aac930 .functor BUFT 1, C4<11111110000000000111000001111111>, C4<0>, C4<0>, C4<0>;
L_0x55ab8cf39c80 .functor AND 32, L_0x55ab8cf24660, L_0x7fe792aac930, C4<11111111111111111111111111111111>, C4<11111111111111111111111111111111>;
L_0x55ab8cf39ab0 .functor OR 1, L_0x55ab8cf38c30, L_0x55ab8cf39680, C4<0>, C4<0>;
L_0x7fe792aac9c0 .functor BUFT 1, C4<11111110000000000111000001111111>, C4<0>, C4<0>, C4<0>;
L_0x55ab8cf39bc0 .functor AND 32, L_0x55ab8cf24660, L_0x7fe792aac9c0, C4<11111111111111111111111111111111>, C4<11111111111111111111111111111111>;
L_0x55ab8cf39260 .functor OR 1, L_0x55ab8cf39ab0, L_0x55ab8cf39120, C4<0>, C4<0>;
L_0x7fe792aaca50 .functor BUFT 1, C4<11111110000000000111000001111111>, C4<0>, C4<0>, C4<0>;
L_0x55ab8cf39370 .functor AND 32, L_0x55ab8cf24660, L_0x7fe792aaca50, C4<11111111111111111111111111111111>, C4<11111111111111111111111111111111>;
L_0x55ab8cf3a180 .functor OR 1, L_0x55ab8cf39260, L_0x55ab8cf39d40, C4<0>, C4<0>;
L_0x7fe792aacae0 .functor BUFT 1, C4<11111110000000000111000001111111>, C4<0>, C4<0>, C4<0>;
L_0x55ab8cf3a290 .functor AND 32, L_0x55ab8cf24660, L_0x7fe792aacae0, C4<11111111111111111111111111111111>, C4<11111111111111111111111111111111>;
L_0x55ab8cf39900 .functor OR 1, L_0x55ab8cf3a180, L_0x55ab8cf397c0, C4<0>, C4<0>;
L_0x7fe792aacb70 .functor BUFT 1, C4<11111110000000000111000001111111>, C4<0>, C4<0>, C4<0>;
L_0x55ab8cf39a10 .functor AND 32, L_0x55ab8cf24660, L_0x7fe792aacb70, C4<11111111111111111111111111111111>, C4<11111111111111111111111111111111>;
L_0x55ab8cf3a800 .functor OR 1, L_0x55ab8cf39900, L_0x55ab8cf3a3b0, C4<0>, C4<0>;
L_0x7fe792aacc00 .functor BUFT 1, C4<00000000000000000111000001111111>, C4<0>, C4<0>, C4<0>;
L_0x55ab8cf3a910 .functor AND 32, L_0x55ab8cf24660, L_0x7fe792aacc00, C4<11111111111111111111111111111111>, C4<11111111111111111111111111111111>;
L_0x55ab8cf39fc0 .functor OR 1, L_0x55ab8cf3a800, L_0x55ab8cf39e80, C4<0>, C4<0>;
L_0x7fe792aacc90 .functor BUFT 1, C4<00000000000000000111000001111111>, C4<0>, C4<0>, C4<0>;
L_0x55ab8cf3a0d0 .functor AND 32, L_0x55ab8cf24660, L_0x7fe792aacc90, C4<11111111111111111111111111111111>, C4<11111111111111111111111111111111>;
L_0x55ab8cf3aea0 .functor OR 1, L_0x55ab8cf39fc0, L_0x55ab8cf3aa40, C4<0>, C4<0>;
L_0x7fe792aacd20 .functor BUFT 1, C4<00000000000000000111000001111111>, C4<0>, C4<0>, C4<0>;
L_0x55ab8cf3afb0 .functor AND 32, L_0x55ab8cf24660, L_0x7fe792aacd20, C4<11111111111111111111111111111111>, C4<11111111111111111111111111111111>;
L_0x55ab8cf3a630 .functor OR 1, L_0x55ab8cf3aea0, L_0x55ab8cf3a4f0, C4<0>, C4<0>;
L_0x7fe792aacdb0 .functor BUFT 1, C4<00000000000000000111000001111111>, C4<0>, C4<0>, C4<0>;
L_0x55ab8cf3a740 .functor AND 32, L_0x55ab8cf24660, L_0x7fe792aacdb0, C4<11111111111111111111111111111111>, C4<11111111111111111111111111111111>;
L_0x55ab8cf3ab80 .functor OR 1, L_0x55ab8cf3a630, L_0x55ab8cf3b780, C4<0>, C4<0>;
L_0x7fe792aace40 .functor BUFT 1, C4<00000000000000000111000001111111>, C4<0>, C4<0>, C4<0>;
L_0x55ab8cf3ac90 .functor AND 32, L_0x55ab8cf24660, L_0x7fe792aace40, C4<11111111111111111111111111111111>, C4<11111111111111111111111111111111>;
L_0x55ab8cf3b0f0 .functor OR 1, L_0x55ab8cf3ab80, L_0x55ab8cf3ad50, C4<0>, C4<0>;
L_0x7fe792aaced0 .functor BUFT 1, C4<00000000000000000111000001111111>, C4<0>, C4<0>, C4<0>;
L_0x55ab8cf3b200 .functor AND 32, L_0x55ab8cf24660, L_0x7fe792aaced0, C4<11111111111111111111111111111111>, C4<11111111111111111111111111111111>;
L_0x55ab8cf3b8c0 .functor OR 1, L_0x55ab8cf3b0f0, L_0x55ab8cf3b2c0, C4<0>, C4<0>;
L_0x7fe792aacf60 .functor BUFT 1, C4<00000000000000000111000001111111>, C4<0>, C4<0>, C4<0>;
L_0x55ab8cf3b9d0 .functor AND 32, L_0x55ab8cf24660, L_0x7fe792aacf60, C4<11111111111111111111111111111111>, C4<11111111111111111111111111111111>;
L_0x7fe792aacff0 .functor BUFT 1, C4<00000000000000000111000001111111>, C4<0>, C4<0>, C4<0>;
L_0x55ab8cf3c2b0 .functor AND 32, L_0x55ab8cf24660, L_0x7fe792aacff0, C4<11111111111111111111111111111111>, C4<11111111111111111111111111111111>;
L_0x55ab8cf3c4b0 .functor OR 1, L_0x55ab8cf3ba90, L_0x55ab8cf3c370, C4<0>, C4<0>;
L_0x7fe792aad080 .functor BUFT 1, C4<00000000000000000111000001111111>, C4<0>, C4<0>, C4<0>;
L_0x55ab8cf3bbd0 .functor AND 32, L_0x55ab8cf24660, L_0x7fe792aad080, C4<11111111111111111111111111111111>, C4<11111111111111111111111111111111>;
L_0x55ab8cf3bdd0 .functor OR 1, L_0x55ab8cf3c4b0, L_0x55ab8cf3bc90, C4<0>, C4<0>;
L_0x7fe792aad110 .functor BUFT 1, C4<00000000000000000111000001111111>, C4<0>, C4<0>, C4<0>;
L_0x55ab8cf3bee0 .functor AND 32, L_0x55ab8cf24660, L_0x7fe792aad110, C4<11111111111111111111111111111111>, C4<11111111111111111111111111111111>;
L_0x55ab8cf3c0e0 .functor OR 1, L_0x55ab8cf3bdd0, L_0x55ab8cf3bfa0, C4<0>, C4<0>;
L_0x7fe792aad1a0 .functor BUFT 1, C4<00000000000000000111000001111111>, C4<0>, C4<0>, C4<0>;
L_0x55ab8cf3c1f0 .functor AND 32, L_0x55ab8cf24660, L_0x7fe792aad1a0, C4<11111111111111111111111111111111>, C4<11111111111111111111111111111111>;
L_0x55ab8cf3cdf0 .functor OR 1, L_0x55ab8cf3c0e0, L_0x55ab8cf3ccb0, C4<0>, C4<0>;
L_0x7fe792aad230 .functor BUFT 1, C4<00000000000000000111000001111111>, C4<0>, C4<0>, C4<0>;
L_0x55ab8cf3c5c0 .functor AND 32, L_0x55ab8cf24660, L_0x7fe792aad230, C4<11111111111111111111111111111111>, C4<11111111111111111111111111111111>;
L_0x55ab8cf3c7c0 .functor OR 1, L_0x55ab8cf3cdf0, L_0x55ab8cf3c680, C4<0>, C4<0>;
L_0x7fe792aad2c0 .functor BUFT 1, C4<11111100000000000111000001111111>, C4<0>, C4<0>, C4<0>;
L_0x55ab8cf3c8d0 .functor AND 32, L_0x55ab8cf24660, L_0x7fe792aad2c0, C4<11111111111111111111111111111111>, C4<11111111111111111111111111111111>;
L_0x55ab8cf3cad0 .functor OR 1, L_0x55ab8cf3c7c0, L_0x55ab8cf3c990, C4<0>, C4<0>;
L_0x7fe792aad350 .functor BUFT 1, C4<11111100000000000111000001111111>, C4<0>, C4<0>, C4<0>;
L_0x55ab8cf3cbe0 .functor AND 32, L_0x55ab8cf24660, L_0x7fe792aad350, C4<11111111111111111111111111111111>, C4<11111111111111111111111111111111>;
L_0x55ab8cf3d760 .functor OR 1, L_0x55ab8cf3cad0, L_0x55ab8cf3d620, C4<0>, C4<0>;
L_0x7fe792aad3e0 .functor BUFT 1, C4<11111100000000000111000001111111>, C4<0>, C4<0>, C4<0>;
L_0x55ab8cf3cf00 .functor AND 32, L_0x55ab8cf24660, L_0x7fe792aad3e0, C4<11111111111111111111111111111111>, C4<11111111111111111111111111111111>;
L_0x55ab8cf3d100 .functor OR 1, L_0x55ab8cf3d760, L_0x55ab8cf3cfc0, C4<0>, C4<0>;
L_0x7fe792aad470 .functor BUFT 1, C4<00000000000000000000000001111111>, C4<0>, C4<0>, C4<0>;
L_0x55ab8cf3d210 .functor AND 32, L_0x55ab8cf24660, L_0x7fe792aad470, C4<11111111111111111111111111111111>, C4<11111111111111111111111111111111>;
L_0x55ab8cf3d410 .functor OR 1, L_0x55ab8cf3d100, L_0x55ab8cf3d2d0, C4<0>, C4<0>;
L_0x7fe792aad500 .functor BUFT 1, C4<00000000000000000000000001111111>, C4<0>, C4<0>, C4<0>;
L_0x55ab8cf3d520 .functor AND 32, L_0x55ab8cf24660, L_0x7fe792aad500, C4<11111111111111111111111111111111>, C4<11111111111111111111111111111111>;
L_0x55ab8cf3b540 .functor OR 1, L_0x55ab8cf3d410, L_0x55ab8cf3b400, C4<0>, C4<0>;
L_0x7fe792aad590 .functor BUFT 1, C4<11111110000000000111000001111111>, C4<0>, C4<0>, C4<0>;
L_0x55ab8cf3b650 .functor AND 32, L_0x55ab8cf24660, L_0x7fe792aad590, C4<11111111111111111111111111111111>, C4<11111111111111111111111111111111>;
L_0x55ab8cf3b710 .functor OR 1, L_0x55ab8cf3b540, L_0x55ab8cf3d870, C4<0>, C4<0>;
L_0x7fe792aad620 .functor BUFT 1, C4<11111110000000000111000001111111>, C4<0>, C4<0>, C4<0>;
L_0x55ab8cf3ddf0 .functor AND 32, L_0x55ab8cf24660, L_0x7fe792aad620, C4<11111111111111111111111111111111>, C4<11111111111111111111111111111111>;
L_0x55ab8cf3dff0 .functor OR 1, L_0x55ab8cf3b710, L_0x55ab8cf3deb0, C4<0>, C4<0>;
L_0x7fe792aad6b0 .functor BUFT 1, C4<11111110000000000111000001111111>, C4<0>, C4<0>, C4<0>;
L_0x55ab8cf3e100 .functor AND 32, L_0x55ab8cf24660, L_0x7fe792aad6b0, C4<11111111111111111111111111111111>, C4<11111111111111111111111111111111>;
L_0x55ab8cf3d9b0 .functor OR 1, L_0x55ab8cf3dff0, L_0x55ab8cf3e1c0, C4<0>, C4<0>;
L_0x7fe792aad740 .functor BUFT 1, C4<11111110000000000111000001111111>, C4<0>, C4<0>, C4<0>;
L_0x55ab8cf3dac0 .functor AND 32, L_0x55ab8cf24660, L_0x7fe792aad740, C4<11111111111111111111111111111111>, C4<11111111111111111111111111111111>;
L_0x55ab8cf3dcc0 .functor OR 1, L_0x55ab8cf3d9b0, L_0x55ab8cf3db80, C4<0>, C4<0>;
L_0x7fe792aad7d0 .functor BUFT 1, C4<11111110000000000111000001111111>, C4<0>, C4<0>, C4<0>;
L_0x55ab8cf3e350 .functor AND 32, L_0x55ab8cf24660, L_0x7fe792aad7d0, C4<11111111111111111111111111111111>, C4<11111111111111111111111111111111>;
L_0x55ab8cf3e910 .functor OR 1, L_0x55ab8cf3dcc0, L_0x55ab8cf3e410, C4<0>, C4<0>;
L_0x7fe792aad860 .functor BUFT 1, C4<11111110000000000111000001111111>, C4<0>, C4<0>, C4<0>;
L_0x55ab8cf3ea20 .functor AND 32, L_0x55ab8cf24660, L_0x7fe792aad860, C4<11111111111111111111111111111111>, C4<11111111111111111111111111111111>;
L_0x55ab8cf3eb80 .functor OR 1, L_0x55ab8cf3e910, L_0x55ab8cf31810, C4<0>, C4<0>;
L_0x7fe792aad8f0 .functor BUFT 1, C4<11111110000000000111000001111111>, C4<0>, C4<0>, C4<0>;
L_0x55ab8cf3f450 .functor AND 32, L_0x55ab8cf24660, L_0x7fe792aad8f0, C4<11111111111111111111111111111111>, C4<11111111111111111111111111111111>;
L_0x55ab8cf31480 .functor OR 1, L_0x55ab8cf3eb80, L_0x55ab8cf3f510, C4<0>, C4<0>;
L_0x7fe792aad980 .functor BUFT 1, C4<11111110000000000111000001111111>, C4<0>, C4<0>, C4<0>;
L_0x55ab8cf31590 .functor AND 32, L_0x55ab8cf24660, L_0x7fe792aad980, C4<11111111111111111111111111111111>, C4<11111111111111111111111111111111>;
L_0x55ab8cf31790 .functor OR 1, L_0x55ab8cf31480, L_0x55ab8cf31650, C4<0>, C4<0>;
L_0x7fe792aada10 .functor BUFT 1, C4<11111110000000000111000001111111>, C4<0>, C4<0>, C4<0>;
L_0x55ab8cf3e5f0 .functor AND 32, L_0x55ab8cf24660, L_0x7fe792aada10, C4<11111111111111111111111111111111>, C4<11111111111111111111111111111111>;
L_0x55ab8cf3f070 .functor OR 1, L_0x55ab8cf31790, L_0x55ab8cf3e6b0, C4<0>, C4<0>;
L_0x7fe792aadaa0 .functor BUFT 1, C4<11111110000000000111000001111111>, C4<0>, C4<0>, C4<0>;
L_0x55ab8cf3e7f0 .functor AND 32, L_0x55ab8cf24660, L_0x7fe792aadaa0, C4<11111111111111111111111111111111>, C4<11111111111111111111111111111111>;
L_0x55ab8cf3f2c0 .functor OR 1, L_0x55ab8cf3f070, L_0x55ab8cf3f180, C4<0>, C4<0>;
L_0x7fe792aadb30 .functor BUFT 1, C4<00000000000000000111000001111111>, C4<0>, C4<0>, C4<0>;
L_0x55ab8cf3f3d0 .functor AND 32, L_0x55ab8cf24660, L_0x7fe792aadb30, C4<11111111111111111111111111111111>, C4<11111111111111111111111111111111>;
L_0x7fe792aadbc0 .functor BUFT 1, C4<00000000000000000111000001111111>, C4<0>, C4<0>, C4<0>;
L_0x55ab8cf40a10 .functor AND 32, L_0x55ab8cf24660, L_0x7fe792aadbc0, C4<11111111111111111111111111111111>, C4<11111111111111111111111111111111>;
L_0x55ab8cf40c10 .functor OR 1, L_0x55ab8cf310b0, L_0x55ab8cf40ad0, C4<0>, C4<0>;
L_0x7fe792aadc50 .functor BUFT 1, C4<00000000000000000111000001111111>, C4<0>, C4<0>, C4<0>;
L_0x55ab8cf40d20 .functor AND 32, L_0x55ab8cf24660, L_0x7fe792aadc50, C4<11111111111111111111111111111111>, C4<11111111111111111111111111111111>;
L_0x55ab8cf31330 .functor OR 1, L_0x55ab8cf40c10, L_0x55ab8cf311f0, C4<0>, C4<0>;
L_0x7fe792aadce0 .functor BUFT 1, C4<00000000000000000111000001111111>, C4<0>, C4<0>, C4<0>;
L_0x55ab8cf3ec90 .functor AND 32, L_0x55ab8cf24660, L_0x7fe792aadce0, C4<11111111111111111111111111111111>, C4<11111111111111111111111111111111>;
L_0x55ab8cf3ee90 .functor OR 1, L_0x55ab8cf31330, L_0x55ab8cf3ed50, C4<0>, C4<0>;
L_0x7fe792aadd70 .functor BUFT 1, C4<00000000000000000111000001111111>, C4<0>, C4<0>, C4<0>;
L_0x55ab8cf3efa0 .functor AND 32, L_0x55ab8cf24660, L_0x7fe792aadd70, C4<11111111111111111111111111111111>, C4<11111111111111111111111111111111>;
L_0x55ab8cf40760 .functor OR 1, L_0x55ab8cf3ee90, L_0x55ab8cf40620, C4<0>, C4<0>;
L_0x7fe792aade00 .functor BUFT 1, C4<00000000000000000111000001111111>, C4<0>, C4<0>, C4<0>;
L_0x55ab8cf40870 .functor AND 32, L_0x55ab8cf24660, L_0x7fe792aade00, C4<11111111111111111111111111111111>, C4<11111111111111111111111111111111>;
L_0x55ab8cf32b70 .functor OR 1, L_0x55ab8cf40760, L_0x55ab8cf40930, C4<0>, C4<0>;
L_0x7fe792aade90 .functor BUFT 1, C4<00000000000000000111000001111111>, C4<0>, C4<0>, C4<0>;
L_0x55ab8cf32c80 .functor AND 32, L_0x55ab8cf24660, L_0x7fe792aade90, C4<11111111111111111111111111111111>, C4<11111111111111111111111111111111>;
L_0x55ab8cf326c0 .functor OR 1, L_0x55ab8cf32b70, L_0x55ab8cf32d40, C4<0>, C4<0>;
L_0x7fe792aadf20 .functor BUFT 1, C4<00000000000000000111000001111111>, C4<0>, C4<0>, C4<0>;
L_0x55ab8cf32780 .functor AND 32, L_0x55ab8cf24660, L_0x7fe792aadf20, C4<11111111111111111111111111111111>, C4<11111111111111111111111111111111>;
L_0x55ab8cf32980 .functor OR 1, L_0x55ab8cf326c0, L_0x55ab8cf32840, C4<0>, C4<0>;
L_0x7fe792aadfb0 .functor BUFT 1, C4<00000000000000000111000001111111>, C4<0>, C4<0>, C4<0>;
L_0x55ab8cf41e10 .functor AND 32, L_0x55ab8cf24660, L_0x7fe792aadfb0, C4<11111111111111111111111111111111>, C4<11111111111111111111111111111111>;
L_0x55ab8cf42440 .functor OR 1, L_0x55ab8cf32980, L_0x55ab8cf41ed0, C4<0>, C4<0>;
L_0x7fe792aae040 .functor BUFT 1, C4<00000000000000000000000001111111>, C4<0>, C4<0>, C4<0>;
L_0x55ab8cf42550 .functor AND 32, L_0x55ab8cf24660, L_0x7fe792aae040, C4<11111111111111111111111111111111>, C4<11111111111111111111111111111111>;
L_0x7fe792aae0d0 .functor BUFT 1, C4<00000000000000000111000001111111>, C4<0>, C4<0>, C4<0>;
L_0x55ab8cf42750 .functor AND 32, L_0x55ab8cf24660, L_0x7fe792aae0d0, C4<11111111111111111111111111111111>, C4<11111111111111111111111111111111>;
L_0x55ab8cf42950 .functor OR 1, L_0x55ab8cf42610, L_0x55ab8cf42810, C4<0>, C4<0>;
L_0x7fe792aae160 .functor BUFT 1, C4<00000000000000000111000001111111>, C4<0>, C4<0>, C4<0>;
L_0x55ab8cf42a60 .functor AND 32, L_0x55ab8cf24660, L_0x7fe792aae160, C4<11111111111111111111111111111111>, C4<11111111111111111111111111111111>;
L_0x55ab8cf42c60 .functor OR 1, L_0x55ab8cf42950, L_0x55ab8cf42b20, C4<0>, C4<0>;
L_0x7fe792aae1f0 .functor BUFT 1, C4<00000000000000000111000001111111>, C4<0>, C4<0>, C4<0>;
L_0x55ab8cf42d70 .functor AND 32, L_0x55ab8cf24660, L_0x7fe792aae1f0, C4<11111111111111111111111111111111>, C4<11111111111111111111111111111111>;
L_0x55ab8cf42f70 .functor OR 1, L_0x55ab8cf42c60, L_0x55ab8cf42e30, C4<0>, C4<0>;
L_0x7fe792aae280 .functor BUFT 1, C4<00000000000000000111000001111111>, C4<0>, C4<0>, C4<0>;
L_0x55ab8cf43080 .functor AND 32, L_0x55ab8cf24660, L_0x7fe792aae280, C4<11111111111111111111111111111111>, C4<11111111111111111111111111111111>;
L_0x55ab8cf43280 .functor OR 1, L_0x55ab8cf42f70, L_0x55ab8cf43140, C4<0>, C4<0>;
L_0x7fe792aae310 .functor BUFT 1, C4<00000000000000000111000001111111>, C4<0>, C4<0>, C4<0>;
L_0x55ab8cf43390 .functor AND 32, L_0x55ab8cf24660, L_0x7fe792aae310, C4<11111111111111111111111111111111>, C4<11111111111111111111111111111111>;
L_0x55ab8cf42010 .functor OR 1, L_0x55ab8cf43280, L_0x55ab8cf43450, C4<0>, C4<0>;
L_0x7fe792aae3a0 .functor BUFT 1, C4<00000000000000000111000001111111>, C4<0>, C4<0>, C4<0>;
L_0x55ab8cf420d0 .functor AND 32, L_0x55ab8cf24660, L_0x7fe792aae3a0, C4<11111111111111111111111111111111>, C4<11111111111111111111111111111111>;
L_0x55ab8cf422d0 .functor OR 1, L_0x55ab8cf42010, L_0x55ab8cf42190, C4<0>, C4<0>;
L_0x7fe792aae430 .functor BUFT 1, C4<00000000000000000111000001111111>, C4<0>, C4<0>, C4<0>;
L_0x55ab8cf439f0 .functor AND 32, L_0x55ab8cf24660, L_0x7fe792aae430, C4<11111111111111111111111111111111>, C4<11111111111111111111111111111111>;
L_0x55ab8cf44060 .functor OR 1, L_0x55ab8cf422d0, L_0x55ab8cf43ab0, C4<0>, C4<0>;
L_0x7fe792aae4c0 .functor BUFT 1, C4<11111110000000000111000001111111>, C4<0>, C4<0>, C4<0>;
L_0x55ab8cf44120 .functor AND 32, L_0x55ab8cf24660, L_0x7fe792aae4c0, C4<11111111111111111111111111111111>, C4<11111111111111111111111111111111>;
L_0x7fe792aae550 .functor BUFT 1, C4<11111110000000000111000001111111>, C4<0>, C4<0>, C4<0>;
L_0x55ab8cf44320 .functor AND 32, L_0x55ab8cf24660, L_0x7fe792aae550, C4<11111111111111111111111111111111>, C4<11111111111111111111111111111111>;
L_0x55ab8cf443e0 .functor OR 1, L_0x55ab8cf441e0, L_0x55ab8cf43590, C4<0>, C4<0>;
L_0x7fe792aae5e0 .functor BUFT 1, C4<11111110000000000111000001111111>, C4<0>, C4<0>, C4<0>;
L_0x55ab8cf436d0 .functor AND 32, L_0x55ab8cf24660, L_0x7fe792aae5e0, C4<11111111111111111111111111111111>, C4<11111111111111111111111111111111>;
L_0x55ab8cf438d0 .functor OR 1, L_0x55ab8cf443e0, L_0x55ab8cf43790, C4<0>, C4<0>;
L_0x7fe792aae670 .functor BUFT 1, C4<11111110000000000111000001111111>, C4<0>, C4<0>, C4<0>;
L_0x55ab8cf43bf0 .functor AND 32, L_0x55ab8cf24660, L_0x7fe792aae670, C4<11111111111111111111111111111111>, C4<11111111111111111111111111111111>;
L_0x55ab8cf43df0 .functor OR 1, L_0x55ab8cf438d0, L_0x55ab8cf43cb0, C4<0>, C4<0>;
L_0x55ab8cf43f00 .functor AND 1, L_0x7fe792ab4b20, L_0x55ab8cf43df0, C4<1>, C4<1>;
L_0x7fe792aae700 .functor BUFT 1, C4<11111110000000000111000001111111>, C4<0>, C4<0>, C4<0>;
L_0x55ab8cf43fc0 .functor AND 32, L_0x55ab8cf24660, L_0x7fe792aae700, C4<11111111111111111111111111111111>, C4<11111111111111111111111111111111>;
L_0x7fe792aae790 .functor BUFT 1, C4<11111110000000000111000001111111>, C4<0>, C4<0>, C4<0>;
L_0x55ab8cf44a30 .functor AND 32, L_0x55ab8cf24660, L_0x7fe792aae790, C4<11111111111111111111111111111111>, C4<11111111111111111111111111111111>;
L_0x55ab8cf450d0 .functor OR 1, L_0x55ab8cf448f0, L_0x55ab8cf44af0, C4<0>, C4<0>;
L_0x7fe792aae820 .functor BUFT 1, C4<11111110000000000111000001111111>, C4<0>, C4<0>, C4<0>;
L_0x55ab8cf44460 .functor AND 32, L_0x55ab8cf24660, L_0x7fe792aae820, C4<11111111111111111111111111111111>, C4<11111111111111111111111111111111>;
L_0x55ab8cf44660 .functor OR 1, L_0x55ab8cf450d0, L_0x55ab8cf44520, C4<0>, C4<0>;
L_0x7fe792aae8b0 .functor BUFT 1, C4<11111110000000000111000001111111>, C4<0>, C4<0>, C4<0>;
L_0x55ab8cf44770 .functor AND 32, L_0x55ab8cf24660, L_0x7fe792aae8b0, C4<11111111111111111111111111111111>, C4<11111111111111111111111111111111>;
L_0x55ab8cf44c30 .functor OR 1, L_0x55ab8cf44660, L_0x55ab8cf44830, C4<0>, C4<0>;
L_0x55ab8cf44d40 .functor AND 1, L_0x7fe792ab4b20, L_0x55ab8cf44c30, C4<1>, C4<1>;
L_0x7fe792aae940 .functor BUFT 1, C4<11111111111111111111111111111111>, C4<0>, C4<0>, C4<0>;
L_0x55ab8cf44e00 .functor AND 32, L_0x55ab8cf24660, L_0x7fe792aae940, C4<11111111111111111111111111111111>, C4<11111111111111111111111111111111>;
L_0x7fe792aae9d0 .functor BUFT 1, C4<11111111111111111111111111111111>, C4<0>, C4<0>, C4<0>;
L_0x55ab8cf45000 .functor AND 32, L_0x55ab8cf24660, L_0x7fe792aae9d0, C4<11111111111111111111111111111111>, C4<11111111111111111111111111111111>;
L_0x55ab8cf457f0 .functor OR 1, L_0x55ab8cf44ec0, L_0x55ab8cf451f0, C4<0>, C4<0>;
L_0x7fe792aaea60 .functor BUFT 1, C4<11001111111111111111111111111111>, C4<0>, C4<0>, C4<0>;
L_0x55ab8cf45900 .functor AND 32, L_0x55ab8cf24660, L_0x7fe792aaea60, C4<11111111111111111111111111111111>, C4<11111111111111111111111111111111>;
L_0x55ab8cf45bb0 .functor OR 1, L_0x55ab8cf457f0, L_0x55ab8cf459c0, C4<0>, C4<0>;
L_0x7fe792aaeaf0 .functor BUFT 1, C4<00000000000000000111000001111111>, C4<0>, C4<0>, C4<0>;
L_0x55ab8cf45cc0 .functor AND 32, L_0x55ab8cf24660, L_0x7fe792aaeaf0, C4<11111111111111111111111111111111>, C4<11111111111111111111111111111111>;
L_0x55ab8cf45ec0 .functor OR 1, L_0x55ab8cf45bb0, L_0x55ab8cf45d80, C4<0>, C4<0>;
L_0x7fe792aaeb80 .functor BUFT 1, C4<00000000000000000111000001111111>, C4<0>, C4<0>, C4<0>;
L_0x55ab8cf45fd0 .functor AND 32, L_0x55ab8cf24660, L_0x7fe792aaeb80, C4<11111111111111111111111111111111>, C4<11111111111111111111111111111111>;
L_0x55ab8cf46180 .functor OR 1, L_0x55ab8cf45ec0, L_0x55ab8cf46040, C4<0>, C4<0>;
L_0x7fe792aaec10 .functor BUFT 1, C4<00000000000000000111000001111111>, C4<0>, C4<0>, C4<0>;
L_0x55ab8cf46290 .functor AND 32, L_0x55ab8cf24660, L_0x7fe792aaec10, C4<11111111111111111111111111111111>, C4<11111111111111111111111111111111>;
L_0x55ab8cf45330 .functor OR 1, L_0x55ab8cf46180, L_0x55ab8cf46350, C4<0>, C4<0>;
L_0x7fe792aaeca0 .functor BUFT 1, C4<00000000000000000111000001111111>, C4<0>, C4<0>, C4<0>;
L_0x55ab8cf45440 .functor AND 32, L_0x55ab8cf24660, L_0x7fe792aaeca0, C4<11111111111111111111111111111111>, C4<11111111111111111111111111111111>;
L_0x55ab8cf45640 .functor OR 1, L_0x55ab8cf45330, L_0x55ab8cf45500, C4<0>, C4<0>;
L_0x7fe792aaed30 .functor BUFT 1, C4<00000000000000000111000001111111>, C4<0>, C4<0>, C4<0>;
L_0x55ab8cf45750 .functor AND 32, L_0x55ab8cf24660, L_0x7fe792aaed30, C4<11111111111111111111111111111111>, C4<11111111111111111111111111111111>;
L_0x55ab8cf46ab0 .functor OR 1, L_0x55ab8cf45640, L_0x55ab8cf46970, C4<0>, C4<0>;
L_0x7fe792aaedc0 .functor BUFT 1, C4<00000000000000000111000001111111>, C4<0>, C4<0>, C4<0>;
L_0x55ab8cf46bc0 .functor AND 32, L_0x55ab8cf24660, L_0x7fe792aaedc0, C4<11111111111111111111111111111111>, C4<11111111111111111111111111111111>;
L_0x55ab8cf46d70 .functor OR 1, L_0x55ab8cf46ab0, L_0x55ab8cf46c80, C4<0>, C4<0>;
L_0x7fe792aaee50 .functor BUFT 1, C4<11111111111111111000111111111111>, C4<0>, C4<0>, C4<0>;
L_0x55ab8cf46e80 .functor AND 32, L_0x55ab8cf24660, L_0x7fe792aaee50, C4<11111111111111111111111111111111>, C4<11111111111111111111111111111111>;
L_0x55ab8cf46490 .functor OR 1, L_0x55ab8cf46d70, L_0x55ab8cf46f40, C4<0>, C4<0>;
L_0x7fe792aaeee0 .functor BUFT 1, C4<00000000000000000111000001111111>, C4<0>, C4<0>, C4<0>;
L_0x55ab8cf46550 .functor AND 32, L_0x55ab8cf24660, L_0x7fe792aaeee0, C4<11111111111111111111111111111111>, C4<11111111111111111111111111111111>;
L_0x55ab8cf46750 .functor OR 1, L_0x55ab8cf46490, L_0x55ab8cf46610, C4<0>, C4<0>;
L_0x7fe792aaef70 .functor BUFT 1, C4<00000000000000000111000001111111>, C4<0>, C4<0>, C4<0>;
L_0x55ab8cf46860 .functor AND 32, L_0x55ab8cf24660, L_0x7fe792aaef70, C4<11111111111111111111111111111111>, C4<11111111111111111111111111111111>;
L_0x55ab8cf47b80 .functor OR 1, L_0x55ab8cf46750, L_0x55ab8cf47580, C4<0>, C4<0>;
L_0x7fe792aaf000 .functor BUFT 1, C4<11111110000000000111111111111111>, C4<0>, C4<0>, C4<0>;
L_0x55ab8cf47c90 .functor AND 32, L_0x55ab8cf24660, L_0x7fe792aaf000, C4<11111111111111111111111111111111>, C4<11111111111111111111111111111111>;
L_0x55ab8cf47d50 .functor OR 1, L_0x55ab8cf47b80, L_0x55ab8cf47080, C4<0>, C4<0>;
L_0x55ab8cf47260 .functor OR 1, L_0x55ab8cf47d50, L_0x55ab8cf330a0, C4<0>, C4<0>;
L_0x55ab8cf47320 .functor OR 1, L_0x55ab8cf47260, L_0x55ab8cf473e0, C4<0>, C4<0>;
v0x55ab8cc76dd0_0 .net/2u *"_ivl_0", 31 0, L_0x7fe792aa9600;  1 drivers
v0x55ab8cc76ed0_0 .net *"_ivl_10", 31 0, L_0x55ab8cf25910;  1 drivers
v0x55ab8cc77620_0 .net *"_ivl_100", 31 0, L_0x55ab8cf27ae0;  1 drivers
v0x55ab8cc781a0_0 .net *"_ivl_1000", 31 0, L_0x55ab8cf3afb0;  1 drivers
L_0x7fe792aacd68 .functor BUFT 1, C4<00000000000000000011000001110011>, C4<0>, C4<0>, C4<0>;
v0x55ab8cc78280_0 .net/2u *"_ivl_1002", 31 0, L_0x7fe792aacd68;  1 drivers
v0x55ab8cc78830_0 .net *"_ivl_1004", 0 0, L_0x55ab8cf3a4f0;  1 drivers
v0x55ab8cc788f0_0 .net *"_ivl_1007", 0 0, L_0x55ab8cf3a630;  1 drivers
v0x55ab8cc790d0_0 .net/2u *"_ivl_1008", 31 0, L_0x7fe792aacdb0;  1 drivers
v0x55ab8cc79190_0 .net *"_ivl_1010", 31 0, L_0x55ab8cf3a740;  1 drivers
L_0x7fe792aacdf8 .functor BUFT 1, C4<00000000000000000101000001110011>, C4<0>, C4<0>, C4<0>;
v0x55ab8ccb71a0_0 .net/2u *"_ivl_1012", 31 0, L_0x7fe792aacdf8;  1 drivers
v0x55ab8ccb7280_0 .net *"_ivl_1014", 0 0, L_0x55ab8cf3b780;  1 drivers
v0x55ab8ce314a0_0 .net *"_ivl_1017", 0 0, L_0x55ab8cf3ab80;  1 drivers
v0x55ab8ce31560_0 .net/2u *"_ivl_1018", 31 0, L_0x7fe792aace40;  1 drivers
L_0x7fe792aa9be8 .functor BUFT 1, C4<00000000000000000000000000010111>, C4<0>, C4<0>, C4<0>;
v0x55ab8ce35350_0 .net/2u *"_ivl_102", 31 0, L_0x7fe792aa9be8;  1 drivers
v0x55ab8ce35430_0 .net *"_ivl_1020", 31 0, L_0x55ab8cf3ac90;  1 drivers
L_0x7fe792aace88 .functor BUFT 1, C4<00000000000000000110000001110011>, C4<0>, C4<0>, C4<0>;
v0x55ab8ce335a0_0 .net/2u *"_ivl_1022", 31 0, L_0x7fe792aace88;  1 drivers
v0x55ab8ce33660_0 .net *"_ivl_1024", 0 0, L_0x55ab8cf3ad50;  1 drivers
v0x55ab8ce326d0_0 .net *"_ivl_1027", 0 0, L_0x55ab8cf3b0f0;  1 drivers
v0x55ab8ce32770_0 .net/2u *"_ivl_1028", 31 0, L_0x7fe792aaced0;  1 drivers
v0x55ab8ce2b2d0_0 .net *"_ivl_1030", 31 0, L_0x55ab8cf3b200;  1 drivers
L_0x7fe792aacf18 .functor BUFT 1, C4<00000000000000000111000001110011>, C4<0>, C4<0>, C4<0>;
v0x55ab8ce2b390_0 .net/2u *"_ivl_1032", 31 0, L_0x7fe792aacf18;  1 drivers
v0x55ab8ccbcd20_0 .net *"_ivl_1034", 0 0, L_0x55ab8cf3b2c0;  1 drivers
v0x55ab8ccbcde0_0 .net/2u *"_ivl_1038", 31 0, L_0x7fe792aacf60;  1 drivers
v0x55ab8ccb8740_0 .net *"_ivl_104", 0 0, L_0x55ab8cf27890;  1 drivers
v0x55ab8ccb8800_0 .net *"_ivl_1040", 31 0, L_0x55ab8cf3b9d0;  1 drivers
L_0x7fe792aacfa8 .functor BUFT 1, C4<00000000000000000111000000010011>, C4<0>, C4<0>, C4<0>;
v0x55ab8ccaba40_0 .net/2u *"_ivl_1042", 31 0, L_0x7fe792aacfa8;  1 drivers
v0x55ab8ccabb20_0 .net *"_ivl_1044", 0 0, L_0x55ab8cf3ba90;  1 drivers
v0x55ab8ccaaec0_0 .net/2u *"_ivl_1046", 31 0, L_0x7fe792aacff0;  1 drivers
v0x55ab8ccaafa0_0 .net *"_ivl_1048", 31 0, L_0x55ab8cf3c2b0;  1 drivers
L_0x7fe792aad038 .functor BUFT 1, C4<00000000000000000000000000010011>, C4<0>, C4<0>, C4<0>;
v0x55ab8ccaa470_0 .net/2u *"_ivl_1050", 31 0, L_0x7fe792aad038;  1 drivers
v0x55ab8ccaa530_0 .net *"_ivl_1052", 0 0, L_0x55ab8cf3c370;  1 drivers
v0x55ab8cc82ce0_0 .net *"_ivl_1055", 0 0, L_0x55ab8cf3c4b0;  1 drivers
v0x55ab8cc82d80_0 .net/2u *"_ivl_1056", 31 0, L_0x7fe792aad080;  1 drivers
v0x55ab8c74f650_0 .net *"_ivl_1058", 31 0, L_0x55ab8cf3bbd0;  1 drivers
L_0x7fe792aad0c8 .functor BUFT 1, C4<00000000000000000010000000010011>, C4<0>, C4<0>, C4<0>;
v0x55ab8c74f730_0 .net/2u *"_ivl_1060", 31 0, L_0x7fe792aad0c8;  1 drivers
v0x55ab8cd80330_0 .net *"_ivl_1062", 0 0, L_0x55ab8cf3bc90;  1 drivers
v0x55ab8cd803f0_0 .net *"_ivl_1065", 0 0, L_0x55ab8cf3bdd0;  1 drivers
v0x55ab8cd5e630_0 .net/2u *"_ivl_1066", 31 0, L_0x7fe792aad110;  1 drivers
v0x55ab8cd5e6f0_0 .net *"_ivl_1068", 31 0, L_0x55ab8cf3bee0;  1 drivers
v0x55ab8cd3a440_0 .net *"_ivl_107", 0 0, L_0x55ab8cf27cf0;  1 drivers
L_0x7fe792aad158 .functor BUFT 1, C4<00000000000000000011000000010011>, C4<0>, C4<0>, C4<0>;
v0x55ab8cd3a500_0 .net/2u *"_ivl_1070", 31 0, L_0x7fe792aad158;  1 drivers
v0x55ab8cd36f20_0 .net *"_ivl_1072", 0 0, L_0x55ab8cf3bfa0;  1 drivers
v0x55ab8cd36fe0_0 .net *"_ivl_1075", 0 0, L_0x55ab8cf3c0e0;  1 drivers
v0x55ab8cd36ae0_0 .net/2u *"_ivl_1076", 31 0, L_0x7fe792aad1a0;  1 drivers
v0x55ab8cd36ba0_0 .net *"_ivl_1078", 31 0, L_0x55ab8cf3c1f0;  1 drivers
v0x55ab8cdbc340_0 .net/2u *"_ivl_108", 31 0, L_0x7fe792aa9c30;  1 drivers
L_0x7fe792aad1e8 .functor BUFT 1, C4<00000000000000000110000000010011>, C4<0>, C4<0>, C4<0>;
v0x55ab8cdbc420_0 .net/2u *"_ivl_1080", 31 0, L_0x7fe792aad1e8;  1 drivers
v0x55ab8cdb6620_0 .net *"_ivl_1082", 0 0, L_0x55ab8cf3ccb0;  1 drivers
v0x55ab8cdb66e0_0 .net *"_ivl_1085", 0 0, L_0x55ab8cf3cdf0;  1 drivers
v0x55ab8cdb6330_0 .net/2u *"_ivl_1086", 31 0, L_0x7fe792aad230;  1 drivers
v0x55ab8cdb63f0_0 .net *"_ivl_1088", 31 0, L_0x55ab8cf3c5c0;  1 drivers
L_0x7fe792aad278 .functor BUFT 1, C4<00000000000000000100000000010011>, C4<0>, C4<0>, C4<0>;
v0x55ab8cdb6040_0 .net/2u *"_ivl_1090", 31 0, L_0x7fe792aad278;  1 drivers
v0x55ab8cdb6120_0 .net *"_ivl_1092", 0 0, L_0x55ab8cf3c680;  1 drivers
v0x55ab8cdb5d50_0 .net *"_ivl_1095", 0 0, L_0x55ab8cf3c7c0;  1 drivers
v0x55ab8cdb5e10_0 .net/2u *"_ivl_1096", 31 0, L_0x7fe792aad2c0;  1 drivers
v0x55ab8cdb5a60_0 .net *"_ivl_1098", 31 0, L_0x55ab8cf3c8d0;  1 drivers
v0x55ab8cdb5b40_0 .net *"_ivl_110", 31 0, L_0x55ab8cf27e00;  1 drivers
L_0x7fe792aad308 .functor BUFT 1, C4<00000000000000000001000000010011>, C4<0>, C4<0>, C4<0>;
v0x55ab8cdb5770_0 .net/2u *"_ivl_1100", 31 0, L_0x7fe792aad308;  1 drivers
v0x55ab8cdb5830_0 .net *"_ivl_1102", 0 0, L_0x55ab8cf3c990;  1 drivers
v0x55ab8cd923d0_0 .net *"_ivl_1105", 0 0, L_0x55ab8cf3cad0;  1 drivers
v0x55ab8cd92470_0 .net/2u *"_ivl_1106", 31 0, L_0x7fe792aad350;  1 drivers
v0x55ab8cd91430_0 .net *"_ivl_1108", 31 0, L_0x55ab8cf3cbe0;  1 drivers
L_0x7fe792aad398 .functor BUFT 1, C4<00000000000000000101000000010011>, C4<0>, C4<0>, C4<0>;
v0x55ab8cd914f0_0 .net/2u *"_ivl_1110", 31 0, L_0x7fe792aad398;  1 drivers
v0x55ab8cd90430_0 .net *"_ivl_1112", 0 0, L_0x55ab8cf3d620;  1 drivers
v0x55ab8cd904f0_0 .net *"_ivl_1115", 0 0, L_0x55ab8cf3d760;  1 drivers
v0x55ab8cd8f110_0 .net/2u *"_ivl_1116", 31 0, L_0x7fe792aad3e0;  1 drivers
v0x55ab8cd8f1d0_0 .net *"_ivl_1118", 31 0, L_0x55ab8cf3cf00;  1 drivers
L_0x7fe792aa9c78 .functor BUFT 1, C4<00000000000000000000000000110011>, C4<0>, C4<0>, C4<0>;
v0x55ab8cd8d940_0 .net/2u *"_ivl_112", 31 0, L_0x7fe792aa9c78;  1 drivers
L_0x7fe792aad428 .functor BUFT 1, C4<01000000000000000101000000010011>, C4<0>, C4<0>, C4<0>;
v0x55ab8cd8da20_0 .net/2u *"_ivl_1120", 31 0, L_0x7fe792aad428;  1 drivers
v0x55ab8cd8ccb0_0 .net *"_ivl_1122", 0 0, L_0x55ab8cf3cfc0;  1 drivers
v0x55ab8cd8cd70_0 .net *"_ivl_1125", 0 0, L_0x55ab8cf3d100;  1 drivers
v0x55ab8cd338a0_0 .net/2u *"_ivl_1126", 31 0, L_0x7fe792aad470;  1 drivers
v0x55ab8cd33960_0 .net *"_ivl_1128", 31 0, L_0x55ab8cf3d210;  1 drivers
L_0x7fe792aad4b8 .functor BUFT 1, C4<00000000000000000000000000110111>, C4<0>, C4<0>, C4<0>;
v0x55ab8cd33460_0 .net/2u *"_ivl_1130", 31 0, L_0x7fe792aad4b8;  1 drivers
v0x55ab8cd33540_0 .net *"_ivl_1132", 0 0, L_0x55ab8cf3d2d0;  1 drivers
v0x55ab8cd87fd0_0 .net *"_ivl_1135", 0 0, L_0x55ab8cf3d410;  1 drivers
v0x55ab8cd88090_0 .net/2u *"_ivl_1136", 31 0, L_0x7fe792aad500;  1 drivers
v0x55ab8cd85d60_0 .net *"_ivl_1138", 31 0, L_0x55ab8cf3d520;  1 drivers
v0x55ab8cd85e40_0 .net *"_ivl_114", 0 0, L_0x55ab8cf27ba0;  1 drivers
L_0x7fe792aad548 .functor BUFT 1, C4<00000000000000000000000000010111>, C4<0>, C4<0>, C4<0>;
v0x55ab8cd850e0_0 .net/2u *"_ivl_1140", 31 0, L_0x7fe792aad548;  1 drivers
v0x55ab8cd851c0_0 .net *"_ivl_1142", 0 0, L_0x55ab8cf3b400;  1 drivers
v0x55ab8cd84460_0 .net *"_ivl_1145", 0 0, L_0x55ab8cf3b540;  1 drivers
v0x55ab8cd84520_0 .net/2u *"_ivl_1146", 31 0, L_0x7fe792aad590;  1 drivers
v0x55ab8cd837e0_0 .net *"_ivl_1148", 31 0, L_0x55ab8cf3b650;  1 drivers
L_0x7fe792aad5d8 .functor BUFT 1, C4<00000000000000000000000000110011>, C4<0>, C4<0>, C4<0>;
v0x55ab8cd838c0_0 .net/2u *"_ivl_1150", 31 0, L_0x7fe792aad5d8;  1 drivers
v0x55ab8cd82b60_0 .net *"_ivl_1152", 0 0, L_0x55ab8cf3d870;  1 drivers
v0x55ab8cd82c20_0 .net *"_ivl_1155", 0 0, L_0x55ab8cf3b710;  1 drivers
v0x55ab8cd6bf00_0 .net/2u *"_ivl_1156", 31 0, L_0x7fe792aad620;  1 drivers
v0x55ab8cd6bfe0_0 .net *"_ivl_1158", 31 0, L_0x55ab8cf3ddf0;  1 drivers
L_0x7fe792aad668 .functor BUFT 1, C4<01000000000000000000000000110011>, C4<0>, C4<0>, C4<0>;
v0x55ab8cd6b740_0 .net/2u *"_ivl_1160", 31 0, L_0x7fe792aad668;  1 drivers
v0x55ab8cd6b800_0 .net *"_ivl_1162", 0 0, L_0x55ab8cf3deb0;  1 drivers
v0x55ab8cd67990_0 .net *"_ivl_1165", 0 0, L_0x55ab8cf3dff0;  1 drivers
v0x55ab8cd67a30_0 .net/2u *"_ivl_1166", 31 0, L_0x7fe792aad6b0;  1 drivers
v0x55ab8cd65190_0 .net *"_ivl_1168", 31 0, L_0x55ab8cf3e100;  1 drivers
v0x55ab8cd65250_0 .net *"_ivl_117", 0 0, L_0x55ab8cf28090;  1 drivers
L_0x7fe792aad6f8 .functor BUFT 1, C4<00000000000000000010000000110011>, C4<0>, C4<0>, C4<0>;
v0x55ab8cd64280_0 .net/2u *"_ivl_1170", 31 0, L_0x7fe792aad6f8;  1 drivers
v0x55ab8cd64340_0 .net *"_ivl_1172", 0 0, L_0x55ab8cf3e1c0;  1 drivers
v0x55ab8cd62c90_0 .net *"_ivl_1175", 0 0, L_0x55ab8cf3d9b0;  1 drivers
v0x55ab8cd62d30_0 .net/2u *"_ivl_1176", 31 0, L_0x7fe792aad740;  1 drivers
v0x55ab8cd70b30_0 .net *"_ivl_1178", 31 0, L_0x55ab8cf3dac0;  1 drivers
v0x55ab8cd70bf0_0 .net/2u *"_ivl_118", 31 0, L_0x7fe792aa9cc0;  1 drivers
L_0x7fe792aad788 .functor BUFT 1, C4<00000000000000000011000000110011>, C4<0>, C4<0>, C4<0>;
v0x55ab8cd6e990_0 .net/2u *"_ivl_1180", 31 0, L_0x7fe792aad788;  1 drivers
v0x55ab8cd6ea70_0 .net *"_ivl_1182", 0 0, L_0x55ab8cf3db80;  1 drivers
v0x55ab8cd6cbe0_0 .net *"_ivl_1185", 0 0, L_0x55ab8cf3dcc0;  1 drivers
v0x55ab8cd6cca0_0 .net/2u *"_ivl_1186", 31 0, L_0x7fe792aad7d0;  1 drivers
v0x55ab8cd47f00_0 .net *"_ivl_1188", 31 0, L_0x55ab8cf3e350;  1 drivers
L_0x7fe792aad818 .functor BUFT 1, C4<00000000000000000100000000110011>, C4<0>, C4<0>, C4<0>;
v0x55ab8cd47fe0_0 .net/2u *"_ivl_1190", 31 0, L_0x7fe792aad818;  1 drivers
v0x55ab8cd47740_0 .net *"_ivl_1192", 0 0, L_0x55ab8cf3e410;  1 drivers
v0x55ab8cd47800_0 .net *"_ivl_1195", 0 0, L_0x55ab8cf3e910;  1 drivers
v0x55ab8cd43990_0 .net/2u *"_ivl_1196", 31 0, L_0x7fe792aad860;  1 drivers
v0x55ab8cd43a50_0 .net *"_ivl_1198", 31 0, L_0x55ab8cf3ea20;  1 drivers
L_0x7fe792aa96d8 .functor BUFT 1, C4<00000000000000000000000000010011>, C4<0>, C4<0>, C4<0>;
v0x55ab8cd41190_0 .net/2u *"_ivl_12", 31 0, L_0x7fe792aa96d8;  1 drivers
v0x55ab8cd41270_0 .net *"_ivl_120", 31 0, L_0x55ab8cf281a0;  1 drivers
L_0x7fe792aad8a8 .functor BUFT 1, C4<00000000000000000110000000110011>, C4<0>, C4<0>, C4<0>;
v0x55ab8cd40280_0 .net/2u *"_ivl_1200", 31 0, L_0x7fe792aad8a8;  1 drivers
v0x55ab8cd40360_0 .net *"_ivl_1202", 0 0, L_0x55ab8cf31810;  1 drivers
v0x55ab8cd3ec90_0 .net *"_ivl_1205", 0 0, L_0x55ab8cf3eb80;  1 drivers
v0x55ab8cd3ed50_0 .net/2u *"_ivl_1206", 31 0, L_0x7fe792aad8f0;  1 drivers
v0x55ab8cd4cb30_0 .net *"_ivl_1208", 31 0, L_0x55ab8cf3f450;  1 drivers
L_0x7fe792aad938 .functor BUFT 1, C4<00000000000000000111000000110011>, C4<0>, C4<0>, C4<0>;
v0x55ab8cd4cbf0_0 .net/2u *"_ivl_1210", 31 0, L_0x7fe792aad938;  1 drivers
v0x55ab8cd4a990_0 .net *"_ivl_1212", 0 0, L_0x55ab8cf3f510;  1 drivers
v0x55ab8cd4aa50_0 .net *"_ivl_1215", 0 0, L_0x55ab8cf31480;  1 drivers
v0x55ab8cd48be0_0 .net/2u *"_ivl_1216", 31 0, L_0x7fe792aad980;  1 drivers
v0x55ab8cd48ca0_0 .net *"_ivl_1218", 31 0, L_0x55ab8cf31590;  1 drivers
L_0x7fe792aa9d08 .functor BUFT 1, C4<01000000000000000000000000110011>, C4<0>, C4<0>, C4<0>;
v0x55ab8cc72910_0 .net/2u *"_ivl_122", 31 0, L_0x7fe792aa9d08;  1 drivers
L_0x7fe792aad9c8 .functor BUFT 1, C4<00000000000000000001000000110011>, C4<0>, C4<0>, C4<0>;
v0x55ab8cc729f0_0 .net/2u *"_ivl_1220", 31 0, L_0x7fe792aad9c8;  1 drivers
v0x55ab8cc71340_0 .net *"_ivl_1222", 0 0, L_0x55ab8cf31650;  1 drivers
v0x55ab8cc71400_0 .net *"_ivl_1225", 0 0, L_0x55ab8cf31790;  1 drivers
v0x55ab8cc6f620_0 .net/2u *"_ivl_1226", 31 0, L_0x7fe792aada10;  1 drivers
v0x55ab8cc6f6e0_0 .net *"_ivl_1228", 31 0, L_0x55ab8cf3e5f0;  1 drivers
L_0x7fe792aada58 .functor BUFT 1, C4<00000000000000000101000000110011>, C4<0>, C4<0>, C4<0>;
v0x55ab8cc6e8a0_0 .net/2u *"_ivl_1230", 31 0, L_0x7fe792aada58;  1 drivers
v0x55ab8cc6e980_0 .net *"_ivl_1232", 0 0, L_0x55ab8cf3e6b0;  1 drivers
v0x55ab8cc6c730_0 .net *"_ivl_1235", 0 0, L_0x55ab8cf3f070;  1 drivers
v0x55ab8cc6c7f0_0 .net/2u *"_ivl_1236", 31 0, L_0x7fe792aadaa0;  1 drivers
v0x55ab8cc6a770_0 .net *"_ivl_1238", 31 0, L_0x55ab8cf3e7f0;  1 drivers
v0x55ab8cc6a850_0 .net *"_ivl_124", 0 0, L_0x55ab8cf27ec0;  1 drivers
L_0x7fe792aadae8 .functor BUFT 1, C4<01000000000000000101000000110011>, C4<0>, C4<0>, C4<0>;
v0x55ab8cacc420_0 .net/2u *"_ivl_1240", 31 0, L_0x7fe792aadae8;  1 drivers
v0x55ab8cacc500_0 .net *"_ivl_1242", 0 0, L_0x55ab8cf3f180;  1 drivers
v0x55ab8cac2f90_0 .net/2u *"_ivl_1246", 31 0, L_0x7fe792aadb30;  1 drivers
v0x55ab8cac3070_0 .net *"_ivl_1248", 31 0, L_0x55ab8cf3f3d0;  1 drivers
L_0x7fe792aadb78 .functor BUFT 1, C4<00000000000000000000000000000011>, C4<0>, C4<0>, C4<0>;
v0x55ab8cac1980_0 .net/2u *"_ivl_1250", 31 0, L_0x7fe792aadb78;  1 drivers
v0x55ab8cac1a60_0 .net *"_ivl_1252", 0 0, L_0x55ab8cf310b0;  1 drivers
v0x55ab8cabf270_0 .net/2u *"_ivl_1254", 31 0, L_0x7fe792aadbc0;  1 drivers
v0x55ab8cabf350_0 .net *"_ivl_1256", 31 0, L_0x55ab8cf40a10;  1 drivers
L_0x7fe792aadc08 .functor BUFT 1, C4<00000000000000000001000000000011>, C4<0>, C4<0>, C4<0>;
v0x55ab8cabd440_0 .net/2u *"_ivl_1258", 31 0, L_0x7fe792aadc08;  1 drivers
v0x55ab8cabd500_0 .net *"_ivl_1260", 0 0, L_0x55ab8cf40ad0;  1 drivers
v0x55ab8ce07a60_0 .net *"_ivl_1263", 0 0, L_0x55ab8cf40c10;  1 drivers
v0x55ab8ce07b00_0 .net/2u *"_ivl_1264", 31 0, L_0x7fe792aadc50;  1 drivers
v0x55ab8ce04ab0_0 .net *"_ivl_1266", 31 0, L_0x55ab8cf40d20;  1 drivers
L_0x7fe792aadc98 .functor BUFT 1, C4<00000000000000000010000000000011>, C4<0>, C4<0>, C4<0>;
v0x55ab8ce04b70_0 .net/2u *"_ivl_1268", 31 0, L_0x7fe792aadc98;  1 drivers
v0x55ab8ce01b00_0 .net *"_ivl_127", 0 0, L_0x55ab8cf283d0;  1 drivers
v0x55ab8ce01bc0_0 .net *"_ivl_1270", 0 0, L_0x55ab8cf311f0;  1 drivers
v0x55ab8cdda830_0 .net *"_ivl_1273", 0 0, L_0x55ab8cf31330;  1 drivers
v0x55ab8cdda8d0_0 .net/2u *"_ivl_1274", 31 0, L_0x7fe792aadce0;  1 drivers
v0x55ab8cdd7880_0 .net *"_ivl_1276", 31 0, L_0x55ab8cf3ec90;  1 drivers
L_0x7fe792aadd28 .functor BUFT 1, C4<00000000000000000100000000000011>, C4<0>, C4<0>, C4<0>;
v0x55ab8cdd7940_0 .net/2u *"_ivl_1278", 31 0, L_0x7fe792aadd28;  1 drivers
v0x55ab8cdd48d0_0 .net/2u *"_ivl_128", 31 0, L_0x7fe792aa9d50;  1 drivers
v0x55ab8cdd49b0_0 .net *"_ivl_1280", 0 0, L_0x55ab8cf3ed50;  1 drivers
v0x55ab8cd29480_0 .net *"_ivl_1283", 0 0, L_0x55ab8cf3ee90;  1 drivers
v0x55ab8cd29540_0 .net/2u *"_ivl_1284", 31 0, L_0x7fe792aadd70;  1 drivers
v0x55ab8cd06420_0 .net *"_ivl_1286", 31 0, L_0x55ab8cf3efa0;  1 drivers
L_0x7fe792aaddb8 .functor BUFT 1, C4<00000000000000000101000000000011>, C4<0>, C4<0>, C4<0>;
v0x55ab8cd06500_0 .net/2u *"_ivl_1288", 31 0, L_0x7fe792aaddb8;  1 drivers
v0x55ab8cd05590_0 .net *"_ivl_1290", 0 0, L_0x55ab8cf40620;  1 drivers
v0x55ab8cd05650_0 .net *"_ivl_1293", 0 0, L_0x55ab8cf40760;  1 drivers
v0x55ab8cd047a0_0 .net/2u *"_ivl_1294", 31 0, L_0x7fe792aade00;  1 drivers
v0x55ab8cd04860_0 .net *"_ivl_1296", 31 0, L_0x55ab8cf40870;  1 drivers
L_0x7fe792aade48 .functor BUFT 1, C4<00000000000000000110000000000011>, C4<0>, C4<0>, C4<0>;
v0x55ab8cd03af0_0 .net/2u *"_ivl_1298", 31 0, L_0x7fe792aade48;  1 drivers
v0x55ab8cd03bd0_0 .net *"_ivl_130", 31 0, L_0x55ab8cf284e0;  1 drivers
v0x55ab8cd02950_0 .net *"_ivl_1300", 0 0, L_0x55ab8cf40930;  1 drivers
v0x55ab8cd02a10_0 .net *"_ivl_1303", 0 0, L_0x55ab8cf32b70;  1 drivers
v0x55ab8cd02660_0 .net/2u *"_ivl_1304", 31 0, L_0x7fe792aade90;  1 drivers
v0x55ab8cd02720_0 .net *"_ivl_1306", 31 0, L_0x55ab8cf32c80;  1 drivers
L_0x7fe792aaded8 .functor BUFT 1, C4<00000000000000000000000000100011>, C4<0>, C4<0>, C4<0>;
v0x55ab8cd02370_0 .net/2u *"_ivl_1308", 31 0, L_0x7fe792aaded8;  1 drivers
v0x55ab8cd02450_0 .net *"_ivl_1310", 0 0, L_0x55ab8cf32d40;  1 drivers
v0x55ab8cd02080_0 .net *"_ivl_1313", 0 0, L_0x55ab8cf326c0;  1 drivers
v0x55ab8cd02140_0 .net/2u *"_ivl_1314", 31 0, L_0x7fe792aadf20;  1 drivers
v0x55ab8cce0630_0 .net *"_ivl_1316", 31 0, L_0x55ab8cf32780;  1 drivers
L_0x7fe792aadf68 .functor BUFT 1, C4<00000000000000000001000000100011>, C4<0>, C4<0>, C4<0>;
v0x55ab8cce0710_0 .net/2u *"_ivl_1318", 31 0, L_0x7fe792aadf68;  1 drivers
L_0x7fe792aa9d98 .functor BUFT 1, C4<00000000000000000010000000110011>, C4<0>, C4<0>, C4<0>;
v0x55ab8cd13360_0 .net/2u *"_ivl_132", 31 0, L_0x7fe792aa9d98;  1 drivers
v0x55ab8cd13420_0 .net *"_ivl_1320", 0 0, L_0x55ab8cf32840;  1 drivers
v0x55ab8cc8af50_0 .net *"_ivl_1323", 0 0, L_0x55ab8cf32980;  1 drivers
v0x55ab8cc8b010_0 .net/2u *"_ivl_1324", 31 0, L_0x7fe792aadfb0;  1 drivers
v0x55ab8ccb93f0_0 .net *"_ivl_1326", 31 0, L_0x55ab8cf41e10;  1 drivers
L_0x7fe792aadff8 .functor BUFT 1, C4<00000000000000000010000000100011>, C4<0>, C4<0>, C4<0>;
v0x55ab8ccb94d0_0 .net/2u *"_ivl_1328", 31 0, L_0x7fe792aadff8;  1 drivers
v0x55ab8ccb6eb0_0 .net *"_ivl_1330", 0 0, L_0x55ab8cf41ed0;  1 drivers
v0x55ab8ccb6f70_0 .net/2u *"_ivl_1334", 31 0, L_0x7fe792aae040;  1 drivers
v0x55ab8ccaf350_0 .net *"_ivl_1336", 31 0, L_0x55ab8cf42550;  1 drivers
L_0x7fe792aae088 .functor BUFT 1, C4<00000000000000000000000001101111>, C4<0>, C4<0>, C4<0>;
v0x55ab8ccaf430_0 .net/2u *"_ivl_1338", 31 0, L_0x7fe792aae088;  1 drivers
v0x55ab8cca97c0_0 .net *"_ivl_134", 0 0, L_0x55ab8cf28260;  1 drivers
v0x55ab8cca9880_0 .net *"_ivl_1340", 0 0, L_0x55ab8cf42610;  1 drivers
v0x55ab8cca7770_0 .net/2u *"_ivl_1342", 31 0, L_0x7fe792aae0d0;  1 drivers
v0x55ab8cca7850_0 .net *"_ivl_1344", 31 0, L_0x55ab8cf42750;  1 drivers
L_0x7fe792aae118 .functor BUFT 1, C4<00000000000000000000000001100111>, C4<0>, C4<0>, C4<0>;
v0x55ab8cca5720_0 .net/2u *"_ivl_1346", 31 0, L_0x7fe792aae118;  1 drivers
v0x55ab8cca5800_0 .net *"_ivl_1348", 0 0, L_0x55ab8cf42810;  1 drivers
v0x55ab8cca36d0_0 .net *"_ivl_1351", 0 0, L_0x55ab8cf42950;  1 drivers
v0x55ab8cca3790_0 .net/2u *"_ivl_1352", 31 0, L_0x7fe792aae160;  1 drivers
v0x55ab8cc9fd70_0 .net *"_ivl_1354", 31 0, L_0x55ab8cf42a60;  1 drivers
L_0x7fe792aae1a8 .functor BUFT 1, C4<00000000000000000000000001100011>, C4<0>, C4<0>, C4<0>;
v0x55ab8cc9fe50_0 .net/2u *"_ivl_1356", 31 0, L_0x7fe792aae1a8;  1 drivers
v0x55ab8cc839b0_0 .net *"_ivl_1358", 0 0, L_0x55ab8cf42b20;  1 drivers
v0x55ab8cc83a70_0 .net *"_ivl_1361", 0 0, L_0x55ab8cf42c60;  1 drivers
v0x55ab8cc96c50_0 .net/2u *"_ivl_1362", 31 0, L_0x7fe792aae1f0;  1 drivers
v0x55ab8cc96d30_0 .net *"_ivl_1364", 31 0, L_0x55ab8cf42d70;  1 drivers
L_0x7fe792aae238 .functor BUFT 1, C4<00000000000000000001000001100011>, C4<0>, C4<0>, C4<0>;
v0x55ab8cc94730_0 .net/2u *"_ivl_1366", 31 0, L_0x7fe792aae238;  1 drivers
v0x55ab8cc94810_0 .net *"_ivl_1368", 0 0, L_0x55ab8cf42e30;  1 drivers
v0x55ab8cc92210_0 .net *"_ivl_137", 0 0, L_0x55ab8cf28020;  1 drivers
v0x55ab8cc922d0_0 .net *"_ivl_1371", 0 0, L_0x55ab8cf42f70;  1 drivers
v0x55ab8cc825f0_0 .net/2u *"_ivl_1372", 31 0, L_0x7fe792aae280;  1 drivers
v0x55ab8cc826d0_0 .net *"_ivl_1374", 31 0, L_0x55ab8cf43080;  1 drivers
L_0x7fe792aae2c8 .functor BUFT 1, C4<00000000000000000100000001100011>, C4<0>, C4<0>, C4<0>;
v0x55ab8cc8e8b0_0 .net/2u *"_ivl_1376", 31 0, L_0x7fe792aae2c8;  1 drivers
v0x55ab8cc8e990_0 .net *"_ivl_1378", 0 0, L_0x55ab8cf43140;  1 drivers
v0x55ab8cd8c150_0 .net/2u *"_ivl_138", 31 0, L_0x7fe792aa9de0;  1 drivers
v0x55ab8cd8c230_0 .net *"_ivl_1381", 0 0, L_0x55ab8cf43280;  1 drivers
v0x55ab8cd6a340_0 .net/2u *"_ivl_1382", 31 0, L_0x7fe792aae310;  1 drivers
v0x55ab8cd6a420_0 .net *"_ivl_1384", 31 0, L_0x55ab8cf43390;  1 drivers
L_0x7fe792aae358 .functor BUFT 1, C4<00000000000000000101000001100011>, C4<0>, C4<0>, C4<0>;
v0x55ab8cd5f780_0 .net/2u *"_ivl_1386", 31 0, L_0x7fe792aae358;  1 drivers
v0x55ab8cd5f840_0 .net *"_ivl_1388", 0 0, L_0x55ab8cf43450;  1 drivers
v0x55ab8cd46340_0 .net *"_ivl_1391", 0 0, L_0x55ab8cf42010;  1 drivers
v0x55ab8cd46400_0 .net/2u *"_ivl_1392", 31 0, L_0x7fe792aae3a0;  1 drivers
v0x55ab8cd3b780_0 .net *"_ivl_1394", 31 0, L_0x55ab8cf420d0;  1 drivers
L_0x7fe792aae3e8 .functor BUFT 1, C4<00000000000000000110000001100011>, C4<0>, C4<0>, C4<0>;
v0x55ab8cd3b860_0 .net/2u *"_ivl_1396", 31 0, L_0x7fe792aae3e8;  1 drivers
v0x55ab8cc6de10_0 .net *"_ivl_1398", 0 0, L_0x55ab8cf42190;  1 drivers
v0x55ab8cc6ded0_0 .net *"_ivl_14", 0 0, L_0x55ab8cf25a90;  1 drivers
v0x55ab8cc708c0_0 .net *"_ivl_140", 31 0, L_0x55ab8cf287c0;  1 drivers
v0x55ab8cc709a0_0 .net *"_ivl_1401", 0 0, L_0x55ab8cf422d0;  1 drivers
v0x55ab8cabb7f0_0 .net/2u *"_ivl_1402", 31 0, L_0x7fe792aae430;  1 drivers
v0x55ab8cabb8d0_0 .net *"_ivl_1404", 31 0, L_0x55ab8cf439f0;  1 drivers
L_0x7fe792aae478 .functor BUFT 1, C4<00000000000000000111000001100011>, C4<0>, C4<0>, C4<0>;
v0x55ab8cbe7c50_0 .net/2u *"_ivl_1406", 31 0, L_0x7fe792aae478;  1 drivers
v0x55ab8cbe7d30_0 .net *"_ivl_1408", 0 0, L_0x55ab8cf43ab0;  1 drivers
v0x55ab8cc688a0_0 .net/2u *"_ivl_1412", 31 0, L_0x7fe792aae4c0;  1 drivers
v0x55ab8cc68980_0 .net *"_ivl_1414", 31 0, L_0x55ab8cf44120;  1 drivers
L_0x7fe792aae508 .functor BUFT 1, C4<00000010000000000000000000110011>, C4<0>, C4<0>, C4<0>;
v0x55ab8cc57d60_0 .net/2u *"_ivl_1416", 31 0, L_0x7fe792aae508;  1 drivers
v0x55ab8cc57e40_0 .net *"_ivl_1418", 0 0, L_0x55ab8cf441e0;  1 drivers
L_0x7fe792aa9e28 .functor BUFT 1, C4<00000000000000000011000000110011>, C4<0>, C4<0>, C4<0>;
v0x55ab8cc52c10_0 .net/2u *"_ivl_142", 31 0, L_0x7fe792aa9e28;  1 drivers
v0x55ab8cc52cf0_0 .net/2u *"_ivl_1420", 31 0, L_0x7fe792aae550;  1 drivers
v0x55ab8cc4dac0_0 .net *"_ivl_1422", 31 0, L_0x55ab8cf44320;  1 drivers
L_0x7fe792aae598 .functor BUFT 1, C4<00000010000000000001000000110011>, C4<0>, C4<0>, C4<0>;
v0x55ab8cc4dba0_0 .net/2u *"_ivl_1424", 31 0, L_0x7fe792aae598;  1 drivers
v0x55ab8cc43c20_0 .net *"_ivl_1426", 0 0, L_0x55ab8cf43590;  1 drivers
v0x55ab8cc43cc0_0 .net *"_ivl_1429", 0 0, L_0x55ab8cf443e0;  1 drivers
v0x55ab8cc38940_0 .net/2u *"_ivl_1430", 31 0, L_0x7fe792aae5e0;  1 drivers
v0x55ab8cc38a20_0 .net *"_ivl_1432", 31 0, L_0x55ab8cf436d0;  1 drivers
L_0x7fe792aae628 .functor BUFT 1, C4<00000010000000000010000000110011>, C4<0>, C4<0>, C4<0>;
v0x55ab8cc1e360_0 .net/2u *"_ivl_1434", 31 0, L_0x7fe792aae628;  1 drivers
v0x55ab8cc1e440_0 .net *"_ivl_1436", 0 0, L_0x55ab8cf43790;  1 drivers
v0x55ab8cb19ed0_0 .net *"_ivl_1439", 0 0, L_0x55ab8cf438d0;  1 drivers
v0x55ab8cb19f90_0 .net *"_ivl_144", 0 0, L_0x55ab8cf285a0;  1 drivers
v0x55ab8cb9ab20_0 .net/2u *"_ivl_1440", 31 0, L_0x7fe792aae670;  1 drivers
v0x55ab8cb9ac00_0 .net *"_ivl_1442", 31 0, L_0x55ab8cf43bf0;  1 drivers
L_0x7fe792aae6b8 .functor BUFT 1, C4<00000010000000000011000000110011>, C4<0>, C4<0>, C4<0>;
v0x55ab8cb89fe0_0 .net/2u *"_ivl_1444", 31 0, L_0x7fe792aae6b8;  1 drivers
v0x55ab8cb8a0c0_0 .net *"_ivl_1446", 0 0, L_0x55ab8cf43cb0;  1 drivers
v0x55ab8cb84e90_0 .net *"_ivl_1449", 0 0, L_0x55ab8cf43df0;  1 drivers
v0x55ab8cb84f50_0 .net/2u *"_ivl_1452", 31 0, L_0x7fe792aae700;  1 drivers
v0x55ab8cb7fd40_0 .net *"_ivl_1454", 31 0, L_0x55ab8cf43fc0;  1 drivers
L_0x7fe792aae748 .functor BUFT 1, C4<00000010000000000100000000110011>, C4<0>, C4<0>, C4<0>;
v0x55ab8cb7fe20_0 .net/2u *"_ivl_1456", 31 0, L_0x7fe792aae748;  1 drivers
v0x55ab8cb75ea0_0 .net *"_ivl_1458", 0 0, L_0x55ab8cf448f0;  1 drivers
v0x55ab8cb75f60_0 .net/2u *"_ivl_1460", 31 0, L_0x7fe792aae790;  1 drivers
v0x55ab8cb6abc0_0 .net *"_ivl_1462", 31 0, L_0x55ab8cf44a30;  1 drivers
L_0x7fe792aae7d8 .functor BUFT 1, C4<00000010000000000101000000110011>, C4<0>, C4<0>, C4<0>;
v0x55ab8cb6aca0_0 .net/2u *"_ivl_1464", 31 0, L_0x7fe792aae7d8;  1 drivers
v0x55ab8cb505e0_0 .net *"_ivl_1466", 0 0, L_0x55ab8cf44af0;  1 drivers
v0x55ab8cb506a0_0 .net *"_ivl_1469", 0 0, L_0x55ab8cf450d0;  1 drivers
v0x55ab8ce14e10_0 .net *"_ivl_147", 0 0, L_0x55ab8cf28a10;  1 drivers
v0x55ab8ce14ed0_0 .net/2u *"_ivl_1470", 31 0, L_0x7fe792aae820;  1 drivers
v0x55ab8caa6bb0_0 .net *"_ivl_1472", 31 0, L_0x55ab8cf44460;  1 drivers
L_0x7fe792aae868 .functor BUFT 1, C4<00000010000000000110000000110011>, C4<0>, C4<0>, C4<0>;
v0x55ab8caa6c90_0 .net/2u *"_ivl_1474", 31 0, L_0x7fe792aae868;  1 drivers
v0x55ab8caa69d0_0 .net *"_ivl_1476", 0 0, L_0x55ab8cf44520;  1 drivers
v0x55ab8caa6a90_0 .net *"_ivl_1479", 0 0, L_0x55ab8cf44660;  1 drivers
v0x55ab8caa67f0_0 .net/2u *"_ivl_148", 31 0, L_0x7fe792aa9e70;  1 drivers
v0x55ab8caa68d0_0 .net/2u *"_ivl_1480", 31 0, L_0x7fe792aae8b0;  1 drivers
v0x55ab8cde79b0_0 .net *"_ivl_1482", 31 0, L_0x55ab8cf44770;  1 drivers
L_0x7fe792aae8f8 .functor BUFT 1, C4<00000010000000000111000000110011>, C4<0>, C4<0>, C4<0>;
v0x55ab8cde7a90_0 .net/2u *"_ivl_1484", 31 0, L_0x7fe792aae8f8;  1 drivers
v0x55ab8ca993b0_0 .net *"_ivl_1486", 0 0, L_0x55ab8cf44830;  1 drivers
v0x55ab8ca99470_0 .net *"_ivl_1489", 0 0, L_0x55ab8cf44c30;  1 drivers
v0x55ab8ca991d0_0 .net/2u *"_ivl_1492", 31 0, L_0x7fe792aae940;  1 drivers
v0x55ab8ca992b0_0 .net *"_ivl_1494", 31 0, L_0x55ab8cf44e00;  1 drivers
L_0x7fe792aae988 .functor BUFT 1, C4<00000000000000000000000001110011>, C4<0>, C4<0>, C4<0>;
v0x55ab8ca98ff0_0 .net/2u *"_ivl_1496", 31 0, L_0x7fe792aae988;  1 drivers
v0x55ab8ca990d0_0 .net *"_ivl_1498", 0 0, L_0x55ab8cf44ec0;  1 drivers
v0x55ab8cd26120_0 .net *"_ivl_150", 31 0, L_0x55ab8cf28b20;  1 drivers
v0x55ab8cd26200_0 .net/2u *"_ivl_1500", 31 0, L_0x7fe792aae9d0;  1 drivers
v0x55ab8cd23c00_0 .net *"_ivl_1502", 31 0, L_0x55ab8cf45000;  1 drivers
L_0x7fe792aaea18 .functor BUFT 1, C4<00000000000100000000000001110011>, C4<0>, C4<0>, C4<0>;
v0x55ab8cd23cc0_0 .net/2u *"_ivl_1504", 31 0, L_0x7fe792aaea18;  1 drivers
v0x55ab8cd28640_0 .net *"_ivl_1506", 0 0, L_0x55ab8cf451f0;  1 drivers
v0x55ab8cd28700_0 .net *"_ivl_1509", 0 0, L_0x55ab8cf457f0;  1 drivers
v0x55ab8ccd6af0_0 .net/2u *"_ivl_1510", 31 0, L_0x7fe792aaea60;  1 drivers
v0x55ab8ccd6bd0_0 .net *"_ivl_1512", 31 0, L_0x55ab8cf45900;  1 drivers
L_0x7fe792aaeaa8 .functor BUFT 1, C4<00000000001000000000000001110011>, C4<0>, C4<0>, C4<0>;
v0x55ab8ccd5660_0 .net/2u *"_ivl_1514", 31 0, L_0x7fe792aaeaa8;  1 drivers
v0x55ab8ccd5740_0 .net *"_ivl_1516", 0 0, L_0x55ab8cf459c0;  1 drivers
v0x55ab8ccd41d0_0 .net *"_ivl_1519", 0 0, L_0x55ab8cf45bb0;  1 drivers
L_0x7fe792aa9eb8 .functor BUFT 1, C4<00000000000000000100000000110011>, C4<0>, C4<0>, C4<0>;
v0x55ab8ccd4290_0 .net/2u *"_ivl_152", 31 0, L_0x7fe792aa9eb8;  1 drivers
v0x55ab8ccd2d40_0 .net/2u *"_ivl_1520", 31 0, L_0x7fe792aaeaf0;  1 drivers
v0x55ab8ccd2e20_0 .net *"_ivl_1522", 31 0, L_0x55ab8cf45cc0;  1 drivers
L_0x7fe792aaeb38 .functor BUFT 1, C4<00000000000000000001000001110011>, C4<0>, C4<0>, C4<0>;
v0x55ab8ccd18b0_0 .net/2u *"_ivl_1524", 31 0, L_0x7fe792aaeb38;  1 drivers
v0x55ab8ccd1990_0 .net *"_ivl_1526", 0 0, L_0x55ab8cf45d80;  1 drivers
v0x55ab8ccd0420_0 .net *"_ivl_1529", 0 0, L_0x55ab8cf45ec0;  1 drivers
v0x55ab8ccd04e0_0 .net/2u *"_ivl_1530", 31 0, L_0x7fe792aaeb80;  1 drivers
v0x55ab8ccceb50_0 .net *"_ivl_1532", 31 0, L_0x55ab8cf45fd0;  1 drivers
L_0x7fe792aaebc8 .functor BUFT 1, C4<00000000000000000010000001110011>, C4<0>, C4<0>, C4<0>;
v0x55ab8cccec30_0 .net/2u *"_ivl_1534", 31 0, L_0x7fe792aaebc8;  1 drivers
v0x55ab8ccdda40_0 .net *"_ivl_1536", 0 0, L_0x55ab8cf46040;  1 drivers
v0x55ab8ccddb00_0 .net *"_ivl_1539", 0 0, L_0x55ab8cf46180;  1 drivers
v0x55ab8ccdbd30_0 .net *"_ivl_154", 0 0, L_0x55ab8cf28880;  1 drivers
v0x55ab8ccdbdf0_0 .net/2u *"_ivl_1540", 31 0, L_0x7fe792aaec10;  1 drivers
v0x55ab8ccda8a0_0 .net *"_ivl_1542", 31 0, L_0x55ab8cf46290;  1 drivers
L_0x7fe792aaec58 .functor BUFT 1, C4<00000000000000000011000001110011>, C4<0>, C4<0>, C4<0>;
v0x55ab8ccda980_0 .net/2u *"_ivl_1544", 31 0, L_0x7fe792aaec58;  1 drivers
v0x55ab8ccd9410_0 .net *"_ivl_1546", 0 0, L_0x55ab8cf46350;  1 drivers
v0x55ab8ccd94d0_0 .net *"_ivl_1549", 0 0, L_0x55ab8cf45330;  1 drivers
v0x55ab8ccd7f80_0 .net/2u *"_ivl_1550", 31 0, L_0x7fe792aaeca0;  1 drivers
v0x55ab8ccd8060_0 .net *"_ivl_1552", 31 0, L_0x55ab8cf45440;  1 drivers
L_0x7fe792aaece8 .functor BUFT 1, C4<00000000000000000101000001110011>, C4<0>, C4<0>, C4<0>;
v0x55ab8cd15aa0_0 .net/2u *"_ivl_1554", 31 0, L_0x7fe792aaece8;  1 drivers
v0x55ab8cd15b80_0 .net *"_ivl_1556", 0 0, L_0x55ab8cf45500;  1 drivers
v0x55ab8cc7b730_0 .net *"_ivl_1559", 0 0, L_0x55ab8cf45640;  1 drivers
v0x55ab8cc7b7f0_0 .net/2u *"_ivl_1560", 31 0, L_0x7fe792aaed30;  1 drivers
v0x55ab8ccb22e0_0 .net *"_ivl_1562", 31 0, L_0x55ab8cf45750;  1 drivers
L_0x7fe792aaed78 .functor BUFT 1, C4<00000000000000000110000001110011>, C4<0>, C4<0>, C4<0>;
v0x55ab8ccb23c0_0 .net/2u *"_ivl_1564", 31 0, L_0x7fe792aaed78;  1 drivers
v0x55ab8cab82f0_0 .net *"_ivl_1566", 0 0, L_0x55ab8cf46970;  1 drivers
v0x55ab8cab83b0_0 .net *"_ivl_1569", 0 0, L_0x55ab8cf46ab0;  1 drivers
v0x55ab8cac69c0_0 .net *"_ivl_157", 0 0, L_0x55ab8cf28dc0;  1 drivers
v0x55ab8cac6a80_0 .net/2u *"_ivl_1570", 31 0, L_0x7fe792aaedc0;  1 drivers
v0x55ab8cac5cf0_0 .net *"_ivl_1572", 31 0, L_0x55ab8cf46bc0;  1 drivers
L_0x7fe792aaee08 .functor BUFT 1, C4<00000000000000000111000001110011>, C4<0>, C4<0>, C4<0>;
v0x55ab8cac5dd0_0 .net/2u *"_ivl_1574", 31 0, L_0x7fe792aaee08;  1 drivers
v0x55ab8ce2afa0_0 .net *"_ivl_1576", 0 0, L_0x55ab8cf46c80;  1 drivers
v0x55ab8ce2b060_0 .net *"_ivl_1579", 0 0, L_0x55ab8cf46d70;  1 drivers
v0x55ab8c792bc0_0 .net/2u *"_ivl_158", 31 0, L_0x7fe792aa9f00;  1 drivers
v0x55ab8c792ca0_0 .net/2u *"_ivl_1580", 31 0, L_0x7fe792aaee50;  1 drivers
v0x55ab8c792d80_0 .net *"_ivl_1582", 31 0, L_0x55ab8cf46e80;  1 drivers
L_0x7fe792aaee98 .functor BUFT 1, C4<00010000010100000000000001110011>, C4<0>, C4<0>, C4<0>;
v0x55ab8c792e60_0 .net/2u *"_ivl_1584", 31 0, L_0x7fe792aaee98;  1 drivers
v0x55ab8c792f40_0 .net *"_ivl_1586", 0 0, L_0x55ab8cf46f40;  1 drivers
v0x55ab8c7afb00_0 .net *"_ivl_1589", 0 0, L_0x55ab8cf46490;  1 drivers
v0x55ab8c7afbc0_0 .net/2u *"_ivl_1590", 31 0, L_0x7fe792aaeee0;  1 drivers
v0x55ab8c7afca0_0 .net *"_ivl_1592", 31 0, L_0x55ab8cf46550;  1 drivers
L_0x7fe792aaef28 .functor BUFT 1, C4<00000000000000000000000000001111>, C4<0>, C4<0>, C4<0>;
v0x55ab8c7afd80_0 .net/2u *"_ivl_1594", 31 0, L_0x7fe792aaef28;  1 drivers
v0x55ab8c7afe60_0 .net *"_ivl_1596", 0 0, L_0x55ab8cf46610;  1 drivers
v0x55ab8c7c1940_0 .net *"_ivl_1599", 0 0, L_0x55ab8cf46750;  1 drivers
v0x55ab8c7c1a00_0 .net *"_ivl_160", 31 0, L_0x55ab8cf28ed0;  1 drivers
v0x55ab8c7c1ae0_0 .net/2u *"_ivl_1600", 31 0, L_0x7fe792aaef70;  1 drivers
v0x55ab8c7c1bc0_0 .net *"_ivl_1602", 31 0, L_0x55ab8cf46860;  1 drivers
L_0x7fe792aaefb8 .functor BUFT 1, C4<00000000000000000001000000001111>, C4<0>, C4<0>, C4<0>;
v0x55ab8c7c1ca0_0 .net/2u *"_ivl_1604", 31 0, L_0x7fe792aaefb8;  1 drivers
v0x55ab8c827110_0 .net *"_ivl_1606", 0 0, L_0x55ab8cf47580;  1 drivers
v0x55ab8c8271d0_0 .net *"_ivl_1609", 0 0, L_0x55ab8cf47b80;  1 drivers
v0x55ab8c827290_0 .net/2u *"_ivl_1610", 31 0, L_0x7fe792aaf000;  1 drivers
v0x55ab8c827370_0 .net *"_ivl_1612", 31 0, L_0x55ab8cf47c90;  1 drivers
L_0x7fe792aaf048 .functor BUFT 1, C4<00010010000000000000000001110011>, C4<0>, C4<0>, C4<0>;
v0x55ab8c827450_0 .net/2u *"_ivl_1614", 31 0, L_0x7fe792aaf048;  1 drivers
v0x55ab8c85b3b0_0 .net *"_ivl_1616", 0 0, L_0x55ab8cf47080;  1 drivers
v0x55ab8c85b470_0 .net *"_ivl_1619", 0 0, L_0x55ab8cf47d50;  1 drivers
L_0x7fe792aa9f48 .functor BUFT 1, C4<00000000000000000110000000110011>, C4<0>, C4<0>, C4<0>;
v0x55ab8c85b530_0 .net/2u *"_ivl_162", 31 0, L_0x7fe792aa9f48;  1 drivers
v0x55ab8c85b610_0 .net *"_ivl_1621", 0 0, L_0x55ab8cf47260;  1 drivers
v0x55ab8c85b6d0_0 .net *"_ivl_164", 0 0, L_0x55ab8cf28be0;  1 drivers
v0x55ab8c85b790_0 .net *"_ivl_167", 0 0, L_0x55ab8cf26f70;  1 drivers
v0x55ab8c8631c0_0 .net/2u *"_ivl_168", 31 0, L_0x7fe792aa9f90;  1 drivers
v0x55ab8c8632a0_0 .net *"_ivl_17", 0 0, L_0x55ab8cf25bd0;  1 drivers
v0x55ab8c863360_0 .net *"_ivl_170", 31 0, L_0x55ab8cf29140;  1 drivers
L_0x7fe792aa9fd8 .functor BUFT 1, C4<00000000000000000111000000110011>, C4<0>, C4<0>, C4<0>;
v0x55ab8c863440_0 .net/2u *"_ivl_172", 31 0, L_0x7fe792aa9fd8;  1 drivers
v0x55ab8c863520_0 .net *"_ivl_174", 0 0, L_0x55ab8cf28f90;  1 drivers
v0x55ab8c8a2920_0 .net *"_ivl_177", 0 0, L_0x55ab8cf28d30;  1 drivers
v0x55ab8c8a29e0_0 .net/2u *"_ivl_178", 31 0, L_0x7fe792aaa020;  1 drivers
v0x55ab8c8a2ac0_0 .net/2u *"_ivl_18", 31 0, L_0x7fe792aa9720;  1 drivers
v0x55ab8c8a2ba0_0 .net *"_ivl_180", 31 0, L_0x55ab8cf294b0;  1 drivers
L_0x7fe792aaa068 .functor BUFT 1, C4<00000000000000000001000000110011>, C4<0>, C4<0>, C4<0>;
v0x55ab8c8a2c80_0 .net/2u *"_ivl_182", 31 0, L_0x7fe792aaa068;  1 drivers
v0x55ab8c8b0d30_0 .net *"_ivl_184", 0 0, L_0x55ab8cf29200;  1 drivers
v0x55ab8c8b0df0_0 .net *"_ivl_187", 0 0, L_0x55ab8cf296f0;  1 drivers
v0x55ab8c8b0eb0_0 .net/2u *"_ivl_188", 31 0, L_0x7fe792aaa0b0;  1 drivers
v0x55ab8c8b0f90_0 .net *"_ivl_190", 31 0, L_0x55ab8cf29800;  1 drivers
L_0x7fe792aaa0f8 .functor BUFT 1, C4<00000000000000000101000000110011>, C4<0>, C4<0>, C4<0>;
v0x55ab8c8b1070_0 .net/2u *"_ivl_192", 31 0, L_0x7fe792aaa0f8;  1 drivers
v0x55ab8c8dafe0_0 .net *"_ivl_194", 0 0, L_0x55ab8cf29570;  1 drivers
v0x55ab8c8db0a0_0 .net *"_ivl_197", 0 0, L_0x55ab8cf29370;  1 drivers
v0x55ab8c8db160_0 .net/2u *"_ivl_198", 31 0, L_0x7fe792aaa140;  1 drivers
v0x55ab8c8db240_0 .net *"_ivl_2", 31 0, L_0x55ab8cf25800;  1 drivers
v0x55ab8c8db320_0 .net *"_ivl_20", 31 0, L_0x55ab8cf25ce0;  1 drivers
v0x55ab8c8deba0_0 .net *"_ivl_200", 31 0, L_0x55ab8cf29ba0;  1 drivers
L_0x7fe792aaa188 .functor BUFT 1, C4<01000000000000000101000000110011>, C4<0>, C4<0>, C4<0>;
v0x55ab8c8dec80_0 .net/2u *"_ivl_202", 31 0, L_0x7fe792aaa188;  1 drivers
v0x55ab8c8ded60_0 .net *"_ivl_204", 0 0, L_0x55ab8cf298c0;  1 drivers
v0x55ab8c8dee20_0 .net *"_ivl_207", 0 0, L_0x55ab8cf29db0;  1 drivers
v0x55ab8c8deee0_0 .net/2u *"_ivl_208", 31 0, L_0x7fe792aaa1d0;  1 drivers
v0x55ab8c911360_0 .net *"_ivl_210", 31 0, L_0x55ab8cf29ec0;  1 drivers
L_0x7fe792aaa218 .functor BUFT 1, C4<00000000000000000000000001101111>, C4<0>, C4<0>, C4<0>;
v0x55ab8c911440_0 .net/2u *"_ivl_212", 31 0, L_0x7fe792aaa218;  1 drivers
v0x55ab8c911520_0 .net *"_ivl_214", 0 0, L_0x55ab8cf29c60;  1 drivers
v0x55ab8c9115e0_0 .net *"_ivl_217", 0 0, L_0x55ab8cf29a50;  1 drivers
v0x55ab8c9116a0_0 .net/2u *"_ivl_218", 31 0, L_0x7fe792aaa260;  1 drivers
L_0x7fe792aa9768 .functor BUFT 1, C4<00000000000000000010000000010011>, C4<0>, C4<0>, C4<0>;
v0x55ab8c95ab60_0 .net/2u *"_ivl_22", 31 0, L_0x7fe792aa9768;  1 drivers
v0x55ab8c95ac40_0 .net *"_ivl_220", 31 0, L_0x55ab8cf2a240;  1 drivers
L_0x7fe792aaa2a8 .functor BUFT 1, C4<00000000000000000000000001100111>, C4<0>, C4<0>, C4<0>;
v0x55ab8c95ad20_0 .net/2u *"_ivl_222", 31 0, L_0x7fe792aaa2a8;  1 drivers
v0x55ab8c95ae00_0 .net *"_ivl_224", 0 0, L_0x55ab8cf29f80;  1 drivers
v0x55ab8c95aec0_0 .net *"_ivl_227", 0 0, L_0x55ab8cf2a470;  1 drivers
v0x55ab8c9c7b20_0 .net/2u *"_ivl_228", 31 0, L_0x7fe792aaa2f0;  1 drivers
v0x55ab8c9c7c00_0 .net *"_ivl_230", 31 0, L_0x55ab8cf2a580;  1 drivers
L_0x7fe792aaa338 .functor BUFT 1, C4<00000000000000000000000001100011>, C4<0>, C4<0>, C4<0>;
v0x55ab8c9c7ce0_0 .net/2u *"_ivl_232", 31 0, L_0x7fe792aaa338;  1 drivers
v0x55ab8c9c7dc0_0 .net *"_ivl_234", 0 0, L_0x55ab8cf2a300;  1 drivers
v0x55ab8c9c7e80_0 .net *"_ivl_237", 0 0, L_0x55ab8cf2a0c0;  1 drivers
v0x55ab8c95bbb0_0 .net/2u *"_ivl_238", 31 0, L_0x7fe792aaa380;  1 drivers
v0x55ab8c95bc90_0 .net *"_ivl_24", 0 0, L_0x55ab8cf25da0;  1 drivers
v0x55ab8c95bd50_0 .net *"_ivl_240", 31 0, L_0x55ab8cf2a8e0;  1 drivers
L_0x7fe792aaa3c8 .functor BUFT 1, C4<00000000000000000001000001100011>, C4<0>, C4<0>, C4<0>;
v0x55ab8c95be30_0 .net/2u *"_ivl_242", 31 0, L_0x7fe792aaa3c8;  1 drivers
v0x55ab8c95bf10_0 .net *"_ivl_244", 0 0, L_0x55ab8cf2a640;  1 drivers
v0x55ab8c715830_0 .net *"_ivl_247", 0 0, L_0x55ab8cf2ab30;  1 drivers
v0x55ab8c7158f0_0 .net/2u *"_ivl_248", 31 0, L_0x7fe792aaa410;  1 drivers
v0x55ab8c7159d0_0 .net *"_ivl_250", 31 0, L_0x55ab8cf2ac40;  1 drivers
L_0x7fe792aaa458 .functor BUFT 1, C4<00000000000000000100000001100011>, C4<0>, C4<0>, C4<0>;
v0x55ab8c715ab0_0 .net/2u *"_ivl_252", 31 0, L_0x7fe792aaa458;  1 drivers
v0x55ab8c715b90_0 .net *"_ivl_254", 0 0, L_0x55ab8cf2a9a0;  1 drivers
v0x55ab8c968710_0 .net *"_ivl_257", 0 0, L_0x55ab8cf2a780;  1 drivers
v0x55ab8c9687d0_0 .net/2u *"_ivl_258", 31 0, L_0x7fe792aaa4a0;  1 drivers
v0x55ab8c9688b0_0 .net *"_ivl_260", 31 0, L_0x55ab8cf2b390;  1 drivers
L_0x7fe792aaa4e8 .functor BUFT 1, C4<00000000000000000101000001100011>, C4<0>, C4<0>, C4<0>;
v0x55ab8c968990_0 .net/2u *"_ivl_262", 31 0, L_0x7fe792aaa4e8;  1 drivers
v0x55ab8c968a70_0 .net *"_ivl_264", 0 0, L_0x55ab8cf2b110;  1 drivers
v0x55ab8c9a1560_0 .net *"_ivl_267", 0 0, L_0x55ab8cf2b5b0;  1 drivers
v0x55ab8c9a1620_0 .net/2u *"_ivl_268", 31 0, L_0x7fe792aaa530;  1 drivers
v0x55ab8c9a1700_0 .net *"_ivl_27", 0 0, L_0x55ab8cf25ee0;  1 drivers
v0x55ab8c9a17c0_0 .net *"_ivl_270", 31 0, L_0x55ab8cf2b670;  1 drivers
L_0x7fe792aaa578 .functor BUFT 1, C4<00000000000000000110000001100011>, C4<0>, C4<0>, C4<0>;
v0x55ab8c9a18a0_0 .net/2u *"_ivl_272", 31 0, L_0x7fe792aaa578;  1 drivers
v0x55ab8c9ac8e0_0 .net *"_ivl_274", 0 0, L_0x55ab8cf2b400;  1 drivers
v0x55ab8c9ac9a0_0 .net *"_ivl_277", 0 0, L_0x55ab8cf2b540;  1 drivers
v0x55ab8c9aca60_0 .net/2u *"_ivl_278", 31 0, L_0x7fe792aaa5c0;  1 drivers
v0x55ab8c9acb40_0 .net/2u *"_ivl_28", 31 0, L_0x7fe792aa97b0;  1 drivers
v0x55ab8c9acc20_0 .net *"_ivl_280", 31 0, L_0x55ab8cf2b9e0;  1 drivers
L_0x7fe792aaa608 .functor BUFT 1, C4<00000000000000000111000001100011>, C4<0>, C4<0>, C4<0>;
v0x55ab8c9bba00_0 .net/2u *"_ivl_282", 31 0, L_0x7fe792aaa608;  1 drivers
v0x55ab8c9bbae0_0 .net *"_ivl_284", 0 0, L_0x55ab8cf2b730;  1 drivers
v0x55ab8c9bbba0_0 .net *"_ivl_287", 0 0, L_0x55ab8cf2b870;  1 drivers
v0x55ab8c9bbc60_0 .net/2u *"_ivl_288", 31 0, L_0x7fe792aaa650;  1 drivers
v0x55ab8c9bbd40_0 .net *"_ivl_290", 31 0, L_0x55ab8cf2bd10;  1 drivers
L_0x7fe792aaa698 .functor BUFT 1, C4<00000000000000000000000000000011>, C4<0>, C4<0>, C4<0>;
v0x55ab8c6795a0_0 .net/2u *"_ivl_292", 31 0, L_0x7fe792aaa698;  1 drivers
v0x55ab8c679680_0 .net *"_ivl_294", 0 0, L_0x55ab8cf2baa0;  1 drivers
v0x55ab8c679740_0 .net *"_ivl_297", 0 0, L_0x55ab8cf2bbe0;  1 drivers
v0x55ab8c679800_0 .net/2u *"_ivl_298", 31 0, L_0x7fe792aaa6e0;  1 drivers
v0x55ab8c6798e0_0 .net *"_ivl_30", 31 0, L_0x55ab8cf25ff0;  1 drivers
v0x55ab8ce80ad0_0 .net *"_ivl_300", 31 0, L_0x55ab8cf2c0b0;  1 drivers
L_0x7fe792aaa728 .functor BUFT 1, C4<00000000000000000001000000000011>, C4<0>, C4<0>, C4<0>;
v0x55ab8ce80bb0_0 .net/2u *"_ivl_302", 31 0, L_0x7fe792aaa728;  1 drivers
v0x55ab8ce80c90_0 .net *"_ivl_304", 0 0, L_0x55ab8cf2bdd0;  1 drivers
v0x55ab8ce80d50_0 .net *"_ivl_307", 0 0, L_0x55ab8cf2bf10;  1 drivers
v0x55ab8ce80e10_0 .net/2u *"_ivl_308", 31 0, L_0x7fe792aaa770;  1 drivers
v0x55ab8ce80ef0_0 .net *"_ivl_310", 31 0, L_0x55ab8cf2c3b0;  1 drivers
L_0x7fe792aaa7b8 .functor BUFT 1, C4<00000000000000000010000000000011>, C4<0>, C4<0>, C4<0>;
v0x55ab8ce80fd0_0 .net/2u *"_ivl_312", 31 0, L_0x7fe792aaa7b8;  1 drivers
v0x55ab8ce810b0_0 .net *"_ivl_314", 0 0, L_0x55ab8cf2c120;  1 drivers
v0x55ab8ce81170_0 .net *"_ivl_317", 0 0, L_0x55ab8cf2c260;  1 drivers
v0x55ab8ce81230_0 .net/2u *"_ivl_318", 31 0, L_0x7fe792aaa800;  1 drivers
L_0x7fe792aa97f8 .functor BUFT 1, C4<00000000000000000011000000010011>, C4<0>, C4<0>, C4<0>;
v0x55ab8ce822f0_0 .net/2u *"_ivl_32", 31 0, L_0x7fe792aa97f8;  1 drivers
v0x55ab8ce82390_0 .net *"_ivl_320", 31 0, L_0x55ab8cf2c020;  1 drivers
L_0x7fe792aaa848 .functor BUFT 1, C4<00000000000000000100000000000011>, C4<0>, C4<0>, C4<0>;
v0x55ab8ce82430_0 .net/2u *"_ivl_322", 31 0, L_0x7fe792aaa848;  1 drivers
v0x55ab8ce824d0_0 .net *"_ivl_324", 0 0, L_0x55ab8cf2c470;  1 drivers
v0x55ab8ce82570_0 .net *"_ivl_327", 0 0, L_0x55ab8cf2c5b0;  1 drivers
v0x55ab8ce82610_0 .net/2u *"_ivl_328", 31 0, L_0x7fe792aaa890;  1 drivers
v0x55ab8ce826b0_0 .net *"_ivl_330", 31 0, L_0x55ab8cf2ca30;  1 drivers
L_0x7fe792aaa8d8 .functor BUFT 1, C4<00000000000000000101000000000011>, C4<0>, C4<0>, C4<0>;
v0x55ab8ce82750_0 .net/2u *"_ivl_332", 31 0, L_0x7fe792aaa8d8;  1 drivers
v0x55ab8ce827f0_0 .net *"_ivl_334", 0 0, L_0x55ab8cf2c7d0;  1 drivers
v0x55ab8ce82890_0 .net *"_ivl_337", 0 0, L_0x55ab8cf2c910;  1 drivers
v0x55ab8ce82930_0 .net/2u *"_ivl_338", 31 0, L_0x7fe792aaa920;  1 drivers
v0x55ab8ce829d0_0 .net *"_ivl_34", 0 0, L_0x55ab8cf260b0;  1 drivers
v0x55ab8ce82a70_0 .net *"_ivl_340", 31 0, L_0x55ab8cf2c6c0;  1 drivers
L_0x7fe792aaa968 .functor BUFT 1, C4<00000000000000000110000000000011>, C4<0>, C4<0>, C4<0>;
v0x55ab8ce82b10_0 .net/2u *"_ivl_342", 31 0, L_0x7fe792aaa968;  1 drivers
v0x55ab8ce82bb0_0 .net *"_ivl_344", 0 0, L_0x55ab8cf2caf0;  1 drivers
v0x55ab8ce82c50_0 .net *"_ivl_347", 0 0, L_0x55ab8cf2cc30;  1 drivers
v0x55ab8ce82cf0_0 .net/2u *"_ivl_348", 31 0, L_0x7fe792aaa9b0;  1 drivers
v0x55ab8ce82d90_0 .net *"_ivl_350", 31 0, L_0x55ab8cf2d0b0;  1 drivers
L_0x7fe792aaa9f8 .functor BUFT 1, C4<00000000000000000000000000100011>, C4<0>, C4<0>, C4<0>;
v0x55ab8ce82e30_0 .net/2u *"_ivl_352", 31 0, L_0x7fe792aaa9f8;  1 drivers
v0x55ab8ce82ed0_0 .net *"_ivl_354", 0 0, L_0x55ab8cf2ce30;  1 drivers
v0x55ab8ce82f70_0 .net *"_ivl_357", 0 0, L_0x55ab8cf2cf70;  1 drivers
v0x55ab8ce83010_0 .net/2u *"_ivl_358", 31 0, L_0x7fe792aaaa40;  1 drivers
v0x55ab8ce830b0_0 .net *"_ivl_360", 31 0, L_0x55ab8cf2cd40;  1 drivers
L_0x7fe792aaaa88 .functor BUFT 1, C4<00000000000000000001000000100011>, C4<0>, C4<0>, C4<0>;
v0x55ab8ce83150_0 .net/2u *"_ivl_362", 31 0, L_0x7fe792aaaa88;  1 drivers
v0x55ab8ce831f0_0 .net *"_ivl_364", 0 0, L_0x55ab8cf2d170;  1 drivers
v0x55ab8ce83290_0 .net *"_ivl_367", 0 0, L_0x55ab8cf2d2b0;  1 drivers
v0x55ab8ce83330_0 .net/2u *"_ivl_368", 31 0, L_0x7fe792aaaad0;  1 drivers
v0x55ab8ce833d0_0 .net *"_ivl_37", 0 0, L_0x55ab8cf261f0;  1 drivers
v0x55ab8ce83470_0 .net *"_ivl_370", 31 0, L_0x55ab8cf2d780;  1 drivers
L_0x7fe792aaab18 .functor BUFT 1, C4<00000000000000000010000000100011>, C4<0>, C4<0>, C4<0>;
v0x55ab8ce83510_0 .net/2u *"_ivl_372", 31 0, L_0x7fe792aaab18;  1 drivers
v0x55ab8ce835b0_0 .net *"_ivl_374", 0 0, L_0x55ab8cf2d4e0;  1 drivers
v0x55ab8ce83650_0 .net *"_ivl_377", 0 0, L_0x55ab8cf2d620;  1 drivers
v0x55ab8ce836f0_0 .net/2u *"_ivl_378", 31 0, L_0x7fe792aaab60;  1 drivers
v0x55ab8ce83790_0 .net/2u *"_ivl_38", 31 0, L_0x7fe792aa9840;  1 drivers
v0x55ab8ce83830_0 .net *"_ivl_380", 31 0, L_0x55ab8cf2d370;  1 drivers
L_0x7fe792aaaba8 .functor BUFT 1, C4<00000000000000000000000001110011>, C4<0>, C4<0>, C4<0>;
v0x55ab8ce838d0_0 .net/2u *"_ivl_382", 31 0, L_0x7fe792aaaba8;  1 drivers
v0x55ab8ce83970_0 .net *"_ivl_384", 0 0, L_0x55ab8cf2d430;  1 drivers
v0x55ab8ce83a10_0 .net *"_ivl_387", 0 0, L_0x55ab8cf2d8e0;  1 drivers
v0x55ab8ce83ab0_0 .net/2u *"_ivl_388", 31 0, L_0x7fe792aaabf0;  1 drivers
v0x55ab8ce83b50_0 .net *"_ivl_390", 31 0, L_0x55ab8cf2d9f0;  1 drivers
L_0x7fe792aaac38 .functor BUFT 1, C4<00000000000100000000000001110011>, C4<0>, C4<0>, C4<0>;
v0x55ab8ce83bf0_0 .net/2u *"_ivl_392", 31 0, L_0x7fe792aaac38;  1 drivers
v0x55ab8ce83c90_0 .net *"_ivl_394", 0 0, L_0x55ab8cf2dbe0;  1 drivers
v0x55ab8ce83d30_0 .net *"_ivl_397", 0 0, L_0x55ab8cf2dd20;  1 drivers
v0x55ab8ce83dd0_0 .net/2u *"_ivl_398", 31 0, L_0x7fe792aaac80;  1 drivers
L_0x7fe792aa9648 .functor BUFT 1, C4<00000000000000000111000000010011>, C4<0>, C4<0>, C4<0>;
v0x55ab8ce83e70_0 .net/2u *"_ivl_4", 31 0, L_0x7fe792aa9648;  1 drivers
v0x55ab8ce83f10_0 .net *"_ivl_40", 31 0, L_0x55ab8cf26300;  1 drivers
v0x55ab8ce83fb0_0 .net *"_ivl_400", 31 0, L_0x55ab8cf2da60;  1 drivers
L_0x7fe792aaacc8 .functor BUFT 1, C4<00000000001000000000000001110011>, C4<0>, C4<0>, C4<0>;
v0x55ab8ce84050_0 .net/2u *"_ivl_402", 31 0, L_0x7fe792aaacc8;  1 drivers
v0x55ab8ce840f0_0 .net *"_ivl_404", 0 0, L_0x55ab8cf2db20;  1 drivers
v0x55ab8ce84190_0 .net *"_ivl_407", 0 0, L_0x55ab8cf2df40;  1 drivers
v0x55ab8ce84230_0 .net/2u *"_ivl_408", 31 0, L_0x7fe792aaad10;  1 drivers
v0x55ab8ce842d0_0 .net *"_ivl_410", 31 0, L_0x55ab8cf2e050;  1 drivers
L_0x7fe792aaad58 .functor BUFT 1, C4<00000000000000000001000001110011>, C4<0>, C4<0>, C4<0>;
v0x55ab8ce84370_0 .net/2u *"_ivl_412", 31 0, L_0x7fe792aaad58;  1 drivers
v0x55ab8ce84410_0 .net *"_ivl_414", 0 0, L_0x55ab8cf2e510;  1 drivers
v0x55ab8ce844b0_0 .net *"_ivl_417", 0 0, L_0x55ab8cf2e120;  1 drivers
v0x55ab8ce84550_0 .net/2u *"_ivl_418", 31 0, L_0x7fe792aaada0;  1 drivers
L_0x7fe792aa9888 .functor BUFT 1, C4<00000000000000000110000000010011>, C4<0>, C4<0>, C4<0>;
v0x55ab8ce845f0_0 .net/2u *"_ivl_42", 31 0, L_0x7fe792aa9888;  1 drivers
v0x55ab8ce84690_0 .net *"_ivl_420", 31 0, L_0x55ab8cf2e7b0;  1 drivers
L_0x7fe792aaade8 .functor BUFT 1, C4<00000000000000000010000001110011>, C4<0>, C4<0>, C4<0>;
v0x55ab8ce84730_0 .net/2u *"_ivl_422", 31 0, L_0x7fe792aaade8;  1 drivers
v0x55ab8ce847d0_0 .net *"_ivl_424", 0 0, L_0x55ab8cf2e230;  1 drivers
v0x55ab8ce84870_0 .net *"_ivl_427", 0 0, L_0x55ab8cf2e370;  1 drivers
v0x55ab8ce84910_0 .net/2u *"_ivl_428", 31 0, L_0x7fe792aaae30;  1 drivers
v0x55ab8ce849b0_0 .net *"_ivl_430", 31 0, L_0x55ab8cf2e480;  1 drivers
L_0x7fe792aaae78 .functor BUFT 1, C4<00000000000000000011000001110011>, C4<0>, C4<0>, C4<0>;
v0x55ab8ce84a50_0 .net/2u *"_ivl_432", 31 0, L_0x7fe792aaae78;  1 drivers
v0x55ab8ce84af0_0 .net *"_ivl_434", 0 0, L_0x55ab8cf2e870;  1 drivers
v0x55ab8ce84b90_0 .net *"_ivl_437", 0 0, L_0x55ab8cf2e650;  1 drivers
v0x55ab8ce84c30_0 .net/2u *"_ivl_438", 31 0, L_0x7fe792aaaec0;  1 drivers
v0x55ab8ce84cd0_0 .net *"_ivl_44", 0 0, L_0x55ab8cf26410;  1 drivers
v0x55ab8ce84d70_0 .net *"_ivl_440", 31 0, L_0x55ab8cf2ee30;  1 drivers
L_0x7fe792aaaf08 .functor BUFT 1, C4<00000000000000000101000001110011>, C4<0>, C4<0>, C4<0>;
v0x55ab8ce84e10_0 .net/2u *"_ivl_442", 31 0, L_0x7fe792aaaf08;  1 drivers
v0x55ab8ce84eb0_0 .net *"_ivl_444", 0 0, L_0x55ab8cf2eb70;  1 drivers
v0x55ab8ce84f50_0 .net *"_ivl_447", 0 0, L_0x55ab8cf2ecb0;  1 drivers
v0x55ab8ce84ff0_0 .net/2u *"_ivl_448", 31 0, L_0x7fe792aaaf50;  1 drivers
v0x55ab8ce85090_0 .net *"_ivl_450", 31 0, L_0x55ab8cf2edc0;  1 drivers
L_0x7fe792aaaf98 .functor BUFT 1, C4<00000000000000000110000001110011>, C4<0>, C4<0>, C4<0>;
v0x55ab8ce85130_0 .net/2u *"_ivl_452", 31 0, L_0x7fe792aaaf98;  1 drivers
v0x55ab8ce851d0_0 .net *"_ivl_454", 0 0, L_0x55ab8cf2eea0;  1 drivers
v0x55ab8ce85270_0 .net *"_ivl_457", 0 0, L_0x55ab8cf2e9b0;  1 drivers
v0x55ab8ce85310_0 .net/2u *"_ivl_458", 31 0, L_0x7fe792aaafe0;  1 drivers
v0x55ab8ce853b0_0 .net *"_ivl_460", 31 0, L_0x55ab8cf2f4a0;  1 drivers
L_0x7fe792aab028 .functor BUFT 1, C4<00000000000000000111000001110011>, C4<0>, C4<0>, C4<0>;
v0x55ab8ce85450_0 .net/2u *"_ivl_462", 31 0, L_0x7fe792aab028;  1 drivers
v0x55ab8ce854f0_0 .net *"_ivl_464", 0 0, L_0x55ab8cf2f1c0;  1 drivers
v0x55ab8ce85590_0 .net *"_ivl_467", 0 0, L_0x55ab8cf2f300;  1 drivers
v0x55ab8ce85630_0 .net/2u *"_ivl_468", 31 0, L_0x7fe792aab070;  1 drivers
v0x55ab8ce856d0_0 .net *"_ivl_47", 0 0, L_0x55ab8cf26550;  1 drivers
v0x55ab8ce85770_0 .net *"_ivl_470", 31 0, L_0x55ab8cf2f410;  1 drivers
L_0x7fe792aab0b8 .functor BUFT 1, C4<00010000010100000000000001110011>, C4<0>, C4<0>, C4<0>;
v0x55ab8ce812e0_0 .net/2u *"_ivl_472", 31 0, L_0x7fe792aab0b8;  1 drivers
v0x55ab8ce813c0_0 .net *"_ivl_474", 0 0, L_0x55ab8cf2f510;  1 drivers
v0x55ab8ce81480_0 .net *"_ivl_477", 0 0, L_0x55ab8cf2f650;  1 drivers
v0x55ab8ce81540_0 .net/2u *"_ivl_478", 31 0, L_0x7fe792aab100;  1 drivers
v0x55ab8ce81620_0 .net/2u *"_ivl_48", 31 0, L_0x7fe792aa98d0;  1 drivers
v0x55ab8ce81700_0 .net *"_ivl_480", 31 0, L_0x55ab8cf2f760;  1 drivers
L_0x7fe792aab148 .functor BUFT 1, C4<00000000000000000000000000001111>, C4<0>, C4<0>, C4<0>;
v0x55ab8ce817e0_0 .net/2u *"_ivl_482", 31 0, L_0x7fe792aab148;  1 drivers
v0x55ab8ce818c0_0 .net *"_ivl_484", 0 0, L_0x55ab8cf2f850;  1 drivers
v0x55ab8ce81980_0 .net *"_ivl_487", 0 0, L_0x55ab8cf2f990;  1 drivers
v0x55ab8ce81a40_0 .net/2u *"_ivl_488", 31 0, L_0x7fe792aab190;  1 drivers
v0x55ab8ce81b20_0 .net *"_ivl_490", 31 0, L_0x55ab8cf2faa0;  1 drivers
L_0x7fe792aab1d8 .functor BUFT 1, C4<00000000000000000001000000001111>, C4<0>, C4<0>, C4<0>;
v0x55ab8ce81c00_0 .net/2u *"_ivl_492", 31 0, L_0x7fe792aab1d8;  1 drivers
v0x55ab8ce81ce0_0 .net *"_ivl_494", 0 0, L_0x55ab8cf2fba0;  1 drivers
v0x55ab8ce81da0_0 .net *"_ivl_497", 0 0, L_0x55ab8cf2efe0;  1 drivers
v0x55ab8ce81e60_0 .net/2u *"_ivl_498", 31 0, L_0x7fe792aab220;  1 drivers
v0x55ab8ce81f40_0 .net *"_ivl_50", 31 0, L_0x55ab8cf26660;  1 drivers
v0x55ab8ce82020_0 .net *"_ivl_500", 31 0, L_0x55ab8cf2f0f0;  1 drivers
L_0x7fe792aab268 .functor BUFT 1, C4<00010010000000000000000001110011>, C4<0>, C4<0>, C4<0>;
v0x55ab8ce82100_0 .net/2u *"_ivl_502", 31 0, L_0x7fe792aab268;  1 drivers
v0x55ab8ce821e0_0 .net *"_ivl_504", 0 0, L_0x55ab8cf2ff00;  1 drivers
v0x55ab8ce87820_0 .net *"_ivl_507", 0 0, L_0x55ab8cf30040;  1 drivers
v0x55ab8ce878c0_0 .net/2u *"_ivl_508", 31 0, L_0x7fe792aab2b0;  1 drivers
v0x55ab8ce87960_0 .net *"_ivl_510", 31 0, L_0x55ab8cf30150;  1 drivers
L_0x7fe792aab2f8 .functor BUFT 1, C4<00000010000000000000000000110011>, C4<0>, C4<0>, C4<0>;
v0x55ab8ce87a00_0 .net/2u *"_ivl_512", 31 0, L_0x7fe792aab2f8;  1 drivers
v0x55ab8ce87aa0_0 .net *"_ivl_514", 0 0, L_0x55ab8cf305b0;  1 drivers
v0x55ab8ce87b40_0 .net *"_ivl_517", 0 0, L_0x55ab8cf306f0;  1 drivers
v0x55ab8ce87be0_0 .net *"_ivl_519", 0 0, L_0x55ab8cf307b0;  1 drivers
L_0x7fe792aa9918 .functor BUFT 1, C4<00000000000000000100000000010011>, C4<0>, C4<0>, C4<0>;
v0x55ab8ce87c80_0 .net/2u *"_ivl_52", 31 0, L_0x7fe792aa9918;  1 drivers
v0x55ab8ce87d20_0 .net/2u *"_ivl_520", 31 0, L_0x7fe792aab340;  1 drivers
v0x55ab8ce87dc0_0 .net *"_ivl_522", 31 0, L_0x55ab8cf30270;  1 drivers
L_0x7fe792aab388 .functor BUFT 1, C4<00000010000000000001000000110011>, C4<0>, C4<0>, C4<0>;
v0x55ab8ce87e60_0 .net/2u *"_ivl_524", 31 0, L_0x7fe792aab388;  1 drivers
v0x55ab8ce87f00_0 .net *"_ivl_526", 0 0, L_0x55ab8cf30330;  1 drivers
v0x55ab8ce87fa0_0 .net *"_ivl_529", 0 0, L_0x55ab8cf30470;  1 drivers
v0x55ab8ce88040_0 .net *"_ivl_531", 0 0, L_0x55ab8cf304e0;  1 drivers
v0x55ab8ce880e0_0 .net/2u *"_ivl_532", 31 0, L_0x7fe792aab3d0;  1 drivers
v0x55ab8ce88180_0 .net *"_ivl_534", 31 0, L_0x55ab8cf30c70;  1 drivers
L_0x7fe792aab418 .functor BUFT 1, C4<00000010000000000010000000110011>, C4<0>, C4<0>, C4<0>;
v0x55ab8ce88220_0 .net/2u *"_ivl_536", 31 0, L_0x7fe792aab418;  1 drivers
v0x55ab8ce882c0_0 .net *"_ivl_538", 0 0, L_0x55ab8cf308c0;  1 drivers
v0x55ab8ce88360_0 .net *"_ivl_54", 0 0, L_0x55ab8cf26930;  1 drivers
v0x55ab8ce88400_0 .net *"_ivl_541", 0 0, L_0x55ab8cf30a00;  1 drivers
v0x55ab8ce884a0_0 .net *"_ivl_543", 0 0, L_0x55ab8cf30ac0;  1 drivers
v0x55ab8ce88540_0 .net/2u *"_ivl_544", 31 0, L_0x7fe792aab460;  1 drivers
v0x55ab8ce885e0_0 .net *"_ivl_546", 31 0, L_0x55ab8cf30d30;  1 drivers
L_0x7fe792aab4a8 .functor BUFT 1, C4<00000010000000000011000000110011>, C4<0>, C4<0>, C4<0>;
v0x55ab8ce88680_0 .net/2u *"_ivl_548", 31 0, L_0x7fe792aab4a8;  1 drivers
v0x55ab8ce88720_0 .net *"_ivl_550", 0 0, L_0x55ab8cf30da0;  1 drivers
v0x55ab8ce887c0_0 .net *"_ivl_553", 0 0, L_0x55ab8cf30ee0;  1 drivers
v0x55ab8ce88860_0 .net *"_ivl_555", 0 0, L_0x55ab8cf30fa0;  1 drivers
v0x55ab8ce88900_0 .net/2u *"_ivl_556", 31 0, L_0x7fe792aab4f0;  1 drivers
v0x55ab8ce889a0_0 .net *"_ivl_558", 31 0, L_0x55ab8cf31c40;  1 drivers
L_0x7fe792aab538 .functor BUFT 1, C4<00000010000000000100000000110011>, C4<0>, C4<0>, C4<0>;
v0x55ab8ce88a40_0 .net/2u *"_ivl_560", 31 0, L_0x7fe792aab538;  1 drivers
v0x55ab8ce88ae0_0 .net *"_ivl_562", 0 0, L_0x55ab8cf318b0;  1 drivers
v0x55ab8ce88b80_0 .net *"_ivl_565", 0 0, L_0x55ab8cf319f0;  1 drivers
v0x55ab8ce88c20_0 .net *"_ivl_567", 0 0, L_0x55ab8cf31ab0;  1 drivers
v0x55ab8ce88cc0_0 .net/2u *"_ivl_568", 31 0, L_0x7fe792aab580;  1 drivers
v0x55ab8ce88d60_0 .net *"_ivl_57", 0 0, L_0x55ab8cf26a20;  1 drivers
v0x55ab8ce88e00_0 .net *"_ivl_570", 31 0, L_0x55ab8cf31bc0;  1 drivers
L_0x7fe792aab5c8 .functor BUFT 1, C4<00000010000000000101000000110011>, C4<0>, C4<0>, C4<0>;
v0x55ab8ce88ea0_0 .net/2u *"_ivl_572", 31 0, L_0x7fe792aab5c8;  1 drivers
v0x55ab8ce88f40_0 .net *"_ivl_574", 0 0, L_0x55ab8cf32100;  1 drivers
v0x55ab8ce88fe0_0 .net *"_ivl_577", 0 0, L_0x55ab8cf32240;  1 drivers
v0x55ab8ce89080_0 .net *"_ivl_579", 0 0, L_0x55ab8cf31d00;  1 drivers
v0x55ab8ce89120_0 .net/2u *"_ivl_58", 31 0, L_0x7fe792aa9960;  1 drivers
v0x55ab8ce891c0_0 .net/2u *"_ivl_580", 31 0, L_0x7fe792aab610;  1 drivers
v0x55ab8ce89260_0 .net *"_ivl_582", 31 0, L_0x55ab8cf31e10;  1 drivers
L_0x7fe792aab658 .functor BUFT 1, C4<00000010000000000110000000110011>, C4<0>, C4<0>, C4<0>;
v0x55ab8ce89300_0 .net/2u *"_ivl_584", 31 0, L_0x7fe792aab658;  1 drivers
v0x55ab8ce893a0_0 .net *"_ivl_586", 0 0, L_0x55ab8cf31e80;  1 drivers
v0x55ab8ce89440_0 .net *"_ivl_589", 0 0, L_0x55ab8cf324e0;  1 drivers
v0x55ab8ce894e0_0 .net *"_ivl_591", 0 0, L_0x55ab8cf325a0;  1 drivers
v0x55ab8ce89580_0 .net/2u *"_ivl_592", 31 0, L_0x7fe792aab6a0;  1 drivers
v0x55ab8ce89620_0 .net *"_ivl_594", 31 0, L_0x55ab8cf31fc0;  1 drivers
L_0x7fe792aab6e8 .functor BUFT 1, C4<00000010000000000111000000110011>, C4<0>, C4<0>, C4<0>;
v0x55ab8ce896c0_0 .net/2u *"_ivl_596", 31 0, L_0x7fe792aab6e8;  1 drivers
v0x55ab8ce89760_0 .net *"_ivl_598", 0 0, L_0x55ab8cf2fce0;  1 drivers
v0x55ab8ce89800_0 .net *"_ivl_6", 0 0, L_0x55ab8cf25870;  1 drivers
v0x55ab8ce898a0_0 .net *"_ivl_60", 31 0, L_0x55ab8cf26b30;  1 drivers
v0x55ab8ce89940_0 .net *"_ivl_601", 0 0, L_0x55ab8cf2fe20;  1 drivers
v0x55ab8ce899e0_0 .net *"_ivl_603", 0 0, L_0x55ab8cf32ed0;  1 drivers
v0x55ab8ce89a80_0 .net *"_ivl_604", 0 0, L_0x55ab8cf32fe0;  1 drivers
v0x55ab8ce89b20_0 .net/2u *"_ivl_610", 31 0, L_0x7fe792aab730;  1 drivers
v0x55ab8ce89bc0_0 .net *"_ivl_612", 31 0, L_0x55ab8cf33220;  1 drivers
L_0x7fe792aab778 .functor BUFT 1, C4<00000000000000000000000001100111>, C4<0>, C4<0>, C4<0>;
v0x55ab8ce89c60_0 .net/2u *"_ivl_614", 31 0, L_0x7fe792aab778;  1 drivers
v0x55ab8ce89d00_0 .net *"_ivl_616", 0 0, L_0x55ab8cf33760;  1 drivers
v0x55ab8ce89da0_0 .net/2u *"_ivl_618", 31 0, L_0x7fe792aab7c0;  1 drivers
L_0x7fe792aa99a8 .functor BUFT 1, C4<00000000000000000001000000010011>, C4<0>, C4<0>, C4<0>;
v0x55ab8ce89e40_0 .net/2u *"_ivl_62", 31 0, L_0x7fe792aa99a8;  1 drivers
v0x55ab8ce89ee0_0 .net *"_ivl_620", 31 0, L_0x55ab8cf32300;  1 drivers
L_0x7fe792aab808 .functor BUFT 1, C4<00000000000000000000000001101111>, C4<0>, C4<0>, C4<0>;
v0x55ab8ce89f80_0 .net/2u *"_ivl_622", 31 0, L_0x7fe792aab808;  1 drivers
v0x55ab8ce8a020_0 .net *"_ivl_624", 0 0, L_0x55ab8cf323c0;  1 drivers
v0x55ab8ce8a0c0_0 .net *"_ivl_627", 0 0, L_0x55ab8cf33300;  1 drivers
v0x55ab8ce8a160_0 .net/2u *"_ivl_628", 31 0, L_0x7fe792aab850;  1 drivers
v0x55ab8ce8a200_0 .net *"_ivl_630", 31 0, L_0x55ab8cf33410;  1 drivers
L_0x7fe792aab898 .functor BUFT 1, C4<00000000000000000000000000110111>, C4<0>, C4<0>, C4<0>;
v0x55ab8ce8a2a0_0 .net/2u *"_ivl_632", 31 0, L_0x7fe792aab898;  1 drivers
v0x55ab8ce8a340_0 .net *"_ivl_634", 0 0, L_0x55ab8cf334d0;  1 drivers
v0x55ab8ce8a3e0_0 .net *"_ivl_637", 0 0, L_0x55ab8cf33610;  1 drivers
v0x55ab8ce8a480_0 .net/2u *"_ivl_638", 31 0, L_0x7fe792aab8e0;  1 drivers
v0x55ab8ce8a520_0 .net *"_ivl_64", 0 0, L_0x55ab8cf26c60;  1 drivers
v0x55ab8ce8a5c0_0 .net *"_ivl_640", 31 0, L_0x55ab8cf338f0;  1 drivers
L_0x7fe792aab928 .functor BUFT 1, C4<00000000000000000000000000010111>, C4<0>, C4<0>, C4<0>;
v0x55ab8ce8a660_0 .net/2u *"_ivl_642", 31 0, L_0x7fe792aab928;  1 drivers
v0x55ab8ce8a700_0 .net *"_ivl_644", 0 0, L_0x55ab8cf339b0;  1 drivers
v0x55ab8ce8a7a0_0 .net *"_ivl_647", 0 0, L_0x55ab8cf33af0;  1 drivers
v0x55ab8ce8a840_0 .net/2u *"_ivl_648", 31 0, L_0x7fe792aab970;  1 drivers
v0x55ab8ce8a8e0_0 .net *"_ivl_650", 31 0, L_0x55ab8cf33c00;  1 drivers
L_0x7fe792aab9b8 .functor BUFT 1, C4<00000000000000000000000000010011>, C4<0>, C4<0>, C4<0>;
v0x55ab8ce8a980_0 .net/2u *"_ivl_652", 31 0, L_0x7fe792aab9b8;  1 drivers
v0x55ab8ce8aa20_0 .net *"_ivl_654", 0 0, L_0x55ab8cf33cc0;  1 drivers
v0x55ab8ce8aac0_0 .net *"_ivl_657", 0 0, L_0x55ab8cf33e00;  1 drivers
v0x55ab8ce8ab60_0 .net/2u *"_ivl_658", 31 0, L_0x7fe792aaba00;  1 drivers
v0x55ab8ce8ac00_0 .net *"_ivl_660", 31 0, L_0x55ab8cf33f10;  1 drivers
L_0x7fe792aaba48 .functor BUFT 1, C4<00000000000000000001000000010011>, C4<0>, C4<0>, C4<0>;
v0x55ab8ce8aca0_0 .net/2u *"_ivl_662", 31 0, L_0x7fe792aaba48;  1 drivers
v0x55ab8ce8ad40_0 .net *"_ivl_664", 0 0, L_0x55ab8cf33fd0;  1 drivers
v0x55ab8ce8ade0_0 .net *"_ivl_667", 0 0, L_0x55ab8cf34110;  1 drivers
v0x55ab8ce8ae80_0 .net/2u *"_ivl_668", 31 0, L_0x7fe792aaba90;  1 drivers
v0x55ab8ce8af20_0 .net *"_ivl_67", 0 0, L_0x55ab8cf26da0;  1 drivers
v0x55ab8ce8afc0_0 .net *"_ivl_670", 31 0, L_0x55ab8cf34220;  1 drivers
L_0x7fe792aabad8 .functor BUFT 1, C4<00000000000000000010000000010011>, C4<0>, C4<0>, C4<0>;
v0x55ab8ce8b060_0 .net/2u *"_ivl_672", 31 0, L_0x7fe792aabad8;  1 drivers
v0x55ab8ce8b100_0 .net *"_ivl_674", 0 0, L_0x55ab8cf342e0;  1 drivers
v0x55ab8ce8b1a0_0 .net *"_ivl_677", 0 0, L_0x55ab8cf34420;  1 drivers
v0x55ab8ce8b240_0 .net/2u *"_ivl_678", 31 0, L_0x7fe792aabb20;  1 drivers
v0x55ab8ce8b2e0_0 .net/2u *"_ivl_68", 31 0, L_0x7fe792aa99f0;  1 drivers
v0x55ab8ce8b380_0 .net *"_ivl_680", 31 0, L_0x55ab8cf34530;  1 drivers
L_0x7fe792aabb68 .functor BUFT 1, C4<00000000000000000011000000010011>, C4<0>, C4<0>, C4<0>;
v0x55ab8ce8b420_0 .net/2u *"_ivl_682", 31 0, L_0x7fe792aabb68;  1 drivers
v0x55ab8ce8b4c0_0 .net *"_ivl_684", 0 0, L_0x55ab8cf345f0;  1 drivers
v0x55ab8ce8b560_0 .net *"_ivl_687", 0 0, L_0x55ab8cf34730;  1 drivers
v0x55ab8ce8b600_0 .net/2u *"_ivl_688", 31 0, L_0x7fe792aabbb0;  1 drivers
v0x55ab8ce8b6a0_0 .net *"_ivl_690", 31 0, L_0x55ab8cf34840;  1 drivers
L_0x7fe792aabbf8 .functor BUFT 1, C4<00000000000000000100000000010011>, C4<0>, C4<0>, C4<0>;
v0x55ab8ce8b740_0 .net/2u *"_ivl_692", 31 0, L_0x7fe792aabbf8;  1 drivers
v0x55ab8ce8b7e0_0 .net *"_ivl_694", 0 0, L_0x55ab8cf34900;  1 drivers
v0x55ab8ce8b880_0 .net *"_ivl_697", 0 0, L_0x55ab8cf34a40;  1 drivers
v0x55ab8ce8b920_0 .net/2u *"_ivl_698", 31 0, L_0x7fe792aabc40;  1 drivers
v0x55ab8ce8b9c0_0 .net *"_ivl_70", 31 0, L_0x55ab8cf26eb0;  1 drivers
v0x55ab8ce8ba60_0 .net *"_ivl_700", 31 0, L_0x55ab8cf34b50;  1 drivers
L_0x7fe792aabc88 .functor BUFT 1, C4<00000000000000000101000000010011>, C4<0>, C4<0>, C4<0>;
v0x55ab8ce8bb00_0 .net/2u *"_ivl_702", 31 0, L_0x7fe792aabc88;  1 drivers
v0x55ab8ce8bba0_0 .net *"_ivl_704", 0 0, L_0x55ab8cf34c10;  1 drivers
v0x55ab8ce8bc40_0 .net *"_ivl_707", 0 0, L_0x55ab8cf34d50;  1 drivers
v0x55ab8ce8bce0_0 .net/2u *"_ivl_708", 31 0, L_0x7fe792aabcd0;  1 drivers
v0x55ab8ce8bd80_0 .net *"_ivl_710", 31 0, L_0x55ab8cf34e60;  1 drivers
L_0x7fe792aabd18 .functor BUFT 1, C4<01000000000000000101000000010011>, C4<0>, C4<0>, C4<0>;
v0x55ab8ce8be20_0 .net/2u *"_ivl_712", 31 0, L_0x7fe792aabd18;  1 drivers
v0x55ab8ce8bec0_0 .net *"_ivl_714", 0 0, L_0x55ab8cf34f20;  1 drivers
v0x55ab8ce8bf60_0 .net *"_ivl_717", 0 0, L_0x55ab8cf35060;  1 drivers
v0x55ab8ce8c000_0 .net/2u *"_ivl_718", 31 0, L_0x7fe792aabd60;  1 drivers
L_0x7fe792aa9a38 .functor BUFT 1, C4<00000000000000000101000000010011>, C4<0>, C4<0>, C4<0>;
v0x55ab8ce8c0a0_0 .net/2u *"_ivl_72", 31 0, L_0x7fe792aa9a38;  1 drivers
v0x55ab8ce8c140_0 .net *"_ivl_720", 31 0, L_0x55ab8cf35170;  1 drivers
L_0x7fe792aabda8 .functor BUFT 1, C4<00000000000000000110000000010011>, C4<0>, C4<0>, C4<0>;
v0x55ab8ce8c1e0_0 .net/2u *"_ivl_722", 31 0, L_0x7fe792aabda8;  1 drivers
v0x55ab8ce8c280_0 .net *"_ivl_724", 0 0, L_0x55ab8cf35230;  1 drivers
v0x55ab8ce8c320_0 .net *"_ivl_727", 0 0, L_0x55ab8cf35370;  1 drivers
v0x55ab8ce8c3c0_0 .net/2u *"_ivl_728", 31 0, L_0x7fe792aabdf0;  1 drivers
v0x55ab8ce8c460_0 .net *"_ivl_730", 31 0, L_0x55ab8cf35480;  1 drivers
L_0x7fe792aabe38 .functor BUFT 1, C4<00000000000000000111000000010011>, C4<0>, C4<0>, C4<0>;
v0x55ab8ce8c500_0 .net/2u *"_ivl_732", 31 0, L_0x7fe792aabe38;  1 drivers
v0x55ab8ce8c5a0_0 .net *"_ivl_734", 0 0, L_0x55ab8cf35540;  1 drivers
v0x55ab8ce8c640_0 .net *"_ivl_737", 0 0, L_0x55ab8cf358d0;  1 drivers
v0x55ab8ce8c6e0_0 .net/2u *"_ivl_738", 31 0, L_0x7fe792aabe80;  1 drivers
v0x55ab8ce8c780_0 .net *"_ivl_74", 0 0, L_0x55ab8cf26ff0;  1 drivers
v0x55ab8ce8c820_0 .net *"_ivl_740", 31 0, L_0x55ab8cf359e0;  1 drivers
L_0x7fe792aabec8 .functor BUFT 1, C4<00000000000000000000000000110011>, C4<0>, C4<0>, C4<0>;
v0x55ab8ce8c8c0_0 .net/2u *"_ivl_742", 31 0, L_0x7fe792aabec8;  1 drivers
v0x55ab8ce8c960_0 .net *"_ivl_744", 0 0, L_0x55ab8cf35aa0;  1 drivers
v0x55ab8ce8ca00_0 .net *"_ivl_747", 0 0, L_0x55ab8cf360e0;  1 drivers
v0x55ab8ce8caa0_0 .net/2u *"_ivl_748", 31 0, L_0x7fe792aabf10;  1 drivers
v0x55ab8ce8cb40_0 .net *"_ivl_750", 31 0, L_0x55ab8cf361f0;  1 drivers
L_0x7fe792aabf58 .functor BUFT 1, C4<01000000000000000000000000110011>, C4<0>, C4<0>, C4<0>;
v0x55ab8ce8cbe0_0 .net/2u *"_ivl_752", 31 0, L_0x7fe792aabf58;  1 drivers
v0x55ab8ce8cc80_0 .net *"_ivl_754", 0 0, L_0x55ab8cf35b40;  1 drivers
v0x55ab8ce8cd20_0 .net *"_ivl_757", 0 0, L_0x55ab8cf35ee0;  1 drivers
v0x55ab8ce8cdc0_0 .net/2u *"_ivl_758", 31 0, L_0x7fe792aabfa0;  1 drivers
v0x55ab8ce8ce60_0 .net *"_ivl_760", 31 0, L_0x55ab8cf35680;  1 drivers
L_0x7fe792aabfe8 .functor BUFT 1, C4<00000000000000000001000000110011>, C4<0>, C4<0>, C4<0>;
v0x55ab8ce8cf00_0 .net/2u *"_ivl_762", 31 0, L_0x7fe792aabfe8;  1 drivers
v0x55ab8ce8cfa0_0 .net *"_ivl_764", 0 0, L_0x55ab8cf356f0;  1 drivers
v0x55ab8ce8d040_0 .net *"_ivl_767", 0 0, L_0x55ab8cf35830;  1 drivers
v0x55ab8ce8d0e0_0 .net/2u *"_ivl_768", 31 0, L_0x7fe792aac030;  1 drivers
v0x55ab8ce8d180_0 .net *"_ivl_77", 0 0, L_0x55ab8cf26bf0;  1 drivers
v0x55ab8ce8d220_0 .net *"_ivl_770", 31 0, L_0x55ab8cf36850;  1 drivers
L_0x7fe792aac078 .functor BUFT 1, C4<00000000000000000010000000110011>, C4<0>, C4<0>, C4<0>;
v0x55ab8ce8d2c0_0 .net/2u *"_ivl_772", 31 0, L_0x7fe792aac078;  1 drivers
v0x55ab8ce8d360_0 .net *"_ivl_774", 0 0, L_0x55ab8cf362b0;  1 drivers
v0x55ab8ce8d400_0 .net *"_ivl_777", 0 0, L_0x55ab8cf36660;  1 drivers
v0x55ab8ce8d4a0_0 .net/2u *"_ivl_778", 31 0, L_0x7fe792aac0c0;  1 drivers
v0x55ab8ce8d540_0 .net/2u *"_ivl_78", 31 0, L_0x7fe792aa9a80;  1 drivers
v0x55ab8ce8d5e0_0 .net *"_ivl_780", 31 0, L_0x55ab8cf35c80;  1 drivers
L_0x7fe792aac108 .functor BUFT 1, C4<00000000000000000011000000110011>, C4<0>, C4<0>, C4<0>;
v0x55ab8ce8d680_0 .net/2u *"_ivl_782", 31 0, L_0x7fe792aac108;  1 drivers
v0x55ab8ce8d720_0 .net *"_ivl_784", 0 0, L_0x55ab8cf35d40;  1 drivers
v0x55ab8ce8d7c0_0 .net *"_ivl_787", 0 0, L_0x55ab8cf36e30;  1 drivers
v0x55ab8ce8d860_0 .net/2u *"_ivl_788", 31 0, L_0x7fe792aac150;  1 drivers
v0x55ab8ce8d900_0 .net *"_ivl_790", 31 0, L_0x55ab8cf36ef0;  1 drivers
L_0x7fe792aac198 .functor BUFT 1, C4<00000000000000000100000000110011>, C4<0>, C4<0>, C4<0>;
v0x55ab8ce8d9a0_0 .net/2u *"_ivl_792", 31 0, L_0x7fe792aac198;  1 drivers
v0x55ab8ce8da40_0 .net *"_ivl_794", 0 0, L_0x55ab8cf36910;  1 drivers
v0x55ab8ce8dae0_0 .net *"_ivl_797", 0 0, L_0x55ab8cf36cd0;  1 drivers
v0x55ab8ce8db80_0 .net/2u *"_ivl_798", 31 0, L_0x7fe792aac1e0;  1 drivers
v0x55ab8ce8dc20_0 .net/2u *"_ivl_8", 31 0, L_0x7fe792aa9690;  1 drivers
v0x55ab8ce8dcc0_0 .net *"_ivl_80", 31 0, L_0x55ab8cf27220;  1 drivers
v0x55ab8ce8dd60_0 .net *"_ivl_800", 31 0, L_0x55ab8cf363f0;  1 drivers
L_0x7fe792aac228 .functor BUFT 1, C4<00000000000000000101000000110011>, C4<0>, C4<0>, C4<0>;
v0x55ab8ce8de00_0 .net/2u *"_ivl_802", 31 0, L_0x7fe792aac228;  1 drivers
v0x55ab8ce8dea0_0 .net *"_ivl_804", 0 0, L_0x55ab8cf36460;  1 drivers
v0x55ab8ce8df40_0 .net *"_ivl_807", 0 0, L_0x55ab8cf365a0;  1 drivers
v0x55ab8ce8dfe0_0 .net/2u *"_ivl_808", 31 0, L_0x7fe792aac270;  1 drivers
v0x55ab8ce8e080_0 .net *"_ivl_810", 31 0, L_0x55ab8cf37540;  1 drivers
L_0x7fe792aac2b8 .functor BUFT 1, C4<01000000000000000101000000110011>, C4<0>, C4<0>, C4<0>;
v0x55ab8ce8e120_0 .net/2u *"_ivl_812", 31 0, L_0x7fe792aac2b8;  1 drivers
v0x55ab8ce8e1c0_0 .net *"_ivl_814", 0 0, L_0x55ab8cf36fb0;  1 drivers
v0x55ab8ce8e260_0 .net *"_ivl_817", 0 0, L_0x55ab8cf37380;  1 drivers
v0x55ab8ce8e300_0 .net/2u *"_ivl_818", 31 0, L_0x7fe792aac300;  1 drivers
L_0x7fe792aa9ac8 .functor BUFT 1, C4<01000000000000000101000000010011>, C4<0>, C4<0>, C4<0>;
v0x55ab8ce8e3a0_0 .net/2u *"_ivl_82", 31 0, L_0x7fe792aa9ac8;  1 drivers
v0x55ab8ce8e440_0 .net *"_ivl_820", 31 0, L_0x55ab8cf36a50;  1 drivers
L_0x7fe792aac348 .functor BUFT 1, C4<00000000000000000110000000110011>, C4<0>, C4<0>, C4<0>;
v0x55ab8ce8e4e0_0 .net/2u *"_ivl_822", 31 0, L_0x7fe792aac348;  1 drivers
v0x55ab8ce8e580_0 .net *"_ivl_824", 0 0, L_0x55ab8cf36b10;  1 drivers
v0x55ab8ce8e620_0 .net *"_ivl_827", 0 0, L_0x55ab8cf36c50;  1 drivers
v0x55ab8ce8e6c0_0 .net/2u *"_ivl_828", 31 0, L_0x7fe792aac390;  1 drivers
v0x55ab8ce8e760_0 .net *"_ivl_830", 31 0, L_0x55ab8cf37bb0;  1 drivers
L_0x7fe792aac3d8 .functor BUFT 1, C4<00000000000000000111000000110011>, C4<0>, C4<0>, C4<0>;
v0x55ab8ce8e800_0 .net/2u *"_ivl_832", 31 0, L_0x7fe792aac3d8;  1 drivers
v0x55ab8ce8e8a0_0 .net *"_ivl_834", 0 0, L_0x55ab8cf37600;  1 drivers
v0x55ab8ce8e940_0 .net *"_ivl_837", 0 0, L_0x55ab8cf379e0;  1 drivers
v0x55ab8ce8e9e0_0 .net/2u *"_ivl_838", 31 0, L_0x7fe792aac420;  1 drivers
v0x55ab8ce8ea80_0 .net *"_ivl_84", 0 0, L_0x55ab8cf27370;  1 drivers
v0x55ab8ce8eb20_0 .net *"_ivl_840", 31 0, L_0x55ab8cf37af0;  1 drivers
L_0x7fe792aac468 .functor BUFT 1, C4<00000000000000000000000000000011>, C4<0>, C4<0>, C4<0>;
v0x55ab8ce8ebc0_0 .net/2u *"_ivl_842", 31 0, L_0x7fe792aac468;  1 drivers
v0x55ab8ce8ec60_0 .net *"_ivl_844", 0 0, L_0x55ab8cf37140;  1 drivers
v0x55ab8ce8ed00_0 .net *"_ivl_847", 0 0, L_0x55ab8cf37280;  1 drivers
v0x55ab8ce8eda0_0 .net/2u *"_ivl_848", 31 0, L_0x7fe792aac4b0;  1 drivers
v0x55ab8ce8ee40_0 .net *"_ivl_850", 31 0, L_0x55ab8cf38240;  1 drivers
L_0x7fe792aac4f8 .functor BUFT 1, C4<00000000000000000001000000000011>, C4<0>, C4<0>, C4<0>;
v0x55ab8ce8eee0_0 .net/2u *"_ivl_852", 31 0, L_0x7fe792aac4f8;  1 drivers
v0x55ab8ce8ef80_0 .net *"_ivl_854", 0 0, L_0x55ab8cf37c70;  1 drivers
v0x55ab8ce8f020_0 .net *"_ivl_857", 0 0, L_0x55ab8cf38060;  1 drivers
v0x55ab8ce8f0c0_0 .net/2u *"_ivl_858", 31 0, L_0x7fe792aac540;  1 drivers
v0x55ab8ce8f160_0 .net *"_ivl_860", 31 0, L_0x55ab8cf38170;  1 drivers
L_0x7fe792aac588 .functor BUFT 1, C4<00000000000000000010000000000011>, C4<0>, C4<0>, C4<0>;
v0x55ab8ce8f200_0 .net/2u *"_ivl_862", 31 0, L_0x7fe792aac588;  1 drivers
v0x55ab8ce8f2a0_0 .net *"_ivl_864", 0 0, L_0x55ab8cf37790;  1 drivers
v0x55ab8ce8f340_0 .net *"_ivl_867", 0 0, L_0x55ab8cf378d0;  1 drivers
v0x55ab8ce8f3e0_0 .net/2u *"_ivl_868", 31 0, L_0x7fe792aac5d0;  1 drivers
v0x55ab8ce8f480_0 .net *"_ivl_87", 0 0, L_0x55ab8cf274b0;  1 drivers
v0x55ab8ce8f520_0 .net *"_ivl_870", 31 0, L_0x55ab8cf388a0;  1 drivers
L_0x7fe792aac618 .functor BUFT 1, C4<00000000000000000100000000000011>, C4<0>, C4<0>, C4<0>;
v0x55ab8ce8f5c0_0 .net/2u *"_ivl_872", 31 0, L_0x7fe792aac618;  1 drivers
v0x55ab8ce8f660_0 .net *"_ivl_874", 0 0, L_0x55ab8cf38300;  1 drivers
v0x55ab8ce8f700_0 .net *"_ivl_877", 0 0, L_0x55ab8cf38700;  1 drivers
v0x55ab8ce8f7a0_0 .net/2u *"_ivl_878", 31 0, L_0x7fe792aac660;  1 drivers
v0x55ab8ce8f840_0 .net/2u *"_ivl_88", 31 0, L_0x7fe792aa9b10;  1 drivers
v0x55ab8ce8f8e0_0 .net *"_ivl_880", 31 0, L_0x55ab8cf38810;  1 drivers
L_0x7fe792aac6a8 .functor BUFT 1, C4<00000000000000000101000000000011>, C4<0>, C4<0>, C4<0>;
v0x55ab8ce8f980_0 .net/2u *"_ivl_882", 31 0, L_0x7fe792aac6a8;  1 drivers
v0x55ab8ce8fa20_0 .net *"_ivl_884", 0 0, L_0x55ab8cf37e00;  1 drivers
v0x55ab8ce8fac0_0 .net *"_ivl_887", 0 0, L_0x55ab8cf37f40;  1 drivers
v0x55ab8ce8fb60_0 .net/2u *"_ivl_888", 31 0, L_0x7fe792aac6f0;  1 drivers
v0x55ab8ce8fc00_0 .net *"_ivl_890", 31 0, L_0x55ab8cf38f20;  1 drivers
L_0x7fe792aac738 .functor BUFT 1, C4<00000000000000000110000000000011>, C4<0>, C4<0>, C4<0>;
v0x55ab8ce8fca0_0 .net/2u *"_ivl_892", 31 0, L_0x7fe792aac738;  1 drivers
v0x55ab8ce8fd40_0 .net *"_ivl_894", 0 0, L_0x55ab8cf38960;  1 drivers
v0x55ab8ce8fde0_0 .net *"_ivl_897", 0 0, L_0x55ab8cf38d70;  1 drivers
v0x55ab8ce8fe80_0 .net/2u *"_ivl_898", 31 0, L_0x7fe792aac780;  1 drivers
v0x55ab8ce8ff20_0 .net *"_ivl_90", 31 0, L_0x55ab8cf275c0;  1 drivers
v0x55ab8ce8ffc0_0 .net *"_ivl_900", 31 0, L_0x55ab8cf38e80;  1 drivers
L_0x7fe792aac7c8 .functor BUFT 1, C4<00000010000000000000000000110011>, C4<0>, C4<0>, C4<0>;
v0x55ab8ce90060_0 .net/2u *"_ivl_902", 31 0, L_0x7fe792aac7c8;  1 drivers
v0x55ab8ce90100_0 .net *"_ivl_904", 0 0, L_0x55ab8cf38490;  1 drivers
v0x55ab8ce901a0_0 .net *"_ivl_907", 0 0, L_0x55ab8cf385d0;  1 drivers
v0x55ab8ce90240_0 .net/2u *"_ivl_908", 31 0, L_0x7fe792aac810;  1 drivers
v0x55ab8ce902e0_0 .net *"_ivl_910", 31 0, L_0x55ab8cf395c0;  1 drivers
L_0x7fe792aac858 .functor BUFT 1, C4<00000010000000000001000000110011>, C4<0>, C4<0>, C4<0>;
v0x55ab8ce90380_0 .net/2u *"_ivl_912", 31 0, L_0x7fe792aac858;  1 drivers
v0x55ab8ce90420_0 .net *"_ivl_914", 0 0, L_0x55ab8cf38fe0;  1 drivers
v0x55ab8ce904c0_0 .net *"_ivl_917", 0 0, L_0x55ab8cf39400;  1 drivers
v0x55ab8ce90560_0 .net/2u *"_ivl_918", 31 0, L_0x7fe792aac8a0;  1 drivers
L_0x7fe792aa9b58 .functor BUFT 1, C4<00000000000000000000000000110111>, C4<0>, C4<0>, C4<0>;
v0x55ab8ce90600_0 .net/2u *"_ivl_92", 31 0, L_0x7fe792aa9b58;  1 drivers
v0x55ab8ce906a0_0 .net *"_ivl_920", 31 0, L_0x55ab8cf39510;  1 drivers
L_0x7fe792aac8e8 .functor BUFT 1, C4<00000010000000000010000000110011>, C4<0>, C4<0>, C4<0>;
v0x55ab8ce90740_0 .net/2u *"_ivl_922", 31 0, L_0x7fe792aac8e8;  1 drivers
v0x55ab8ce907e0_0 .net *"_ivl_924", 0 0, L_0x55ab8cf38af0;  1 drivers
v0x55ab8ce90880_0 .net *"_ivl_927", 0 0, L_0x55ab8cf38c30;  1 drivers
v0x55ab8ce90920_0 .net/2u *"_ivl_928", 31 0, L_0x7fe792aac930;  1 drivers
v0x55ab8ce909c0_0 .net *"_ivl_930", 31 0, L_0x55ab8cf39c80;  1 drivers
L_0x7fe792aac978 .functor BUFT 1, C4<00000010000000000011000000110011>, C4<0>, C4<0>, C4<0>;
v0x55ab8ce90a60_0 .net/2u *"_ivl_932", 31 0, L_0x7fe792aac978;  1 drivers
v0x55ab8ce90b00_0 .net *"_ivl_934", 0 0, L_0x55ab8cf39680;  1 drivers
v0x55ab8ce90ba0_0 .net *"_ivl_937", 0 0, L_0x55ab8cf39ab0;  1 drivers
v0x55ab8ce90c40_0 .net/2u *"_ivl_938", 31 0, L_0x7fe792aac9c0;  1 drivers
v0x55ab8ce90ce0_0 .net *"_ivl_94", 0 0, L_0x55ab8cf27930;  1 drivers
v0x55ab8ce90d80_0 .net *"_ivl_940", 31 0, L_0x55ab8cf39bc0;  1 drivers
L_0x7fe792aaca08 .functor BUFT 1, C4<00000010000000000100000000110011>, C4<0>, C4<0>, C4<0>;
v0x55ab8ce90e20_0 .net/2u *"_ivl_942", 31 0, L_0x7fe792aaca08;  1 drivers
v0x55ab8ce90ec0_0 .net *"_ivl_944", 0 0, L_0x55ab8cf39120;  1 drivers
v0x55ab8ce90f60_0 .net *"_ivl_947", 0 0, L_0x55ab8cf39260;  1 drivers
v0x55ab8ce91000_0 .net/2u *"_ivl_948", 31 0, L_0x7fe792aaca50;  1 drivers
v0x55ab8ce910a0_0 .net *"_ivl_950", 31 0, L_0x55ab8cf39370;  1 drivers
L_0x7fe792aaca98 .functor BUFT 1, C4<00000010000000000101000000110011>, C4<0>, C4<0>, C4<0>;
v0x55ab8ce91140_0 .net/2u *"_ivl_952", 31 0, L_0x7fe792aaca98;  1 drivers
v0x55ab8ce911e0_0 .net *"_ivl_954", 0 0, L_0x55ab8cf39d40;  1 drivers
v0x55ab8ce91280_0 .net *"_ivl_957", 0 0, L_0x55ab8cf3a180;  1 drivers
v0x55ab8ce91320_0 .net/2u *"_ivl_958", 31 0, L_0x7fe792aacae0;  1 drivers
v0x55ab8ce913c0_0 .net *"_ivl_960", 31 0, L_0x55ab8cf3a290;  1 drivers
L_0x7fe792aacb28 .functor BUFT 1, C4<00000010000000000110000000110011>, C4<0>, C4<0>, C4<0>;
v0x55ab8ce91460_0 .net/2u *"_ivl_962", 31 0, L_0x7fe792aacb28;  1 drivers
v0x55ab8ce91500_0 .net *"_ivl_964", 0 0, L_0x55ab8cf397c0;  1 drivers
v0x55ab8ce915a0_0 .net *"_ivl_967", 0 0, L_0x55ab8cf39900;  1 drivers
v0x55ab8ce91640_0 .net/2u *"_ivl_968", 31 0, L_0x7fe792aacb70;  1 drivers
v0x55ab8ce916e0_0 .net *"_ivl_97", 0 0, L_0x55ab8cf27a20;  1 drivers
v0x55ab8ce91780_0 .net *"_ivl_970", 31 0, L_0x55ab8cf39a10;  1 drivers
L_0x7fe792aacbb8 .functor BUFT 1, C4<00000010000000000111000000110011>, C4<0>, C4<0>, C4<0>;
v0x55ab8ce91820_0 .net/2u *"_ivl_972", 31 0, L_0x7fe792aacbb8;  1 drivers
v0x55ab8ce918c0_0 .net *"_ivl_974", 0 0, L_0x55ab8cf3a3b0;  1 drivers
v0x55ab8ce91960_0 .net *"_ivl_977", 0 0, L_0x55ab8cf3a800;  1 drivers
v0x55ab8ce91a00_0 .net/2u *"_ivl_978", 31 0, L_0x7fe792aacc00;  1 drivers
v0x55ab8ce91aa0_0 .net/2u *"_ivl_98", 31 0, L_0x7fe792aa9ba0;  1 drivers
v0x55ab8ce91b40_0 .net *"_ivl_980", 31 0, L_0x55ab8cf3a910;  1 drivers
L_0x7fe792aacc48 .functor BUFT 1, C4<00000000000000000001000001110011>, C4<0>, C4<0>, C4<0>;
v0x55ab8ce91be0_0 .net/2u *"_ivl_982", 31 0, L_0x7fe792aacc48;  1 drivers
v0x55ab8ce91c80_0 .net *"_ivl_984", 0 0, L_0x55ab8cf39e80;  1 drivers
v0x55ab8ce91d20_0 .net *"_ivl_987", 0 0, L_0x55ab8cf39fc0;  1 drivers
v0x55ab8ce91dc0_0 .net/2u *"_ivl_988", 31 0, L_0x7fe792aacc90;  1 drivers
v0x55ab8ce91e60_0 .net *"_ivl_990", 31 0, L_0x55ab8cf3a0d0;  1 drivers
L_0x7fe792aaccd8 .functor BUFT 1, C4<00000000000000000010000001110011>, C4<0>, C4<0>, C4<0>;
v0x55ab8ce91f00_0 .net/2u *"_ivl_992", 31 0, L_0x7fe792aaccd8;  1 drivers
v0x55ab8ce91fa0_0 .net *"_ivl_994", 0 0, L_0x55ab8cf3aa40;  1 drivers
v0x55ab8ce92040_0 .net *"_ivl_997", 0 0, L_0x55ab8cf3aea0;  1 drivers
v0x55ab8ce920e0_0 .net/2u *"_ivl_998", 31 0, L_0x7fe792aacd20;  1 drivers
v0x55ab8ce92180_0 .net "branch_o", 0 0, L_0x55ab8cf44060;  alias, 1 drivers
v0x55ab8ce92220_0 .net "csr_o", 0 0, L_0x55ab8cf47320;  alias, 1 drivers
v0x55ab8ce922c0_0 .net "div_o", 0 0, L_0x55ab8cf44d40;  alias, 1 drivers
v0x55ab8ce92360_0 .net "enable_muldiv_i", 0 0, L_0x7fe792ab4b20;  alias, 1 drivers
v0x55ab8ce92400_0 .net "exec_o", 0 0, L_0x55ab8cf3f2c0;  alias, 1 drivers
v0x55ab8ce924a0_0 .net "fetch_fault_i", 0 0, L_0x55ab8cf473e0;  1 drivers
v0x55ab8ce92540_0 .net "invalid_o", 0 0, L_0x55ab8cf33160;  alias, 1 drivers
v0x55ab8ce925e0_0 .net "invalid_w", 0 0, L_0x55ab8cf330a0;  1 drivers
v0x55ab8ce92680_0 .net "lsu_o", 0 0, L_0x55ab8cf42440;  alias, 1 drivers
v0x55ab8ce92720_0 .net "mul_o", 0 0, L_0x55ab8cf43f00;  alias, 1 drivers
v0x55ab8ce927c0_0 .net "opcode_i", 31 0, L_0x55ab8cf24660;  alias, 1 drivers
v0x55ab8ce92860_0 .net "rd_valid_o", 0 0, L_0x55ab8cf3b8c0;  alias, 1 drivers
v0x55ab8ce92900_0 .net "valid_i", 0 0, L_0x55ab8cf23050;  alias, 1 drivers
L_0x55ab8cf25870 .cmp/eq 32, L_0x55ab8cf25800, L_0x7fe792aa9648;
L_0x55ab8cf25a90 .cmp/eq 32, L_0x55ab8cf25910, L_0x7fe792aa96d8;
L_0x55ab8cf25da0 .cmp/eq 32, L_0x55ab8cf25ce0, L_0x7fe792aa9768;
L_0x55ab8cf260b0 .cmp/eq 32, L_0x55ab8cf25ff0, L_0x7fe792aa97f8;
L_0x55ab8cf26410 .cmp/eq 32, L_0x55ab8cf26300, L_0x7fe792aa9888;
L_0x55ab8cf26930 .cmp/eq 32, L_0x55ab8cf26660, L_0x7fe792aa9918;
L_0x55ab8cf26c60 .cmp/eq 32, L_0x55ab8cf26b30, L_0x7fe792aa99a8;
L_0x55ab8cf26ff0 .cmp/eq 32, L_0x55ab8cf26eb0, L_0x7fe792aa9a38;
L_0x55ab8cf27370 .cmp/eq 32, L_0x55ab8cf27220, L_0x7fe792aa9ac8;
L_0x55ab8cf27930 .cmp/eq 32, L_0x55ab8cf275c0, L_0x7fe792aa9b58;
L_0x55ab8cf27890 .cmp/eq 32, L_0x55ab8cf27ae0, L_0x7fe792aa9be8;
L_0x55ab8cf27ba0 .cmp/eq 32, L_0x55ab8cf27e00, L_0x7fe792aa9c78;
L_0x55ab8cf27ec0 .cmp/eq 32, L_0x55ab8cf281a0, L_0x7fe792aa9d08;
L_0x55ab8cf28260 .cmp/eq 32, L_0x55ab8cf284e0, L_0x7fe792aa9d98;
L_0x55ab8cf285a0 .cmp/eq 32, L_0x55ab8cf287c0, L_0x7fe792aa9e28;
L_0x55ab8cf28880 .cmp/eq 32, L_0x55ab8cf28b20, L_0x7fe792aa9eb8;
L_0x55ab8cf28be0 .cmp/eq 32, L_0x55ab8cf28ed0, L_0x7fe792aa9f48;
L_0x55ab8cf28f90 .cmp/eq 32, L_0x55ab8cf29140, L_0x7fe792aa9fd8;
L_0x55ab8cf29200 .cmp/eq 32, L_0x55ab8cf294b0, L_0x7fe792aaa068;
L_0x55ab8cf29570 .cmp/eq 32, L_0x55ab8cf29800, L_0x7fe792aaa0f8;
L_0x55ab8cf298c0 .cmp/eq 32, L_0x55ab8cf29ba0, L_0x7fe792aaa188;
L_0x55ab8cf29c60 .cmp/eq 32, L_0x55ab8cf29ec0, L_0x7fe792aaa218;
L_0x55ab8cf29f80 .cmp/eq 32, L_0x55ab8cf2a240, L_0x7fe792aaa2a8;
L_0x55ab8cf2a300 .cmp/eq 32, L_0x55ab8cf2a580, L_0x7fe792aaa338;
L_0x55ab8cf2a640 .cmp/eq 32, L_0x55ab8cf2a8e0, L_0x7fe792aaa3c8;
L_0x55ab8cf2a9a0 .cmp/eq 32, L_0x55ab8cf2ac40, L_0x7fe792aaa458;
L_0x55ab8cf2b110 .cmp/eq 32, L_0x55ab8cf2b390, L_0x7fe792aaa4e8;
L_0x55ab8cf2b400 .cmp/eq 32, L_0x55ab8cf2b670, L_0x7fe792aaa578;
L_0x55ab8cf2b730 .cmp/eq 32, L_0x55ab8cf2b9e0, L_0x7fe792aaa608;
L_0x55ab8cf2baa0 .cmp/eq 32, L_0x55ab8cf2bd10, L_0x7fe792aaa698;
L_0x55ab8cf2bdd0 .cmp/eq 32, L_0x55ab8cf2c0b0, L_0x7fe792aaa728;
L_0x55ab8cf2c120 .cmp/eq 32, L_0x55ab8cf2c3b0, L_0x7fe792aaa7b8;
L_0x55ab8cf2c470 .cmp/eq 32, L_0x55ab8cf2c020, L_0x7fe792aaa848;
L_0x55ab8cf2c7d0 .cmp/eq 32, L_0x55ab8cf2ca30, L_0x7fe792aaa8d8;
L_0x55ab8cf2caf0 .cmp/eq 32, L_0x55ab8cf2c6c0, L_0x7fe792aaa968;
L_0x55ab8cf2ce30 .cmp/eq 32, L_0x55ab8cf2d0b0, L_0x7fe792aaa9f8;
L_0x55ab8cf2d170 .cmp/eq 32, L_0x55ab8cf2cd40, L_0x7fe792aaaa88;
L_0x55ab8cf2d4e0 .cmp/eq 32, L_0x55ab8cf2d780, L_0x7fe792aaab18;
L_0x55ab8cf2d430 .cmp/eq 32, L_0x55ab8cf2d370, L_0x7fe792aaaba8;
L_0x55ab8cf2dbe0 .cmp/eq 32, L_0x55ab8cf2d9f0, L_0x7fe792aaac38;
L_0x55ab8cf2db20 .cmp/eq 32, L_0x55ab8cf2da60, L_0x7fe792aaacc8;
L_0x55ab8cf2e510 .cmp/eq 32, L_0x55ab8cf2e050, L_0x7fe792aaad58;
L_0x55ab8cf2e230 .cmp/eq 32, L_0x55ab8cf2e7b0, L_0x7fe792aaade8;
L_0x55ab8cf2e870 .cmp/eq 32, L_0x55ab8cf2e480, L_0x7fe792aaae78;
L_0x55ab8cf2eb70 .cmp/eq 32, L_0x55ab8cf2ee30, L_0x7fe792aaaf08;
L_0x55ab8cf2eea0 .cmp/eq 32, L_0x55ab8cf2edc0, L_0x7fe792aaaf98;
L_0x55ab8cf2f1c0 .cmp/eq 32, L_0x55ab8cf2f4a0, L_0x7fe792aab028;
L_0x55ab8cf2f510 .cmp/eq 32, L_0x55ab8cf2f410, L_0x7fe792aab0b8;
L_0x55ab8cf2f850 .cmp/eq 32, L_0x55ab8cf2f760, L_0x7fe792aab148;
L_0x55ab8cf2fba0 .cmp/eq 32, L_0x55ab8cf2faa0, L_0x7fe792aab1d8;
L_0x55ab8cf2ff00 .cmp/eq 32, L_0x55ab8cf2f0f0, L_0x7fe792aab268;
L_0x55ab8cf305b0 .cmp/eq 32, L_0x55ab8cf30150, L_0x7fe792aab2f8;
L_0x55ab8cf30330 .cmp/eq 32, L_0x55ab8cf30270, L_0x7fe792aab388;
L_0x55ab8cf308c0 .cmp/eq 32, L_0x55ab8cf30c70, L_0x7fe792aab418;
L_0x55ab8cf30da0 .cmp/eq 32, L_0x55ab8cf30d30, L_0x7fe792aab4a8;
L_0x55ab8cf318b0 .cmp/eq 32, L_0x55ab8cf31c40, L_0x7fe792aab538;
L_0x55ab8cf32100 .cmp/eq 32, L_0x55ab8cf31bc0, L_0x7fe792aab5c8;
L_0x55ab8cf31e80 .cmp/eq 32, L_0x55ab8cf31e10, L_0x7fe792aab658;
L_0x55ab8cf2fce0 .cmp/eq 32, L_0x55ab8cf31fc0, L_0x7fe792aab6e8;
L_0x55ab8cf33760 .cmp/eq 32, L_0x55ab8cf33220, L_0x7fe792aab778;
L_0x55ab8cf323c0 .cmp/eq 32, L_0x55ab8cf32300, L_0x7fe792aab808;
L_0x55ab8cf334d0 .cmp/eq 32, L_0x55ab8cf33410, L_0x7fe792aab898;
L_0x55ab8cf339b0 .cmp/eq 32, L_0x55ab8cf338f0, L_0x7fe792aab928;
L_0x55ab8cf33cc0 .cmp/eq 32, L_0x55ab8cf33c00, L_0x7fe792aab9b8;
L_0x55ab8cf33fd0 .cmp/eq 32, L_0x55ab8cf33f10, L_0x7fe792aaba48;
L_0x55ab8cf342e0 .cmp/eq 32, L_0x55ab8cf34220, L_0x7fe792aabad8;
L_0x55ab8cf345f0 .cmp/eq 32, L_0x55ab8cf34530, L_0x7fe792aabb68;
L_0x55ab8cf34900 .cmp/eq 32, L_0x55ab8cf34840, L_0x7fe792aabbf8;
L_0x55ab8cf34c10 .cmp/eq 32, L_0x55ab8cf34b50, L_0x7fe792aabc88;
L_0x55ab8cf34f20 .cmp/eq 32, L_0x55ab8cf34e60, L_0x7fe792aabd18;
L_0x55ab8cf35230 .cmp/eq 32, L_0x55ab8cf35170, L_0x7fe792aabda8;
L_0x55ab8cf35540 .cmp/eq 32, L_0x55ab8cf35480, L_0x7fe792aabe38;
L_0x55ab8cf35aa0 .cmp/eq 32, L_0x55ab8cf359e0, L_0x7fe792aabec8;
L_0x55ab8cf35b40 .cmp/eq 32, L_0x55ab8cf361f0, L_0x7fe792aabf58;
L_0x55ab8cf356f0 .cmp/eq 32, L_0x55ab8cf35680, L_0x7fe792aabfe8;
L_0x55ab8cf362b0 .cmp/eq 32, L_0x55ab8cf36850, L_0x7fe792aac078;
L_0x55ab8cf35d40 .cmp/eq 32, L_0x55ab8cf35c80, L_0x7fe792aac108;
L_0x55ab8cf36910 .cmp/eq 32, L_0x55ab8cf36ef0, L_0x7fe792aac198;
L_0x55ab8cf36460 .cmp/eq 32, L_0x55ab8cf363f0, L_0x7fe792aac228;
L_0x55ab8cf36fb0 .cmp/eq 32, L_0x55ab8cf37540, L_0x7fe792aac2b8;
L_0x55ab8cf36b10 .cmp/eq 32, L_0x55ab8cf36a50, L_0x7fe792aac348;
L_0x55ab8cf37600 .cmp/eq 32, L_0x55ab8cf37bb0, L_0x7fe792aac3d8;
L_0x55ab8cf37140 .cmp/eq 32, L_0x55ab8cf37af0, L_0x7fe792aac468;
L_0x55ab8cf37c70 .cmp/eq 32, L_0x55ab8cf38240, L_0x7fe792aac4f8;
L_0x55ab8cf37790 .cmp/eq 32, L_0x55ab8cf38170, L_0x7fe792aac588;
L_0x55ab8cf38300 .cmp/eq 32, L_0x55ab8cf388a0, L_0x7fe792aac618;
L_0x55ab8cf37e00 .cmp/eq 32, L_0x55ab8cf38810, L_0x7fe792aac6a8;
L_0x55ab8cf38960 .cmp/eq 32, L_0x55ab8cf38f20, L_0x7fe792aac738;
L_0x55ab8cf38490 .cmp/eq 32, L_0x55ab8cf38e80, L_0x7fe792aac7c8;
L_0x55ab8cf38fe0 .cmp/eq 32, L_0x55ab8cf395c0, L_0x7fe792aac858;
L_0x55ab8cf38af0 .cmp/eq 32, L_0x55ab8cf39510, L_0x7fe792aac8e8;
L_0x55ab8cf39680 .cmp/eq 32, L_0x55ab8cf39c80, L_0x7fe792aac978;
L_0x55ab8cf39120 .cmp/eq 32, L_0x55ab8cf39bc0, L_0x7fe792aaca08;
L_0x55ab8cf39d40 .cmp/eq 32, L_0x55ab8cf39370, L_0x7fe792aaca98;
L_0x55ab8cf397c0 .cmp/eq 32, L_0x55ab8cf3a290, L_0x7fe792aacb28;
L_0x55ab8cf3a3b0 .cmp/eq 32, L_0x55ab8cf39a10, L_0x7fe792aacbb8;
L_0x55ab8cf39e80 .cmp/eq 32, L_0x55ab8cf3a910, L_0x7fe792aacc48;
L_0x55ab8cf3aa40 .cmp/eq 32, L_0x55ab8cf3a0d0, L_0x7fe792aaccd8;
L_0x55ab8cf3a4f0 .cmp/eq 32, L_0x55ab8cf3afb0, L_0x7fe792aacd68;
L_0x55ab8cf3b780 .cmp/eq 32, L_0x55ab8cf3a740, L_0x7fe792aacdf8;
L_0x55ab8cf3ad50 .cmp/eq 32, L_0x55ab8cf3ac90, L_0x7fe792aace88;
L_0x55ab8cf3b2c0 .cmp/eq 32, L_0x55ab8cf3b200, L_0x7fe792aacf18;
L_0x55ab8cf3ba90 .cmp/eq 32, L_0x55ab8cf3b9d0, L_0x7fe792aacfa8;
L_0x55ab8cf3c370 .cmp/eq 32, L_0x55ab8cf3c2b0, L_0x7fe792aad038;
L_0x55ab8cf3bc90 .cmp/eq 32, L_0x55ab8cf3bbd0, L_0x7fe792aad0c8;
L_0x55ab8cf3bfa0 .cmp/eq 32, L_0x55ab8cf3bee0, L_0x7fe792aad158;
L_0x55ab8cf3ccb0 .cmp/eq 32, L_0x55ab8cf3c1f0, L_0x7fe792aad1e8;
L_0x55ab8cf3c680 .cmp/eq 32, L_0x55ab8cf3c5c0, L_0x7fe792aad278;
L_0x55ab8cf3c990 .cmp/eq 32, L_0x55ab8cf3c8d0, L_0x7fe792aad308;
L_0x55ab8cf3d620 .cmp/eq 32, L_0x55ab8cf3cbe0, L_0x7fe792aad398;
L_0x55ab8cf3cfc0 .cmp/eq 32, L_0x55ab8cf3cf00, L_0x7fe792aad428;
L_0x55ab8cf3d2d0 .cmp/eq 32, L_0x55ab8cf3d210, L_0x7fe792aad4b8;
L_0x55ab8cf3b400 .cmp/eq 32, L_0x55ab8cf3d520, L_0x7fe792aad548;
L_0x55ab8cf3d870 .cmp/eq 32, L_0x55ab8cf3b650, L_0x7fe792aad5d8;
L_0x55ab8cf3deb0 .cmp/eq 32, L_0x55ab8cf3ddf0, L_0x7fe792aad668;
L_0x55ab8cf3e1c0 .cmp/eq 32, L_0x55ab8cf3e100, L_0x7fe792aad6f8;
L_0x55ab8cf3db80 .cmp/eq 32, L_0x55ab8cf3dac0, L_0x7fe792aad788;
L_0x55ab8cf3e410 .cmp/eq 32, L_0x55ab8cf3e350, L_0x7fe792aad818;
L_0x55ab8cf31810 .cmp/eq 32, L_0x55ab8cf3ea20, L_0x7fe792aad8a8;
L_0x55ab8cf3f510 .cmp/eq 32, L_0x55ab8cf3f450, L_0x7fe792aad938;
L_0x55ab8cf31650 .cmp/eq 32, L_0x55ab8cf31590, L_0x7fe792aad9c8;
L_0x55ab8cf3e6b0 .cmp/eq 32, L_0x55ab8cf3e5f0, L_0x7fe792aada58;
L_0x55ab8cf3f180 .cmp/eq 32, L_0x55ab8cf3e7f0, L_0x7fe792aadae8;
L_0x55ab8cf310b0 .cmp/eq 32, L_0x55ab8cf3f3d0, L_0x7fe792aadb78;
L_0x55ab8cf40ad0 .cmp/eq 32, L_0x55ab8cf40a10, L_0x7fe792aadc08;
L_0x55ab8cf311f0 .cmp/eq 32, L_0x55ab8cf40d20, L_0x7fe792aadc98;
L_0x55ab8cf3ed50 .cmp/eq 32, L_0x55ab8cf3ec90, L_0x7fe792aadd28;
L_0x55ab8cf40620 .cmp/eq 32, L_0x55ab8cf3efa0, L_0x7fe792aaddb8;
L_0x55ab8cf40930 .cmp/eq 32, L_0x55ab8cf40870, L_0x7fe792aade48;
L_0x55ab8cf32d40 .cmp/eq 32, L_0x55ab8cf32c80, L_0x7fe792aaded8;
L_0x55ab8cf32840 .cmp/eq 32, L_0x55ab8cf32780, L_0x7fe792aadf68;
L_0x55ab8cf41ed0 .cmp/eq 32, L_0x55ab8cf41e10, L_0x7fe792aadff8;
L_0x55ab8cf42610 .cmp/eq 32, L_0x55ab8cf42550, L_0x7fe792aae088;
L_0x55ab8cf42810 .cmp/eq 32, L_0x55ab8cf42750, L_0x7fe792aae118;
L_0x55ab8cf42b20 .cmp/eq 32, L_0x55ab8cf42a60, L_0x7fe792aae1a8;
L_0x55ab8cf42e30 .cmp/eq 32, L_0x55ab8cf42d70, L_0x7fe792aae238;
L_0x55ab8cf43140 .cmp/eq 32, L_0x55ab8cf43080, L_0x7fe792aae2c8;
L_0x55ab8cf43450 .cmp/eq 32, L_0x55ab8cf43390, L_0x7fe792aae358;
L_0x55ab8cf42190 .cmp/eq 32, L_0x55ab8cf420d0, L_0x7fe792aae3e8;
L_0x55ab8cf43ab0 .cmp/eq 32, L_0x55ab8cf439f0, L_0x7fe792aae478;
L_0x55ab8cf441e0 .cmp/eq 32, L_0x55ab8cf44120, L_0x7fe792aae508;
L_0x55ab8cf43590 .cmp/eq 32, L_0x55ab8cf44320, L_0x7fe792aae598;
L_0x55ab8cf43790 .cmp/eq 32, L_0x55ab8cf436d0, L_0x7fe792aae628;
L_0x55ab8cf43cb0 .cmp/eq 32, L_0x55ab8cf43bf0, L_0x7fe792aae6b8;
L_0x55ab8cf448f0 .cmp/eq 32, L_0x55ab8cf43fc0, L_0x7fe792aae748;
L_0x55ab8cf44af0 .cmp/eq 32, L_0x55ab8cf44a30, L_0x7fe792aae7d8;
L_0x55ab8cf44520 .cmp/eq 32, L_0x55ab8cf44460, L_0x7fe792aae868;
L_0x55ab8cf44830 .cmp/eq 32, L_0x55ab8cf44770, L_0x7fe792aae8f8;
L_0x55ab8cf44ec0 .cmp/eq 32, L_0x55ab8cf44e00, L_0x7fe792aae988;
L_0x55ab8cf451f0 .cmp/eq 32, L_0x55ab8cf45000, L_0x7fe792aaea18;
L_0x55ab8cf459c0 .cmp/eq 32, L_0x55ab8cf45900, L_0x7fe792aaeaa8;
L_0x55ab8cf45d80 .cmp/eq 32, L_0x55ab8cf45cc0, L_0x7fe792aaeb38;
L_0x55ab8cf46040 .cmp/eq 32, L_0x55ab8cf45fd0, L_0x7fe792aaebc8;
L_0x55ab8cf46350 .cmp/eq 32, L_0x55ab8cf46290, L_0x7fe792aaec58;
L_0x55ab8cf45500 .cmp/eq 32, L_0x55ab8cf45440, L_0x7fe792aaece8;
L_0x55ab8cf46970 .cmp/eq 32, L_0x55ab8cf45750, L_0x7fe792aaed78;
L_0x55ab8cf46c80 .cmp/eq 32, L_0x55ab8cf46bc0, L_0x7fe792aaee08;
L_0x55ab8cf46f40 .cmp/eq 32, L_0x55ab8cf46e80, L_0x7fe792aaee98;
L_0x55ab8cf46610 .cmp/eq 32, L_0x55ab8cf46550, L_0x7fe792aaef28;
L_0x55ab8cf47580 .cmp/eq 32, L_0x55ab8cf46860, L_0x7fe792aaefb8;
L_0x55ab8cf47080 .cmp/eq 32, L_0x55ab8cf47c90, L_0x7fe792aaf048;
S_0x55ab8cd94210 .scope module, "u_dec1" "biriscv_decoder" 14 258, 15 27 0, S_0x55ab8cd67e70;
 .timescale 0 0;
    .port_info 0 /INPUT 1 "valid_i";
    .port_info 1 /INPUT 1 "fetch_fault_i";
    .port_info 2 /INPUT 1 "enable_muldiv_i";
    .port_info 3 /INPUT 32 "opcode_i";
    .port_info 4 /OUTPUT 1 "invalid_o";
    .port_info 5 /OUTPUT 1 "exec_o";
    .port_info 6 /OUTPUT 1 "lsu_o";
    .port_info 7 /OUTPUT 1 "branch_o";
    .port_info 8 /OUTPUT 1 "mul_o";
    .port_info 9 /OUTPUT 1 "div_o";
    .port_info 10 /OUTPUT 1 "csr_o";
    .port_info 11 /OUTPUT 1 "rd_valid_o";
L_0x7fe792aaf090 .functor BUFT 1, C4<00000000000000000111000001111111>, C4<0>, C4<0>, C4<0>;
L_0x55ab8cf474a0 .functor AND 32, L_0x55ab8cf24900, L_0x7fe792aaf090, C4<11111111111111111111111111111111>, C4<11111111111111111111111111111111>;
L_0x7fe792aaf120 .functor BUFT 1, C4<00000000000000000111000001111111>, C4<0>, C4<0>, C4<0>;
L_0x55ab8cf48950 .functor AND 32, L_0x55ab8cf24900, L_0x7fe792aaf120, C4<11111111111111111111111111111111>, C4<11111111111111111111111111111111>;
L_0x55ab8cf48b50 .functor OR 1, L_0x55ab8cf48810, L_0x55ab8cf48a10, C4<0>, C4<0>;
L_0x7fe792aaf1b0 .functor BUFT 1, C4<00000000000000000111000001111111>, C4<0>, C4<0>, C4<0>;
L_0x55ab8cf48c60 .functor AND 32, L_0x55ab8cf24900, L_0x7fe792aaf1b0, C4<11111111111111111111111111111111>, C4<11111111111111111111111111111111>;
L_0x55ab8cf48e60 .functor OR 1, L_0x55ab8cf48b50, L_0x55ab8cf48d20, C4<0>, C4<0>;
L_0x7fe792aaf240 .functor BUFT 1, C4<00000000000000000111000001111111>, C4<0>, C4<0>, C4<0>;
L_0x55ab8cf48f70 .functor AND 32, L_0x55ab8cf24900, L_0x7fe792aaf240, C4<11111111111111111111111111111111>, C4<11111111111111111111111111111111>;
L_0x55ab8cf49170 .functor OR 1, L_0x55ab8cf48e60, L_0x55ab8cf49030, C4<0>, C4<0>;
L_0x7fe792aaf2d0 .functor BUFT 1, C4<00000000000000000111000001111111>, C4<0>, C4<0>, C4<0>;
L_0x55ab8cf49280 .functor AND 32, L_0x55ab8cf24900, L_0x7fe792aaf2d0, C4<11111111111111111111111111111111>, C4<11111111111111111111111111111111>;
L_0x55ab8cf494d0 .functor OR 1, L_0x55ab8cf49170, L_0x55ab8cf49390, C4<0>, C4<0>;
L_0x7fe792aaf360 .functor BUFT 1, C4<00000000000000000111000001111111>, C4<0>, C4<0>, C4<0>;
L_0x55ab8cf495e0 .functor AND 32, L_0x55ab8cf24900, L_0x7fe792aaf360, C4<11111111111111111111111111111111>, C4<11111111111111111111111111111111>;
L_0x55ab8cf497f0 .functor OR 1, L_0x55ab8cf494d0, L_0x55ab8cf49700, C4<0>, C4<0>;
L_0x7fe792aaf3f0 .functor BUFT 1, C4<11111100000000000111000001111111>, C4<0>, C4<0>, C4<0>;
L_0x55ab8cf49900 .functor AND 32, L_0x55ab8cf24900, L_0x7fe792aaf3f0, C4<11111111111111111111111111111111>, C4<11111111111111111111111111111111>;
L_0x55ab8cf49b70 .functor OR 1, L_0x55ab8cf497f0, L_0x55ab8cf49a30, C4<0>, C4<0>;
L_0x7fe792aaf480 .functor BUFT 1, C4<11111100000000000111000001111111>, C4<0>, C4<0>, C4<0>;
L_0x55ab8cf49c80 .functor AND 32, L_0x55ab8cf24900, L_0x7fe792aaf480, C4<11111111111111111111111111111111>, C4<11111111111111111111111111111111>;
L_0x55ab8cf499c0 .functor OR 1, L_0x55ab8cf49b70, L_0x55ab8cf49dc0, C4<0>, C4<0>;
L_0x7fe792aaf510 .functor BUFT 1, C4<11111100000000000111000001111111>, C4<0>, C4<0>, C4<0>;
L_0x55ab8cf49ff0 .functor AND 32, L_0x55ab8cf24900, L_0x7fe792aaf510, C4<11111111111111111111111111111111>, C4<11111111111111111111111111111111>;
L_0x55ab8cf4a230 .functor OR 1, L_0x55ab8cf499c0, L_0x55ab8cf4a0f0, C4<0>, C4<0>;
L_0x7fe792aaf5a0 .functor BUFT 1, C4<00000000000000000000000001111111>, C4<0>, C4<0>, C4<0>;
L_0x55ab8cf4a340 .functor AND 32, L_0x55ab8cf24900, L_0x7fe792aaf5a0, C4<11111111111111111111111111111111>, C4<11111111111111111111111111111111>;
L_0x55ab8cf4a5f0 .functor OR 1, L_0x55ab8cf4a230, L_0x55ab8cf4a4a0, C4<0>, C4<0>;
L_0x7fe792aaf630 .functor BUFT 1, C4<00000000000000000000000001111111>, C4<0>, C4<0>, C4<0>;
L_0x55ab8cf4a6b0 .functor AND 32, L_0x55ab8cf24900, L_0x7fe792aaf630, C4<11111111111111111111111111111111>, C4<11111111111111111111111111111111>;
L_0x55ab8cf4a8c0 .functor OR 1, L_0x55ab8cf4a5f0, L_0x55ab8cf4a400, C4<0>, C4<0>;
L_0x7fe792aaf6c0 .functor BUFT 1, C4<11111110000000000111000001111111>, C4<0>, C4<0>, C4<0>;
L_0x55ab8cf4a9d0 .functor AND 32, L_0x55ab8cf24900, L_0x7fe792aaf6c0, C4<11111111111111111111111111111111>, C4<11111111111111111111111111111111>;
L_0x55ab8cf4ac60 .functor OR 1, L_0x55ab8cf4a8c0, L_0x55ab8cf4a770, C4<0>, C4<0>;
L_0x7fe792aaf750 .functor BUFT 1, C4<11111110000000000111000001111111>, C4<0>, C4<0>, C4<0>;
L_0x55ab8cf4ad70 .functor AND 32, L_0x55ab8cf24900, L_0x7fe792aaf750, C4<11111111111111111111111111111111>, C4<11111111111111111111111111111111>;
L_0x55ab8cf4afa0 .functor OR 1, L_0x55ab8cf4ac60, L_0x55ab8cf4aa90, C4<0>, C4<0>;
L_0x7fe792aaf7e0 .functor BUFT 1, C4<11111110000000000111000001111111>, C4<0>, C4<0>, C4<0>;
L_0x55ab8cf4b0b0 .functor AND 32, L_0x55ab8cf24900, L_0x7fe792aaf7e0, C4<11111111111111111111111111111111>, C4<11111111111111111111111111111111>;
L_0x55ab8cf4abf0 .functor OR 1, L_0x55ab8cf4afa0, L_0x55ab8cf4ae30, C4<0>, C4<0>;
L_0x7fe792aaf870 .functor BUFT 1, C4<11111110000000000111000001111111>, C4<0>, C4<0>, C4<0>;
L_0x55ab8cf4b390 .functor AND 32, L_0x55ab8cf24900, L_0x7fe792aaf870, C4<11111111111111111111111111111111>, C4<11111111111111111111111111111111>;
L_0x55ab8cf4b5e0 .functor OR 1, L_0x55ab8cf4abf0, L_0x55ab8cf4b170, C4<0>, C4<0>;
L_0x7fe792aaf900 .functor BUFT 1, C4<11111110000000000111000001111111>, C4<0>, C4<0>, C4<0>;
L_0x55ab8cf4b6f0 .functor AND 32, L_0x55ab8cf24900, L_0x7fe792aaf900, C4<11111111111111111111111111111111>, C4<11111111111111111111111111111111>;
L_0x55ab8cf4b990 .functor OR 1, L_0x55ab8cf4b5e0, L_0x55ab8cf4b450, C4<0>, C4<0>;
L_0x7fe792aaf990 .functor BUFT 1, C4<11111110000000000111000001111111>, C4<0>, C4<0>, C4<0>;
L_0x55ab8cf4baa0 .functor AND 32, L_0x55ab8cf24900, L_0x7fe792aaf990, C4<11111111111111111111111111111111>, C4<11111111111111111111111111111111>;
L_0x55ab8cf4bcc0 .functor OR 1, L_0x55ab8cf4b990, L_0x55ab8cf4b7b0, C4<0>, C4<0>;
L_0x7fe792aafa20 .functor BUFT 1, C4<11111110000000000111000001111111>, C4<0>, C4<0>, C4<0>;
L_0x55ab8cf4bdd0 .functor AND 32, L_0x55ab8cf24900, L_0x7fe792aafa20, C4<11111111111111111111111111111111>, C4<11111111111111111111111111111111>;
L_0x55ab8cf4b900 .functor OR 1, L_0x55ab8cf4bcc0, L_0x55ab8cf4bb60, C4<0>, C4<0>;
L_0x7fe792aafab0 .functor BUFT 1, C4<11111110000000000111000001111111>, C4<0>, C4<0>, C4<0>;
L_0x55ab8cf4c140 .functor AND 32, L_0x55ab8cf24900, L_0x7fe792aafab0, C4<11111111111111111111111111111111>, C4<11111111111111111111111111111111>;
L_0x55ab8cf4c380 .functor OR 1, L_0x55ab8cf4b900, L_0x55ab8cf4be90, C4<0>, C4<0>;
L_0x7fe792aafb40 .functor BUFT 1, C4<11111110000000000111000001111111>, C4<0>, C4<0>, C4<0>;
L_0x55ab8cf4c490 .functor AND 32, L_0x55ab8cf24900, L_0x7fe792aafb40, C4<11111111111111111111111111111111>, C4<11111111111111111111111111111111>;
L_0x55ab8cf4c000 .functor OR 1, L_0x55ab8cf4c380, L_0x55ab8cf4c200, C4<0>, C4<0>;
L_0x7fe792aafbd0 .functor BUFT 1, C4<11111110000000000111000001111111>, C4<0>, C4<0>, C4<0>;
L_0x55ab8cf4c830 .functor AND 32, L_0x55ab8cf24900, L_0x7fe792aafbd0, C4<11111111111111111111111111111111>, C4<11111111111111111111111111111111>;
L_0x55ab8cf4ca40 .functor OR 1, L_0x55ab8cf4c000, L_0x55ab8cf4c550, C4<0>, C4<0>;
L_0x7fe792aafc60 .functor BUFT 1, C4<00000000000000000000000001111111>, C4<0>, C4<0>, C4<0>;
L_0x55ab8cf4cb50 .functor AND 32, L_0x55ab8cf24900, L_0x7fe792aafc60, C4<11111111111111111111111111111111>, C4<11111111111111111111111111111111>;
L_0x55ab8cf4c6e0 .functor OR 1, L_0x55ab8cf4ca40, L_0x55ab8cf4c8f0, C4<0>, C4<0>;
L_0x7fe792aafcf0 .functor BUFT 1, C4<00000000000000000111000001111111>, C4<0>, C4<0>, C4<0>;
L_0x55ab8cf4ced0 .functor AND 32, L_0x55ab8cf24900, L_0x7fe792aafcf0, C4<11111111111111111111111111111111>, C4<11111111111111111111111111111111>;
L_0x55ab8cf4d100 .functor OR 1, L_0x55ab8cf4c6e0, L_0x55ab8cf4cc10, C4<0>, C4<0>;
L_0x7fe792aafd80 .functor BUFT 1, C4<00000000000000000111000001111111>, C4<0>, C4<0>, C4<0>;
L_0x55ab8cf4d210 .functor AND 32, L_0x55ab8cf24900, L_0x7fe792aafd80, C4<11111111111111111111111111111111>, C4<11111111111111111111111111111111>;
L_0x55ab8cf4cd50 .functor OR 1, L_0x55ab8cf4d100, L_0x55ab8cf4cf90, C4<0>, C4<0>;
L_0x7fe792aafe10 .functor BUFT 1, C4<00000000000000000111000001111111>, C4<0>, C4<0>, C4<0>;
L_0x55ab8cf4d570 .functor AND 32, L_0x55ab8cf24900, L_0x7fe792aafe10, C4<11111111111111111111111111111111>, C4<11111111111111111111111111111111>;
L_0x55ab8cf4d7c0 .functor OR 1, L_0x55ab8cf4cd50, L_0x55ab8cf4d2d0, C4<0>, C4<0>;
L_0x7fe792aafea0 .functor BUFT 1, C4<00000000000000000111000001111111>, C4<0>, C4<0>, C4<0>;
L_0x55ab8cf4d8d0 .functor AND 32, L_0x55ab8cf24900, L_0x7fe792aafea0, C4<11111111111111111111111111111111>, C4<11111111111111111111111111111111>;
L_0x55ab8cf4d410 .functor OR 1, L_0x55ab8cf4d7c0, L_0x55ab8cf4d630, C4<0>, C4<0>;
L_0x7fe792aaff30 .functor BUFT 1, C4<00000000000000000111000001111111>, C4<0>, C4<0>, C4<0>;
L_0x55ab8cf4dc10 .functor AND 32, L_0x55ab8cf24900, L_0x7fe792aaff30, C4<11111111111111111111111111111111>, C4<11111111111111111111111111111111>;
L_0x55ab8cf4de30 .functor OR 1, L_0x55ab8cf4d410, L_0x55ab8cf4d990, C4<0>, C4<0>;
L_0x7fe792aaffc0 .functor BUFT 1, C4<00000000000000000111000001111111>, C4<0>, C4<0>, C4<0>;
L_0x55ab8cf4def0 .functor AND 32, L_0x55ab8cf24900, L_0x7fe792aaffc0, C4<11111111111111111111111111111111>, C4<11111111111111111111111111111111>;
L_0x55ab8cf4ddc0 .functor OR 1, L_0x55ab8cf4de30, L_0x55ab8cf4dc80, C4<0>, C4<0>;
L_0x7fe792ab0050 .functor BUFT 1, C4<00000000000000000111000001111111>, C4<0>, C4<0>, C4<0>;
L_0x55ab8cf4e260 .functor AND 32, L_0x55ab8cf24900, L_0x7fe792ab0050, C4<11111111111111111111111111111111>, C4<11111111111111111111111111111111>;
L_0x55ab8cf4e0f0 .functor OR 1, L_0x55ab8cf4ddc0, L_0x55ab8cf4dfb0, C4<0>, C4<0>;
L_0x7fe792ab00e0 .functor BUFT 1, C4<00000000000000000111000001111111>, C4<0>, C4<0>, C4<0>;
L_0x55ab8cf4e590 .functor AND 32, L_0x55ab8cf24900, L_0x7fe792ab00e0, C4<11111111111111111111111111111111>, C4<11111111111111111111111111111111>;
L_0x55ab8cf4e460 .functor OR 1, L_0x55ab8cf4e0f0, L_0x55ab8cf4e320, C4<0>, C4<0>;
L_0x7fe792ab0170 .functor BUFT 1, C4<00000000000000000111000001111111>, C4<0>, C4<0>, C4<0>;
L_0x55ab8cf4e930 .functor AND 32, L_0x55ab8cf24900, L_0x7fe792ab0170, C4<11111111111111111111111111111111>, C4<11111111111111111111111111111111>;
L_0x55ab8cf4e790 .functor OR 1, L_0x55ab8cf4e460, L_0x55ab8cf4e650, C4<0>, C4<0>;
L_0x7fe792ab0200 .functor BUFT 1, C4<00000000000000000111000001111111>, C4<0>, C4<0>, C4<0>;
L_0x55ab8cf4ec30 .functor AND 32, L_0x55ab8cf24900, L_0x7fe792ab0200, C4<11111111111111111111111111111111>, C4<11111111111111111111111111111111>;
L_0x55ab8cf4eae0 .functor OR 1, L_0x55ab8cf4e790, L_0x55ab8cf4e9a0, C4<0>, C4<0>;
L_0x7fe792ab0290 .functor BUFT 1, C4<00000000000000000111000001111111>, C4<0>, C4<0>, C4<0>;
L_0x55ab8cf4e8a0 .functor AND 32, L_0x55ab8cf24900, L_0x7fe792ab0290, C4<11111111111111111111111111111111>, C4<11111111111111111111111111111111>;
L_0x55ab8cf4ee30 .functor OR 1, L_0x55ab8cf4eae0, L_0x55ab8cf4ecf0, C4<0>, C4<0>;
L_0x7fe792ab0320 .functor BUFT 1, C4<00000000000000000111000001111111>, C4<0>, C4<0>, C4<0>;
L_0x55ab8cf4f2b0 .functor AND 32, L_0x55ab8cf24900, L_0x7fe792ab0320, C4<11111111111111111111111111111111>, C4<11111111111111111111111111111111>;
L_0x55ab8cf4f190 .functor OR 1, L_0x55ab8cf4ee30, L_0x55ab8cf4f050, C4<0>, C4<0>;
L_0x7fe792ab03b0 .functor BUFT 1, C4<00000000000000000111000001111111>, C4<0>, C4<0>, C4<0>;
L_0x55ab8cf4ef40 .functor AND 32, L_0x55ab8cf24900, L_0x7fe792ab03b0, C4<11111111111111111111111111111111>, C4<11111111111111111111111111111111>;
L_0x55ab8cf4f4b0 .functor OR 1, L_0x55ab8cf4f190, L_0x55ab8cf4f370, C4<0>, C4<0>;
L_0x7fe792ab0440 .functor BUFT 1, C4<00000000000000000111000001111111>, C4<0>, C4<0>, C4<0>;
L_0x55ab8cf4f930 .functor AND 32, L_0x55ab8cf24900, L_0x7fe792ab0440, C4<11111111111111111111111111111111>, C4<11111111111111111111111111111111>;
L_0x55ab8cf4f7f0 .functor OR 1, L_0x55ab8cf4f4b0, L_0x55ab8cf4f6b0, C4<0>, C4<0>;
L_0x7fe792ab04d0 .functor BUFT 1, C4<00000000000000000111000001111111>, C4<0>, C4<0>, C4<0>;
L_0x55ab8cf4f5c0 .functor AND 32, L_0x55ab8cf24900, L_0x7fe792ab04d0, C4<11111111111111111111111111111111>, C4<11111111111111111111111111111111>;
L_0x55ab8cf4fb30 .functor OR 1, L_0x55ab8cf4f7f0, L_0x55ab8cf4f9f0, C4<0>, C4<0>;
L_0x7fe792ab0560 .functor BUFT 1, C4<00000000000000000111000001111111>, C4<0>, C4<0>, C4<0>;
L_0x55ab8cf50000 .functor AND 32, L_0x55ab8cf24900, L_0x7fe792ab0560, C4<11111111111111111111111111111111>, C4<11111111111111111111111111111111>;
L_0x55ab8cf4fea0 .functor OR 1, L_0x55ab8cf4fb30, L_0x55ab8cf4fd60, C4<0>, C4<0>;
L_0x7fe792ab05f0 .functor BUFT 1, C4<11111111111111111111111111111111>, C4<0>, C4<0>, C4<0>;
L_0x55ab8cf4fbf0 .functor AND 32, L_0x55ab8cf24900, L_0x7fe792ab05f0, C4<11111111111111111111111111111111>, C4<11111111111111111111111111111111>;
L_0x55ab8cf50160 .functor OR 1, L_0x55ab8cf4fea0, L_0x55ab8cf4fcb0, C4<0>, C4<0>;
L_0x7fe792ab0680 .functor BUFT 1, C4<11111111111111111111111111111111>, C4<0>, C4<0>, C4<0>;
L_0x55ab8cf50270 .functor AND 32, L_0x55ab8cf24900, L_0x7fe792ab0680, C4<11111111111111111111111111111111>, C4<11111111111111111111111111111111>;
L_0x55ab8cf505a0 .functor OR 1, L_0x55ab8cf50160, L_0x55ab8cf50460, C4<0>, C4<0>;
L_0x7fe792ab0710 .functor BUFT 1, C4<11001111111111111111111111111111>, C4<0>, C4<0>, C4<0>;
L_0x55ab8cf502e0 .functor AND 32, L_0x55ab8cf24900, L_0x7fe792ab0710, C4<11111111111111111111111111111111>, C4<11111111111111111111111111111111>;
L_0x55ab8cf507c0 .functor OR 1, L_0x55ab8cf505a0, L_0x55ab8cf503a0, C4<0>, C4<0>;
L_0x7fe792ab07a0 .functor BUFT 1, C4<00000000000000000111000001111111>, C4<0>, C4<0>, C4<0>;
L_0x55ab8cf508d0 .functor AND 32, L_0x55ab8cf24900, L_0x7fe792ab07a0, C4<11111111111111111111111111111111>, C4<11111111111111111111111111111111>;
L_0x55ab8cf509a0 .functor OR 1, L_0x55ab8cf507c0, L_0x55ab8cf50d90, C4<0>, C4<0>;
L_0x7fe792ab0830 .functor BUFT 1, C4<00000000000000000111000001111111>, C4<0>, C4<0>, C4<0>;
L_0x55ab8cf51030 .functor AND 32, L_0x55ab8cf24900, L_0x7fe792ab0830, C4<11111111111111111111111111111111>, C4<11111111111111111111111111111111>;
L_0x55ab8cf50bf0 .functor OR 1, L_0x55ab8cf509a0, L_0x55ab8cf50ab0, C4<0>, C4<0>;
L_0x7fe792ab08c0 .functor BUFT 1, C4<00000000000000000111000001111111>, C4<0>, C4<0>, C4<0>;
L_0x55ab8cf50d00 .functor AND 32, L_0x55ab8cf24900, L_0x7fe792ab08c0, C4<11111111111111111111111111111111>, C4<11111111111111111111111111111111>;
L_0x55ab8cf50ed0 .functor OR 1, L_0x55ab8cf50bf0, L_0x55ab8cf510f0, C4<0>, C4<0>;
L_0x7fe792ab0950 .functor BUFT 1, C4<00000000000000000111000001111111>, C4<0>, C4<0>, C4<0>;
L_0x55ab8cf516b0 .functor AND 32, L_0x55ab8cf24900, L_0x7fe792ab0950, C4<11111111111111111111111111111111>, C4<11111111111111111111111111111111>;
L_0x55ab8cf51530 .functor OR 1, L_0x55ab8cf50ed0, L_0x55ab8cf513f0, C4<0>, C4<0>;
L_0x7fe792ab09e0 .functor BUFT 1, C4<00000000000000000111000001111111>, C4<0>, C4<0>, C4<0>;
L_0x55ab8cf51640 .functor AND 32, L_0x55ab8cf24900, L_0x7fe792ab09e0, C4<11111111111111111111111111111111>, C4<11111111111111111111111111111111>;
L_0x55ab8cf51230 .functor OR 1, L_0x55ab8cf51530, L_0x55ab8cf51720, C4<0>, C4<0>;
L_0x7fe792ab0a70 .functor BUFT 1, C4<00000000000000000111000001111111>, C4<0>, C4<0>, C4<0>;
L_0x55ab8cf51d20 .functor AND 32, L_0x55ab8cf24900, L_0x7fe792ab0a70, C4<11111111111111111111111111111111>, C4<11111111111111111111111111111111>;
L_0x55ab8cf51b80 .functor OR 1, L_0x55ab8cf51230, L_0x55ab8cf51a40, C4<0>, C4<0>;
L_0x7fe792ab0b00 .functor BUFT 1, C4<11111111111111111000111111111111>, C4<0>, C4<0>, C4<0>;
L_0x55ab8cf51c90 .functor AND 32, L_0x55ab8cf24900, L_0x7fe792ab0b00, C4<11111111111111111111111111111111>, C4<11111111111111111111111111111111>;
L_0x55ab8cf51ed0 .functor OR 1, L_0x55ab8cf51b80, L_0x55ab8cf51d90, C4<0>, C4<0>;
L_0x7fe792ab0b90 .functor BUFT 1, C4<00000000000000000111000001111111>, C4<0>, C4<0>, C4<0>;
L_0x55ab8cf51fe0 .functor AND 32, L_0x55ab8cf24900, L_0x7fe792ab0b90, C4<11111111111111111111111111111111>, C4<11111111111111111111111111111111>;
L_0x55ab8cf52210 .functor OR 1, L_0x55ab8cf51ed0, L_0x55ab8cf520d0, C4<0>, C4<0>;
L_0x7fe792ab0c20 .functor BUFT 1, C4<00000000000000000111000001111111>, C4<0>, C4<0>, C4<0>;
L_0x55ab8cf52320 .functor AND 32, L_0x55ab8cf24900, L_0x7fe792ab0c20, C4<11111111111111111111111111111111>, C4<11111111111111111111111111111111>;
L_0x55ab8cf51860 .functor OR 1, L_0x55ab8cf52210, L_0x55ab8cf52420, C4<0>, C4<0>;
L_0x7fe792ab0cb0 .functor BUFT 1, C4<11111110000000000111111111111111>, C4<0>, C4<0>, C4<0>;
L_0x55ab8cf51970 .functor AND 32, L_0x55ab8cf24900, L_0x7fe792ab0cb0, C4<11111111111111111111111111111111>, C4<11111111111111111111111111111111>;
L_0x55ab8cf528c0 .functor OR 1, L_0x55ab8cf51860, L_0x55ab8cf52780, C4<0>, C4<0>;
L_0x7fe792ab0d40 .functor BUFT 1, C4<11111110000000000111000001111111>, C4<0>, C4<0>, C4<0>;
L_0x55ab8cf529d0 .functor AND 32, L_0x55ab8cf24900, L_0x7fe792ab0d40, C4<11111111111111111111111111111111>, C4<11111111111111111111111111111111>;
L_0x55ab8cf52f70 .functor AND 1, L_0x7fe792ab4b20, L_0x55ab8cf52e30, C4<1>, C4<1>;
L_0x55ab8cf53030 .functor OR 1, L_0x55ab8cf528c0, L_0x55ab8cf52f70, C4<0>, C4<0>;
L_0x7fe792ab0dd0 .functor BUFT 1, C4<11111110000000000111000001111111>, C4<0>, C4<0>, C4<0>;
L_0x55ab8cf52af0 .functor AND 32, L_0x55ab8cf24900, L_0x7fe792ab0dd0, C4<11111111111111111111111111111111>, C4<11111111111111111111111111111111>;
L_0x55ab8cf52cf0 .functor AND 1, L_0x7fe792ab4b20, L_0x55ab8cf52bb0, C4<1>, C4<1>;
L_0x55ab8cf52db0 .functor OR 1, L_0x55ab8cf53030, L_0x55ab8cf52cf0, C4<0>, C4<0>;
L_0x7fe792ab0e60 .functor BUFT 1, C4<11111110000000000111000001111111>, C4<0>, C4<0>, C4<0>;
L_0x55ab8cf53540 .functor AND 32, L_0x55ab8cf24900, L_0x7fe792ab0e60, C4<11111111111111111111111111111111>, C4<11111111111111111111111111111111>;
L_0x55ab8cf52560 .functor AND 1, L_0x7fe792ab4b20, L_0x55ab8cf53140, C4<1>, C4<1>;
L_0x55ab8cf52620 .functor OR 1, L_0x55ab8cf52db0, L_0x55ab8cf52560, C4<0>, C4<0>;
L_0x7fe792ab0ef0 .functor BUFT 1, C4<11111110000000000111000001111111>, C4<0>, C4<0>, C4<0>;
L_0x55ab8cf53980 .functor AND 32, L_0x55ab8cf24900, L_0x7fe792ab0ef0, C4<11111111111111111111111111111111>, C4<11111111111111111111111111111111>;
L_0x55ab8cf53b80 .functor AND 1, L_0x7fe792ab4b20, L_0x55ab8cf53a40, C4<1>, C4<1>;
L_0x55ab8cf53600 .functor OR 1, L_0x55ab8cf52620, L_0x55ab8cf53b80, C4<0>, C4<0>;
L_0x7fe792ab0f80 .functor BUFT 1, C4<11111110000000000111000001111111>, C4<0>, C4<0>, C4<0>;
L_0x55ab8cf53710 .functor AND 32, L_0x55ab8cf24900, L_0x7fe792ab0f80, C4<11111111111111111111111111111111>, C4<11111111111111111111111111111111>;
L_0x55ab8cf53910 .functor AND 1, L_0x7fe792ab4b20, L_0x55ab8cf537d0, C4<1>, C4<1>;
L_0x55ab8cf532d0 .functor OR 1, L_0x55ab8cf53600, L_0x55ab8cf53910, C4<0>, C4<0>;
L_0x7fe792ab1010 .functor BUFT 1, C4<11111110000000000111000001111111>, C4<0>, C4<0>, C4<0>;
L_0x55ab8cf53c40 .functor AND 32, L_0x55ab8cf24900, L_0x7fe792ab1010, C4<11111111111111111111111111111111>, C4<11111111111111111111111111111111>;
L_0x55ab8cf53e40 .functor AND 1, L_0x7fe792ab4b20, L_0x55ab8cf53d00, C4<1>, C4<1>;
L_0x55ab8cf53f00 .functor OR 1, L_0x55ab8cf532d0, L_0x55ab8cf53e40, C4<0>, C4<0>;
L_0x7fe792ab10a0 .functor BUFT 1, C4<11111110000000000111000001111111>, C4<0>, C4<0>, C4<0>;
L_0x55ab8cf54570 .functor AND 32, L_0x55ab8cf24900, L_0x7fe792ab10a0, C4<11111111111111111111111111111111>, C4<11111111111111111111111111111111>;
L_0x55ab8cf544d0 .functor AND 1, L_0x7fe792ab4b20, L_0x55ab8cf541b0, C4<1>, C4<1>;
L_0x55ab8cf49d40 .functor OR 1, L_0x55ab8cf53f00, L_0x55ab8cf544d0, C4<0>, C4<0>;
L_0x7fe792ab1130 .functor BUFT 1, C4<11111110000000000111000001111111>, C4<0>, C4<0>, C4<0>;
L_0x55ab8cf54010 .functor AND 32, L_0x55ab8cf24900, L_0x7fe792ab1130, C4<11111111111111111111111111111111>, C4<11111111111111111111111111111111>;
L_0x55ab8cf55270 .functor AND 1, L_0x7fe792ab4b20, L_0x55ab8cf540d0, C4<1>, C4<1>;
L_0x55ab8cf54df0 .functor OR 1, L_0x55ab8cf49d40, L_0x55ab8cf55270, C4<0>, C4<0>;
L_0x55ab8cf54f00 .functor NOT 1, L_0x55ab8cf54df0, C4<0>, C4<0>, C4<0>;
L_0x55ab8cf54fc0 .functor AND 1, L_0x55ab8cf23610, L_0x55ab8cf54f00, C4<1>, C4<1>;
L_0x55ab8cf55080 .functor BUFZ 1, L_0x55ab8cf54fc0, C4<0>, C4<0>, C4<0>;
L_0x7fe792ab11c0 .functor BUFT 1, C4<00000000000000000111000001111111>, C4<0>, C4<0>, C4<0>;
L_0x55ab8cf55140 .functor AND 32, L_0x55ab8cf24900, L_0x7fe792ab11c0, C4<11111111111111111111111111111111>, C4<11111111111111111111111111111111>;
L_0x7fe792ab1250 .functor BUFT 1, C4<00000000000000000000000001111111>, C4<0>, C4<0>, C4<0>;
L_0x55ab8cf542f0 .functor AND 32, L_0x55ab8cf24900, L_0x7fe792ab1250, C4<11111111111111111111111111111111>, C4<11111111111111111111111111111111>;
L_0x55ab8cf55380 .functor OR 1, L_0x55ab8cf55790, L_0x55ab8cf543b0, C4<0>, C4<0>;
L_0x7fe792ab12e0 .functor BUFT 1, C4<00000000000000000000000001111111>, C4<0>, C4<0>, C4<0>;
L_0x55ab8cf55490 .functor AND 32, L_0x55ab8cf24900, L_0x7fe792ab12e0, C4<11111111111111111111111111111111>, C4<11111111111111111111111111111111>;
L_0x55ab8cf55690 .functor OR 1, L_0x55ab8cf55380, L_0x55ab8cf55550, C4<0>, C4<0>;
L_0x7fe792ab1370 .functor BUFT 1, C4<00000000000000000000000001111111>, C4<0>, C4<0>, C4<0>;
L_0x55ab8cf55970 .functor AND 32, L_0x55ab8cf24900, L_0x7fe792ab1370, C4<11111111111111111111111111111111>, C4<11111111111111111111111111111111>;
L_0x55ab8cf55b70 .functor OR 1, L_0x55ab8cf55690, L_0x55ab8cf55a30, C4<0>, C4<0>;
L_0x7fe792ab1400 .functor BUFT 1, C4<00000000000000000111000001111111>, C4<0>, C4<0>, C4<0>;
L_0x55ab8cf55c80 .functor AND 32, L_0x55ab8cf24900, L_0x7fe792ab1400, C4<11111111111111111111111111111111>, C4<11111111111111111111111111111111>;
L_0x55ab8cf55e80 .functor OR 1, L_0x55ab8cf55b70, L_0x55ab8cf55d40, C4<0>, C4<0>;
L_0x7fe792ab1490 .functor BUFT 1, C4<11111100000000000111000001111111>, C4<0>, C4<0>, C4<0>;
L_0x55ab8cf55f90 .functor AND 32, L_0x55ab8cf24900, L_0x7fe792ab1490, C4<11111111111111111111111111111111>, C4<11111111111111111111111111111111>;
L_0x55ab8cf56190 .functor OR 1, L_0x55ab8cf55e80, L_0x55ab8cf56050, C4<0>, C4<0>;
L_0x7fe792ab1520 .functor BUFT 1, C4<00000000000000000111000001111111>, C4<0>, C4<0>, C4<0>;
L_0x55ab8cf562a0 .functor AND 32, L_0x55ab8cf24900, L_0x7fe792ab1520, C4<11111111111111111111111111111111>, C4<11111111111111111111111111111111>;
L_0x55ab8cf564a0 .functor OR 1, L_0x55ab8cf56190, L_0x55ab8cf56360, C4<0>, C4<0>;
L_0x7fe792ab15b0 .functor BUFT 1, C4<00000000000000000111000001111111>, C4<0>, C4<0>, C4<0>;
L_0x55ab8cf565b0 .functor AND 32, L_0x55ab8cf24900, L_0x7fe792ab15b0, C4<11111111111111111111111111111111>, C4<11111111111111111111111111111111>;
L_0x55ab8cf567b0 .functor OR 1, L_0x55ab8cf564a0, L_0x55ab8cf56670, C4<0>, C4<0>;
L_0x7fe792ab1640 .functor BUFT 1, C4<00000000000000000111000001111111>, C4<0>, C4<0>, C4<0>;
L_0x55ab8cf568c0 .functor AND 32, L_0x55ab8cf24900, L_0x7fe792ab1640, C4<11111111111111111111111111111111>, C4<11111111111111111111111111111111>;
L_0x55ab8cf56ac0 .functor OR 1, L_0x55ab8cf567b0, L_0x55ab8cf56980, C4<0>, C4<0>;
L_0x7fe792ab16d0 .functor BUFT 1, C4<11111100000000000111000001111111>, C4<0>, C4<0>, C4<0>;
L_0x55ab8cf56bd0 .functor AND 32, L_0x55ab8cf24900, L_0x7fe792ab16d0, C4<11111111111111111111111111111111>, C4<11111111111111111111111111111111>;
L_0x55ab8cf56dd0 .functor OR 1, L_0x55ab8cf56ac0, L_0x55ab8cf56c90, C4<0>, C4<0>;
L_0x7fe792ab1760 .functor BUFT 1, C4<11111100000000000111000001111111>, C4<0>, C4<0>, C4<0>;
L_0x55ab8cf56ee0 .functor AND 32, L_0x55ab8cf24900, L_0x7fe792ab1760, C4<11111111111111111111111111111111>, C4<11111111111111111111111111111111>;
L_0x55ab8cf570e0 .functor OR 1, L_0x55ab8cf56dd0, L_0x55ab8cf56fa0, C4<0>, C4<0>;
L_0x7fe792ab17f0 .functor BUFT 1, C4<00000000000000000111000001111111>, C4<0>, C4<0>, C4<0>;
L_0x55ab8cf571f0 .functor AND 32, L_0x55ab8cf24900, L_0x7fe792ab17f0, C4<11111111111111111111111111111111>, C4<11111111111111111111111111111111>;
L_0x55ab8cf573f0 .functor OR 1, L_0x55ab8cf570e0, L_0x55ab8cf572b0, C4<0>, C4<0>;
L_0x7fe792ab1880 .functor BUFT 1, C4<00000000000000000111000001111111>, C4<0>, C4<0>, C4<0>;
L_0x55ab8cf57500 .functor AND 32, L_0x55ab8cf24900, L_0x7fe792ab1880, C4<11111111111111111111111111111111>, C4<11111111111111111111111111111111>;
L_0x55ab8cf57950 .functor OR 1, L_0x55ab8cf573f0, L_0x55ab8cf575c0, C4<0>, C4<0>;
L_0x7fe792ab1910 .functor BUFT 1, C4<11111110000000000111000001111111>, C4<0>, C4<0>, C4<0>;
L_0x55ab8cf57a60 .functor AND 32, L_0x55ab8cf24900, L_0x7fe792ab1910, C4<11111111111111111111111111111111>, C4<11111111111111111111111111111111>;
L_0x55ab8cf58160 .functor OR 1, L_0x55ab8cf57950, L_0x55ab8cf58070, C4<0>, C4<0>;
L_0x7fe792ab19a0 .functor BUFT 1, C4<11111110000000000111000001111111>, C4<0>, C4<0>, C4<0>;
L_0x55ab8cf58270 .functor AND 32, L_0x55ab8cf24900, L_0x7fe792ab19a0, C4<11111111111111111111111111111111>, C4<11111111111111111111111111111111>;
L_0x55ab8cf57f10 .functor OR 1, L_0x55ab8cf58160, L_0x55ab8cf57b70, C4<0>, C4<0>;
L_0x7fe792ab1a30 .functor BUFT 1, C4<11111110000000000111000001111111>, C4<0>, C4<0>, C4<0>;
L_0x55ab8cf57700 .functor AND 32, L_0x55ab8cf24900, L_0x7fe792ab1a30, C4<11111111111111111111111111111111>, C4<11111111111111111111111111111111>;
L_0x55ab8cf578b0 .functor OR 1, L_0x55ab8cf57f10, L_0x55ab8cf57770, C4<0>, C4<0>;
L_0x7fe792ab1ac0 .functor BUFT 1, C4<11111110000000000111000001111111>, C4<0>, C4<0>, C4<0>;
L_0x55ab8cf588d0 .functor AND 32, L_0x55ab8cf24900, L_0x7fe792ab1ac0, C4<11111111111111111111111111111111>, C4<11111111111111111111111111111111>;
L_0x55ab8cf586e0 .functor OR 1, L_0x55ab8cf578b0, L_0x55ab8cf58330, C4<0>, C4<0>;
L_0x7fe792ab1b50 .functor BUFT 1, C4<11111110000000000111000001111111>, C4<0>, C4<0>, C4<0>;
L_0x55ab8cf57cb0 .functor AND 32, L_0x55ab8cf24900, L_0x7fe792ab1b50, C4<11111111111111111111111111111111>, C4<11111111111111111111111111111111>;
L_0x55ab8cf58eb0 .functor OR 1, L_0x55ab8cf586e0, L_0x55ab8cf57d70, C4<0>, C4<0>;
L_0x7fe792ab1be0 .functor BUFT 1, C4<11111110000000000111000001111111>, C4<0>, C4<0>, C4<0>;
L_0x55ab8cf58f70 .functor AND 32, L_0x55ab8cf24900, L_0x7fe792ab1be0, C4<11111111111111111111111111111111>, C4<11111111111111111111111111111111>;
L_0x55ab8cf58d50 .functor OR 1, L_0x55ab8cf58eb0, L_0x55ab8cf58990, C4<0>, C4<0>;
L_0x7fe792ab1c70 .functor BUFT 1, C4<11111110000000000111000001111111>, C4<0>, C4<0>, C4<0>;
L_0x55ab8cf58470 .functor AND 32, L_0x55ab8cf24900, L_0x7fe792ab1c70, C4<11111111111111111111111111111111>, C4<11111111111111111111111111111111>;
L_0x55ab8cf58620 .functor OR 1, L_0x55ab8cf58d50, L_0x55ab8cf584e0, C4<0>, C4<0>;
L_0x7fe792ab1d00 .functor BUFT 1, C4<11111110000000000111000001111111>, C4<0>, C4<0>, C4<0>;
L_0x55ab8cf595c0 .functor AND 32, L_0x55ab8cf24900, L_0x7fe792ab1d00, C4<11111111111111111111111111111111>, C4<11111111111111111111111111111111>;
L_0x55ab8cf59400 .functor OR 1, L_0x55ab8cf58620, L_0x55ab8cf59030, C4<0>, C4<0>;
L_0x7fe792ab1d90 .functor BUFT 1, C4<11111110000000000111000001111111>, C4<0>, C4<0>, C4<0>;
L_0x55ab8cf58ad0 .functor AND 32, L_0x55ab8cf24900, L_0x7fe792ab1d90, C4<11111111111111111111111111111111>, C4<11111111111111111111111111111111>;
L_0x55ab8cf58cd0 .functor OR 1, L_0x55ab8cf59400, L_0x55ab8cf58b90, C4<0>, C4<0>;
L_0x7fe792ab1e20 .functor BUFT 1, C4<11111110000000000111000001111111>, C4<0>, C4<0>, C4<0>;
L_0x55ab8cf59c30 .functor AND 32, L_0x55ab8cf24900, L_0x7fe792ab1e20, C4<11111111111111111111111111111111>, C4<11111111111111111111111111111111>;
L_0x55ab8cf59a60 .functor OR 1, L_0x55ab8cf58cd0, L_0x55ab8cf59680, C4<0>, C4<0>;
L_0x7fe792ab1eb0 .functor BUFT 1, C4<00000000000000000111000001111111>, C4<0>, C4<0>, C4<0>;
L_0x55ab8cf59b70 .functor AND 32, L_0x55ab8cf24900, L_0x7fe792ab1eb0, C4<11111111111111111111111111111111>, C4<11111111111111111111111111111111>;
L_0x55ab8cf59300 .functor OR 1, L_0x55ab8cf59a60, L_0x55ab8cf591c0, C4<0>, C4<0>;
L_0x7fe792ab1f40 .functor BUFT 1, C4<00000000000000000111000001111111>, C4<0>, C4<0>, C4<0>;
L_0x55ab8cf5a2c0 .functor AND 32, L_0x55ab8cf24900, L_0x7fe792ab1f40, C4<11111111111111111111111111111111>, C4<11111111111111111111111111111111>;
L_0x55ab8cf5a0e0 .functor OR 1, L_0x55ab8cf59300, L_0x55ab8cf59cf0, C4<0>, C4<0>;
L_0x7fe792ab1fd0 .functor BUFT 1, C4<00000000000000000111000001111111>, C4<0>, C4<0>, C4<0>;
L_0x55ab8cf5a1f0 .functor AND 32, L_0x55ab8cf24900, L_0x7fe792ab1fd0, C4<11111111111111111111111111111111>, C4<11111111111111111111111111111111>;
L_0x55ab8cf59950 .functor OR 1, L_0x55ab8cf5a0e0, L_0x55ab8cf59810, C4<0>, C4<0>;
L_0x7fe792ab2060 .functor BUFT 1, C4<00000000000000000111000001111111>, C4<0>, C4<0>, C4<0>;
L_0x55ab8cf3f610 .functor AND 32, L_0x55ab8cf24900, L_0x7fe792ab2060, C4<11111111111111111111111111111111>, C4<11111111111111111111111111111111>;
L_0x55ab8cf5a780 .functor OR 1, L_0x55ab8cf59950, L_0x55ab8cf5a380, C4<0>, C4<0>;
L_0x7fe792ab20f0 .functor BUFT 1, C4<00000000000000000111000001111111>, C4<0>, C4<0>, C4<0>;
L_0x55ab8cf5a890 .functor AND 32, L_0x55ab8cf24900, L_0x7fe792ab20f0, C4<11111111111111111111111111111111>, C4<11111111111111111111111111111111>;
L_0x55ab8cf59fc0 .functor OR 1, L_0x55ab8cf5a780, L_0x55ab8cf59e80, C4<0>, C4<0>;
L_0x7fe792ab2180 .functor BUFT 1, C4<00000000000000000111000001111111>, C4<0>, C4<0>, C4<0>;
L_0x55ab8cf3fc90 .functor AND 32, L_0x55ab8cf24900, L_0x7fe792ab2180, C4<11111111111111111111111111111111>, C4<11111111111111111111111111111111>;
L_0x55ab8cf3f9a0 .functor OR 1, L_0x55ab8cf59fc0, L_0x55ab8cf40320, C4<0>, C4<0>;
L_0x7fe792ab2210 .functor BUFT 1, C4<11111110000000000111000001111111>, C4<0>, C4<0>, C4<0>;
L_0x55ab8cf3fab0 .functor AND 32, L_0x55ab8cf24900, L_0x7fe792ab2210, C4<11111111111111111111111111111111>, C4<11111111111111111111111111111111>;
L_0x55ab8cf404b0 .functor OR 1, L_0x55ab8cf3f9a0, L_0x55ab8cf3fb70, C4<0>, C4<0>;
L_0x7fe792ab22a0 .functor BUFT 1, C4<11111110000000000111000001111111>, C4<0>, C4<0>, C4<0>;
L_0x55ab8cf5a4c0 .functor AND 32, L_0x55ab8cf24900, L_0x7fe792ab22a0, C4<11111111111111111111111111111111>, C4<11111111111111111111111111111111>;
L_0x55ab8cf40030 .functor OR 1, L_0x55ab8cf404b0, L_0x55ab8cf5a580, C4<0>, C4<0>;
L_0x7fe792ab2330 .functor BUFT 1, C4<11111110000000000111000001111111>, C4<0>, C4<0>, C4<0>;
L_0x55ab8cf40140 .functor AND 32, L_0x55ab8cf24900, L_0x7fe792ab2330, C4<11111111111111111111111111111111>, C4<11111111111111111111111111111111>;
L_0x55ab8cf5a6c0 .functor OR 1, L_0x55ab8cf40030, L_0x55ab8cf40200, C4<0>, C4<0>;
L_0x7fe792ab23c0 .functor BUFT 1, C4<11111110000000000111000001111111>, C4<0>, C4<0>, C4<0>;
L_0x55ab8cf3f720 .functor AND 32, L_0x55ab8cf24900, L_0x7fe792ab23c0, C4<11111111111111111111111111111111>, C4<11111111111111111111111111111111>;
L_0x55ab8cf3f920 .functor OR 1, L_0x55ab8cf5a6c0, L_0x55ab8cf3f7e0, C4<0>, C4<0>;
L_0x7fe792ab2450 .functor BUFT 1, C4<11111110000000000111000001111111>, C4<0>, C4<0>, C4<0>;
L_0x55ab8cf3fdf0 .functor AND 32, L_0x55ab8cf24900, L_0x7fe792ab2450, C4<11111111111111111111111111111111>, C4<11111111111111111111111111111111>;
L_0x55ab8cf5c930 .functor OR 1, L_0x55ab8cf3f920, L_0x55ab8cf3feb0, C4<0>, C4<0>;
L_0x7fe792ab24e0 .functor BUFT 1, C4<11111110000000000111000001111111>, C4<0>, C4<0>, C4<0>;
L_0x55ab8cf5ca40 .functor AND 32, L_0x55ab8cf24900, L_0x7fe792ab24e0, C4<11111111111111111111111111111111>, C4<11111111111111111111111111111111>;
L_0x55ab8cf5cf40 .functor OR 1, L_0x55ab8cf5c930, L_0x55ab8cf5cb00, C4<0>, C4<0>;
L_0x7fe792ab2570 .functor BUFT 1, C4<11111110000000000111000001111111>, C4<0>, C4<0>, C4<0>;
L_0x55ab8cf5d050 .functor AND 32, L_0x55ab8cf24900, L_0x7fe792ab2570, C4<11111111111111111111111111111111>, C4<11111111111111111111111111111111>;
L_0x55ab8cf5d8c0 .functor OR 1, L_0x55ab8cf5cf40, L_0x55ab8cf5d110, C4<0>, C4<0>;
L_0x7fe792ab2600 .functor BUFT 1, C4<11111110000000000111000001111111>, C4<0>, C4<0>, C4<0>;
L_0x55ab8cf5d9d0 .functor AND 32, L_0x55ab8cf24900, L_0x7fe792ab2600, C4<11111111111111111111111111111111>, C4<11111111111111111111111111111111>;
L_0x55ab8cf5d650 .functor OR 1, L_0x55ab8cf5d8c0, L_0x55ab8cf5d200, C4<0>, C4<0>;
L_0x7fe792ab2690 .functor BUFT 1, C4<00000000000000000111000001111111>, C4<0>, C4<0>, C4<0>;
L_0x55ab8cf5d760 .functor AND 32, L_0x55ab8cf24900, L_0x7fe792ab2690, C4<11111111111111111111111111111111>, C4<11111111111111111111111111111111>;
L_0x55ab8cf5cd30 .functor OR 1, L_0x55ab8cf5d650, L_0x55ab8cf5cc40, C4<0>, C4<0>;
L_0x7fe792ab2720 .functor BUFT 1, C4<00000000000000000111000001111111>, C4<0>, C4<0>, C4<0>;
L_0x55ab8cf5ce40 .functor AND 32, L_0x55ab8cf24900, L_0x7fe792ab2720, C4<11111111111111111111111111111111>, C4<11111111111111111111111111111111>;
L_0x55ab8cf5d340 .functor OR 1, L_0x55ab8cf5cd30, L_0x55ab8cf5e100, C4<0>, C4<0>;
L_0x7fe792ab27b0 .functor BUFT 1, C4<00000000000000000111000001111111>, C4<0>, C4<0>, C4<0>;
L_0x55ab8cf5d450 .functor AND 32, L_0x55ab8cf24900, L_0x7fe792ab27b0, C4<11111111111111111111111111111111>, C4<11111111111111111111111111111111>;
L_0x55ab8cf5da90 .functor OR 1, L_0x55ab8cf5d340, L_0x55ab8cf5d510, C4<0>, C4<0>;
L_0x7fe792ab2840 .functor BUFT 1, C4<00000000000000000111000001111111>, C4<0>, C4<0>, C4<0>;
L_0x55ab8cf5dba0 .functor AND 32, L_0x55ab8cf24900, L_0x7fe792ab2840, C4<11111111111111111111111111111111>, C4<11111111111111111111111111111111>;
L_0x55ab8cf5e240 .functor OR 1, L_0x55ab8cf5da90, L_0x55ab8cf5dc60, C4<0>, C4<0>;
L_0x7fe792ab28d0 .functor BUFT 1, C4<00000000000000000111000001111111>, C4<0>, C4<0>, C4<0>;
L_0x55ab8cf5e350 .functor AND 32, L_0x55ab8cf24900, L_0x7fe792ab28d0, C4<11111111111111111111111111111111>, C4<11111111111111111111111111111111>;
L_0x55ab8cf5ec00 .functor OR 1, L_0x55ab8cf5e240, L_0x55ab8cf5e410, C4<0>, C4<0>;
L_0x7fe792ab2960 .functor BUFT 1, C4<00000000000000000111000001111111>, C4<0>, C4<0>, C4<0>;
L_0x55ab8cf5ed10 .functor AND 32, L_0x55ab8cf24900, L_0x7fe792ab2960, C4<11111111111111111111111111111111>, C4<11111111111111111111111111111111>;
L_0x55ab8cf5e6a0 .functor OR 1, L_0x55ab8cf5ec00, L_0x55ab8cf5e560, C4<0>, C4<0>;
L_0x7fe792ab29f0 .functor BUFT 1, C4<00000000000000000111000001111111>, C4<0>, C4<0>, C4<0>;
L_0x55ab8cf5e7b0 .functor AND 32, L_0x55ab8cf24900, L_0x7fe792ab29f0, C4<11111111111111111111111111111111>, C4<11111111111111111111111111111111>;
L_0x7fe792ab2a80 .functor BUFT 1, C4<00000000000000000111000001111111>, C4<0>, C4<0>, C4<0>;
L_0x55ab8cf5e9b0 .functor AND 32, L_0x55ab8cf24900, L_0x7fe792ab2a80, C4<11111111111111111111111111111111>, C4<11111111111111111111111111111111>;
L_0x55ab8cf5dda0 .functor OR 1, L_0x55ab8cf5e870, L_0x55ab8cf5ea70, C4<0>, C4<0>;
L_0x7fe792ab2b10 .functor BUFT 1, C4<00000000000000000111000001111111>, C4<0>, C4<0>, C4<0>;
L_0x55ab8cf5de60 .functor AND 32, L_0x55ab8cf24900, L_0x7fe792ab2b10, C4<11111111111111111111111111111111>, C4<11111111111111111111111111111111>;
L_0x55ab8cf5e060 .functor OR 1, L_0x55ab8cf5dda0, L_0x55ab8cf5df20, C4<0>, C4<0>;
L_0x7fe792ab2ba0 .functor BUFT 1, C4<00000000000000000111000001111111>, C4<0>, C4<0>, C4<0>;
L_0x55ab8cf5ee70 .functor AND 32, L_0x55ab8cf24900, L_0x7fe792ab2ba0, C4<11111111111111111111111111111111>, C4<11111111111111111111111111111111>;
L_0x55ab8cf5f3d0 .functor OR 1, L_0x55ab8cf5e060, L_0x55ab8cf5ef30, C4<0>, C4<0>;
L_0x7fe792ab2c30 .functor BUFT 1, C4<00000000000000000111000001111111>, C4<0>, C4<0>, C4<0>;
L_0x55ab8cf5f4e0 .functor AND 32, L_0x55ab8cf24900, L_0x7fe792ab2c30, C4<11111111111111111111111111111111>, C4<11111111111111111111111111111111>;
L_0x55ab8cf5f6e0 .functor OR 1, L_0x55ab8cf5f3d0, L_0x55ab8cf5f5a0, C4<0>, C4<0>;
L_0x7fe792ab2cc0 .functor BUFT 1, C4<00000000000000000111000001111111>, C4<0>, C4<0>, C4<0>;
L_0x55ab8cf5f7a0 .functor AND 32, L_0x55ab8cf24900, L_0x7fe792ab2cc0, C4<11111111111111111111111111111111>, C4<11111111111111111111111111111111>;
L_0x55ab8cf5fd10 .functor OR 1, L_0x55ab8cf5f6e0, L_0x55ab8cf5f860, C4<0>, C4<0>;
L_0x7fe792ab2d50 .functor BUFT 1, C4<11111100000000000111000001111111>, C4<0>, C4<0>, C4<0>;
L_0x55ab8cf5fe20 .functor AND 32, L_0x55ab8cf24900, L_0x7fe792ab2d50, C4<11111111111111111111111111111111>, C4<11111111111111111111111111111111>;
L_0x55ab8cf5f200 .functor OR 1, L_0x55ab8cf5fd10, L_0x55ab8cf5f0c0, C4<0>, C4<0>;
L_0x7fe792ab2de0 .functor BUFT 1, C4<11111100000000000111000001111111>, C4<0>, C4<0>, C4<0>;
L_0x55ab8cf5f310 .functor AND 32, L_0x55ab8cf24900, L_0x7fe792ab2de0, C4<11111111111111111111111111111111>, C4<11111111111111111111111111111111>;
L_0x55ab8cf5f9a0 .functor OR 1, L_0x55ab8cf5f200, L_0x55ab8cf60640, C4<0>, C4<0>;
L_0x7fe792ab2e70 .functor BUFT 1, C4<11111100000000000111000001111111>, C4<0>, C4<0>, C4<0>;
L_0x55ab8cf5fab0 .functor AND 32, L_0x55ab8cf24900, L_0x7fe792ab2e70, C4<11111111111111111111111111111111>, C4<11111111111111111111111111111111>;
L_0x55ab8cf5ff20 .functor OR 1, L_0x55ab8cf5f9a0, L_0x55ab8cf5fb70, C4<0>, C4<0>;
L_0x7fe792ab2f00 .functor BUFT 1, C4<00000000000000000000000001111111>, C4<0>, C4<0>, C4<0>;
L_0x55ab8cf60030 .functor AND 32, L_0x55ab8cf24900, L_0x7fe792ab2f00, C4<11111111111111111111111111111111>, C4<11111111111111111111111111111111>;
L_0x55ab8cf605c0 .functor OR 1, L_0x55ab8cf5ff20, L_0x55ab8cf600f0, C4<0>, C4<0>;
L_0x7fe792ab2f90 .functor BUFT 1, C4<00000000000000000000000001111111>, C4<0>, C4<0>, C4<0>;
L_0x55ab8cf607d0 .functor AND 32, L_0x55ab8cf24900, L_0x7fe792ab2f90, C4<11111111111111111111111111111111>, C4<11111111111111111111111111111111>;
L_0x55ab8cf609d0 .functor OR 1, L_0x55ab8cf605c0, L_0x55ab8cf60890, C4<0>, C4<0>;
L_0x7fe792ab3020 .functor BUFT 1, C4<11111110000000000111000001111111>, C4<0>, C4<0>, C4<0>;
L_0x55ab8cf61260 .functor AND 32, L_0x55ab8cf24900, L_0x7fe792ab3020, C4<11111111111111111111111111111111>, C4<11111111111111111111111111111111>;
L_0x55ab8cf60230 .functor OR 1, L_0x55ab8cf609d0, L_0x55ab8cf61320, C4<0>, C4<0>;
L_0x7fe792ab30b0 .functor BUFT 1, C4<11111110000000000111000001111111>, C4<0>, C4<0>, C4<0>;
L_0x55ab8cf60340 .functor AND 32, L_0x55ab8cf24900, L_0x7fe792ab30b0, C4<11111111111111111111111111111111>, C4<11111111111111111111111111111111>;
L_0x55ab8cf60540 .functor OR 1, L_0x55ab8cf60230, L_0x55ab8cf60400, C4<0>, C4<0>;
L_0x7fe792ab3140 .functor BUFT 1, C4<11111110000000000111000001111111>, C4<0>, C4<0>, C4<0>;
L_0x55ab8cf60b80 .functor AND 32, L_0x55ab8cf24900, L_0x7fe792ab3140, C4<11111111111111111111111111111111>, C4<11111111111111111111111111111111>;
L_0x55ab8cf61130 .functor OR 1, L_0x55ab8cf60540, L_0x55ab8cf60c40, C4<0>, C4<0>;
L_0x7fe792ab31d0 .functor BUFT 1, C4<11111110000000000111000001111111>, C4<0>, C4<0>, C4<0>;
L_0x55ab8cf61460 .functor AND 32, L_0x55ab8cf24900, L_0x7fe792ab31d0, C4<11111111111111111111111111111111>, C4<11111111111111111111111111111111>;
L_0x55ab8cf61660 .functor OR 1, L_0x55ab8cf61130, L_0x55ab8cf61520, C4<0>, C4<0>;
L_0x7fe792ab3260 .functor BUFT 1, C4<11111110000000000111000001111111>, C4<0>, C4<0>, C4<0>;
L_0x55ab8cf61770 .functor AND 32, L_0x55ab8cf24900, L_0x7fe792ab3260, C4<11111111111111111111111111111111>, C4<11111111111111111111111111111111>;
L_0x55ab8cf60d80 .functor OR 1, L_0x55ab8cf61660, L_0x55ab8cf61ff0, C4<0>, C4<0>;
L_0x7fe792ab32f0 .functor BUFT 1, C4<11111110000000000111000001111111>, C4<0>, C4<0>, C4<0>;
L_0x55ab8cf60e90 .functor AND 32, L_0x55ab8cf24900, L_0x7fe792ab32f0, C4<11111111111111111111111111111111>, C4<11111111111111111111111111111111>;
L_0x55ab8cf61090 .functor OR 1, L_0x55ab8cf60d80, L_0x55ab8cf60f50, C4<0>, C4<0>;
L_0x7fe792ab3380 .functor BUFT 1, C4<11111110000000000111000001111111>, C4<0>, C4<0>, C4<0>;
L_0x55ab8cf61880 .functor AND 32, L_0x55ab8cf24900, L_0x7fe792ab3380, C4<11111111111111111111111111111111>, C4<11111111111111111111111111111111>;
L_0x55ab8cf61e50 .functor OR 1, L_0x55ab8cf61090, L_0x55ab8cf61940, C4<0>, C4<0>;
L_0x7fe792ab3410 .functor BUFT 1, C4<11111110000000000111000001111111>, C4<0>, C4<0>, C4<0>;
L_0x55ab8cf62130 .functor AND 32, L_0x55ab8cf24900, L_0x7fe792ab3410, C4<11111111111111111111111111111111>, C4<11111111111111111111111111111111>;
L_0x55ab8cf62330 .functor OR 1, L_0x55ab8cf61e50, L_0x55ab8cf621f0, C4<0>, C4<0>;
L_0x7fe792ab34a0 .functor BUFT 1, C4<11111110000000000111000001111111>, C4<0>, C4<0>, C4<0>;
L_0x55ab8cf62440 .functor AND 32, L_0x55ab8cf24900, L_0x7fe792ab34a0, C4<11111111111111111111111111111111>, C4<11111111111111111111111111111111>;
L_0x55ab8cf54b50 .functor OR 1, L_0x55ab8cf62330, L_0x55ab8cf54630, C4<0>, C4<0>;
L_0x7fe792ab3530 .functor BUFT 1, C4<11111110000000000111000001111111>, C4<0>, C4<0>, C4<0>;
L_0x55ab8cf54c60 .functor AND 32, L_0x55ab8cf24900, L_0x7fe792ab3530, C4<11111111111111111111111111111111>, C4<11111111111111111111111111111111>;
L_0x55ab8cf61b20 .functor OR 1, L_0x55ab8cf54b50, L_0x55ab8cf54d20, C4<0>, C4<0>;
L_0x7fe792ab35c0 .functor BUFT 1, C4<00000000000000000111000001111111>, C4<0>, C4<0>, C4<0>;
L_0x55ab8cf61c30 .functor AND 32, L_0x55ab8cf24900, L_0x7fe792ab35c0, C4<11111111111111111111111111111111>, C4<11111111111111111111111111111111>;
L_0x7fe792ab3650 .functor BUFT 1, C4<00000000000000000111000001111111>, C4<0>, C4<0>, C4<0>;
L_0x55ab8cf628a0 .functor AND 32, L_0x55ab8cf24900, L_0x7fe792ab3650, C4<11111111111111111111111111111111>, C4<11111111111111111111111111111111>;
L_0x55ab8cf62aa0 .functor OR 1, L_0x55ab8cf61cf0, L_0x55ab8cf62960, C4<0>, C4<0>;
L_0x7fe792ab36e0 .functor BUFT 1, C4<00000000000000000111000001111111>, C4<0>, C4<0>, C4<0>;
L_0x55ab8cf62bb0 .functor AND 32, L_0x55ab8cf24900, L_0x7fe792ab36e0, C4<11111111111111111111111111111111>, C4<11111111111111111111111111111111>;
L_0x55ab8cf548b0 .functor OR 1, L_0x55ab8cf62aa0, L_0x55ab8cf54770, C4<0>, C4<0>;
L_0x7fe792ab3770 .functor BUFT 1, C4<00000000000000000111000001111111>, C4<0>, C4<0>, C4<0>;
L_0x55ab8cf549c0 .functor AND 32, L_0x55ab8cf24900, L_0x7fe792ab3770, C4<11111111111111111111111111111111>, C4<11111111111111111111111111111111>;
L_0x55ab8cf62500 .functor OR 1, L_0x55ab8cf548b0, L_0x55ab8cf54a80, C4<0>, C4<0>;
L_0x7fe792ab3800 .functor BUFT 1, C4<00000000000000000111000001111111>, C4<0>, C4<0>, C4<0>;
L_0x55ab8cf62610 .functor AND 32, L_0x55ab8cf24900, L_0x7fe792ab3800, C4<11111111111111111111111111111111>, C4<11111111111111111111111111111111>;
L_0x55ab8cf62810 .functor OR 1, L_0x55ab8cf62500, L_0x55ab8cf626d0, C4<0>, C4<0>;
L_0x7fe792ab3890 .functor BUFT 1, C4<00000000000000000111000001111111>, C4<0>, C4<0>, C4<0>;
L_0x55ab8cf64190 .functor AND 32, L_0x55ab8cf24900, L_0x7fe792ab3890, C4<11111111111111111111111111111111>, C4<11111111111111111111111111111111>;
L_0x55ab8cf64390 .functor OR 1, L_0x55ab8cf62810, L_0x55ab8cf64250, C4<0>, C4<0>;
L_0x7fe792ab3920 .functor BUFT 1, C4<00000000000000000111000001111111>, C4<0>, C4<0>, C4<0>;
L_0x55ab8cf644a0 .functor AND 32, L_0x55ab8cf24900, L_0x7fe792ab3920, C4<11111111111111111111111111111111>, C4<11111111111111111111111111111111>;
L_0x55ab8cf646a0 .functor OR 1, L_0x55ab8cf64390, L_0x55ab8cf64560, C4<0>, C4<0>;
L_0x7fe792ab39b0 .functor BUFT 1, C4<00000000000000000111000001111111>, C4<0>, C4<0>, C4<0>;
L_0x55ab8cf647b0 .functor AND 32, L_0x55ab8cf24900, L_0x7fe792ab39b0, C4<11111111111111111111111111111111>, C4<11111111111111111111111111111111>;
L_0x55ab8cf649b0 .functor OR 1, L_0x55ab8cf646a0, L_0x55ab8cf64870, C4<0>, C4<0>;
L_0x7fe792ab3a40 .functor BUFT 1, C4<00000000000000000111000001111111>, C4<0>, C4<0>, C4<0>;
L_0x55ab8cf64ac0 .functor AND 32, L_0x55ab8cf24900, L_0x7fe792ab3a40, C4<11111111111111111111111111111111>, C4<11111111111111111111111111111111>;
L_0x55ab8cf63ce0 .functor OR 1, L_0x55ab8cf649b0, L_0x55ab8cf64b80, C4<0>, C4<0>;
L_0x7fe792ab3ad0 .functor BUFT 1, C4<00000000000000000000000001111111>, C4<0>, C4<0>, C4<0>;
L_0x55ab8cf63df0 .functor AND 32, L_0x55ab8cf24900, L_0x7fe792ab3ad0, C4<11111111111111111111111111111111>, C4<11111111111111111111111111111111>;
L_0x7fe792ab3b60 .functor BUFT 1, C4<00000000000000000111000001111111>, C4<0>, C4<0>, C4<0>;
L_0x55ab8cf63ff0 .functor AND 32, L_0x55ab8cf24900, L_0x7fe792ab3b60, C4<11111111111111111111111111111111>, C4<11111111111111111111111111111111>;
L_0x55ab8cf65230 .functor OR 1, L_0x55ab8cf63eb0, L_0x55ab8cf650f0, C4<0>, C4<0>;
L_0x7fe792ab3bf0 .functor BUFT 1, C4<00000000000000000111000001111111>, C4<0>, C4<0>, C4<0>;
L_0x55ab8cf65340 .functor AND 32, L_0x55ab8cf24900, L_0x7fe792ab3bf0, C4<11111111111111111111111111111111>, C4<11111111111111111111111111111111>;
L_0x55ab8cf65540 .functor OR 1, L_0x55ab8cf65230, L_0x55ab8cf65400, C4<0>, C4<0>;
L_0x7fe792ab3c80 .functor BUFT 1, C4<00000000000000000111000001111111>, C4<0>, C4<0>, C4<0>;
L_0x55ab8cf65650 .functor AND 32, L_0x55ab8cf24900, L_0x7fe792ab3c80, C4<11111111111111111111111111111111>, C4<11111111111111111111111111111111>;
L_0x55ab8cf64cc0 .functor OR 1, L_0x55ab8cf65540, L_0x55ab8cf65710, C4<0>, C4<0>;
L_0x7fe792ab3d10 .functor BUFT 1, C4<00000000000000000111000001111111>, C4<0>, C4<0>, C4<0>;
L_0x55ab8cf64dd0 .functor AND 32, L_0x55ab8cf24900, L_0x7fe792ab3d10, C4<11111111111111111111111111111111>, C4<11111111111111111111111111111111>;
L_0x55ab8cf64fd0 .functor OR 1, L_0x55ab8cf64cc0, L_0x55ab8cf64e90, C4<0>, C4<0>;
L_0x7fe792ab3da0 .functor BUFT 1, C4<00000000000000000111000001111111>, C4<0>, C4<0>, C4<0>;
L_0x55ab8cf65ca0 .functor AND 32, L_0x55ab8cf24900, L_0x7fe792ab3da0, C4<11111111111111111111111111111111>, C4<11111111111111111111111111111111>;
L_0x55ab8cf65ea0 .functor OR 1, L_0x55ab8cf64fd0, L_0x55ab8cf65d60, C4<0>, C4<0>;
L_0x7fe792ab3e30 .functor BUFT 1, C4<00000000000000000111000001111111>, C4<0>, C4<0>, C4<0>;
L_0x55ab8cf65fb0 .functor AND 32, L_0x55ab8cf24900, L_0x7fe792ab3e30, C4<11111111111111111111111111111111>, C4<11111111111111111111111111111111>;
L_0x55ab8cf661b0 .functor OR 1, L_0x55ab8cf65ea0, L_0x55ab8cf66070, C4<0>, C4<0>;
L_0x7fe792ab3ec0 .functor BUFT 1, C4<00000000000000000111000001111111>, C4<0>, C4<0>, C4<0>;
L_0x55ab8cf662c0 .functor AND 32, L_0x55ab8cf24900, L_0x7fe792ab3ec0, C4<11111111111111111111111111111111>, C4<11111111111111111111111111111111>;
L_0x55ab8cf65850 .functor OR 1, L_0x55ab8cf661b0, L_0x55ab8cf66380, C4<0>, C4<0>;
L_0x7fe792ab3f50 .functor BUFT 1, C4<11111110000000000111000001111111>, C4<0>, C4<0>, C4<0>;
L_0x55ab8cf65960 .functor AND 32, L_0x55ab8cf24900, L_0x7fe792ab3f50, C4<11111111111111111111111111111111>, C4<11111111111111111111111111111111>;
L_0x7fe792ab3fe0 .functor BUFT 1, C4<11111110000000000111000001111111>, C4<0>, C4<0>, C4<0>;
L_0x55ab8cf65b60 .functor AND 32, L_0x55ab8cf24900, L_0x7fe792ab3fe0, C4<11111111111111111111111111111111>, C4<11111111111111111111111111111111>;
L_0x55ab8cf65c20 .functor OR 1, L_0x55ab8cf65a20, L_0x55ab8cf66930, C4<0>, C4<0>;
L_0x7fe792ab4070 .functor BUFT 1, C4<11111110000000000111000001111111>, C4<0>, C4<0>, C4<0>;
L_0x55ab8cf66ef0 .functor AND 32, L_0x55ab8cf24900, L_0x7fe792ab4070, C4<11111111111111111111111111111111>, C4<11111111111111111111111111111111>;
L_0x55ab8cf66650 .functor OR 1, L_0x55ab8cf65c20, L_0x55ab8cf66510, C4<0>, C4<0>;
L_0x7fe792ab4100 .functor BUFT 1, C4<11111110000000000111000001111111>, C4<0>, C4<0>, C4<0>;
L_0x55ab8cf66760 .functor AND 32, L_0x55ab8cf24900, L_0x7fe792ab4100, C4<11111111111111111111111111111111>, C4<11111111111111111111111111111111>;
L_0x55ab8cf66a70 .functor OR 1, L_0x55ab8cf66650, L_0x55ab8cf66820, C4<0>, C4<0>;
L_0x55ab8cf66b80 .functor AND 1, L_0x7fe792ab4b20, L_0x55ab8cf66a70, C4<1>, C4<1>;
L_0x7fe792ab4190 .functor BUFT 1, C4<11111110000000000111000001111111>, C4<0>, C4<0>, C4<0>;
L_0x55ab8cf66c40 .functor AND 32, L_0x55ab8cf24900, L_0x7fe792ab4190, C4<11111111111111111111111111111111>, C4<11111111111111111111111111111111>;
L_0x7fe792ab4220 .functor BUFT 1, C4<11111110000000000111000001111111>, C4<0>, C4<0>, C4<0>;
L_0x55ab8cf66e40 .functor AND 32, L_0x55ab8cf24900, L_0x7fe792ab4220, C4<11111111111111111111111111111111>, C4<11111111111111111111111111111111>;
L_0x55ab8cf67590 .functor OR 1, L_0x55ab8cf66d00, L_0x55ab8cf66fb0, C4<0>, C4<0>;
L_0x7fe792ab42b0 .functor BUFT 1, C4<11111110000000000111000001111111>, C4<0>, C4<0>, C4<0>;
L_0x55ab8cf676a0 .functor AND 32, L_0x55ab8cf24900, L_0x7fe792ab42b0, C4<11111111111111111111111111111111>, C4<11111111111111111111111111111111>;
L_0x55ab8cf67900 .functor OR 1, L_0x55ab8cf67590, L_0x55ab8cf67760, C4<0>, C4<0>;
L_0x7fe792ab4340 .functor BUFT 1, C4<11111110000000000111000001111111>, C4<0>, C4<0>, C4<0>;
L_0x55ab8cf67a10 .functor AND 32, L_0x55ab8cf24900, L_0x7fe792ab4340, C4<11111111111111111111111111111111>, C4<11111111111111111111111111111111>;
L_0x55ab8cf67c10 .functor OR 1, L_0x55ab8cf67900, L_0x55ab8cf67ad0, C4<0>, C4<0>;
L_0x55ab8cf67d20 .functor AND 1, L_0x7fe792ab4b20, L_0x55ab8cf67c10, C4<1>, C4<1>;
L_0x7fe792ab43d0 .functor BUFT 1, C4<11111111111111111111111111111111>, C4<0>, C4<0>, C4<0>;
L_0x55ab8cf67140 .functor AND 32, L_0x55ab8cf24900, L_0x7fe792ab43d0, C4<11111111111111111111111111111111>, C4<11111111111111111111111111111111>;
L_0x7fe792ab4460 .functor BUFT 1, C4<11111111111111111111111111111111>, C4<0>, C4<0>, C4<0>;
L_0x55ab8cf67340 .functor AND 32, L_0x55ab8cf24900, L_0x7fe792ab4460, C4<11111111111111111111111111111111>, C4<11111111111111111111111111111111>;
L_0x55ab8cf68250 .functor OR 1, L_0x55ab8cf67200, L_0x55ab8cf67400, C4<0>, C4<0>;
L_0x7fe792ab44f0 .functor BUFT 1, C4<11001111111111111111111111111111>, C4<0>, C4<0>, C4<0>;
L_0x55ab8cf68310 .functor AND 32, L_0x55ab8cf24900, L_0x7fe792ab44f0, C4<11111111111111111111111111111111>, C4<11111111111111111111111111111111>;
L_0x55ab8cf68510 .functor OR 1, L_0x55ab8cf68250, L_0x55ab8cf683d0, C4<0>, C4<0>;
L_0x7fe792ab4580 .functor BUFT 1, C4<00000000000000000111000001111111>, C4<0>, C4<0>, C4<0>;
L_0x55ab8cf68620 .functor AND 32, L_0x55ab8cf24900, L_0x7fe792ab4580, C4<11111111111111111111111111111111>, C4<11111111111111111111111111111111>;
L_0x55ab8cf68820 .functor OR 1, L_0x55ab8cf68510, L_0x55ab8cf686e0, C4<0>, C4<0>;
L_0x7fe792ab4610 .functor BUFT 1, C4<00000000000000000111000001111111>, C4<0>, C4<0>, C4<0>;
L_0x55ab8cf68930 .functor AND 32, L_0x55ab8cf24900, L_0x7fe792ab4610, C4<11111111111111111111111111111111>, C4<11111111111111111111111111111111>;
L_0x55ab8cf68b30 .functor OR 1, L_0x55ab8cf68820, L_0x55ab8cf689f0, C4<0>, C4<0>;
L_0x7fe792ab46a0 .functor BUFT 1, C4<00000000000000000111000001111111>, C4<0>, C4<0>, C4<0>;
L_0x55ab8cf68c40 .functor AND 32, L_0x55ab8cf24900, L_0x7fe792ab46a0, C4<11111111111111111111111111111111>, C4<11111111111111111111111111111111>;
L_0x55ab8cf67d90 .functor OR 1, L_0x55ab8cf68b30, L_0x55ab8cf68d00, C4<0>, C4<0>;
L_0x7fe792ab4730 .functor BUFT 1, C4<00000000000000000111000001111111>, C4<0>, C4<0>, C4<0>;
L_0x55ab8cf67ea0 .functor AND 32, L_0x55ab8cf24900, L_0x7fe792ab4730, C4<11111111111111111111111111111111>, C4<11111111111111111111111111111111>;
L_0x55ab8cf680a0 .functor OR 1, L_0x55ab8cf67d90, L_0x55ab8cf67f60, C4<0>, C4<0>;
L_0x7fe792ab47c0 .functor BUFT 1, C4<00000000000000000111000001111111>, C4<0>, C4<0>, C4<0>;
L_0x55ab8cf681b0 .functor AND 32, L_0x55ab8cf24900, L_0x7fe792ab47c0, C4<11111111111111111111111111111111>, C4<11111111111111111111111111111111>;
L_0x55ab8cf699a0 .functor OR 1, L_0x55ab8cf680a0, L_0x55ab8cf69370, C4<0>, C4<0>;
L_0x7fe792ab4850 .functor BUFT 1, C4<00000000000000000111000001111111>, C4<0>, C4<0>, C4<0>;
L_0x55ab8cf68ee0 .functor AND 32, L_0x55ab8cf24900, L_0x7fe792ab4850, C4<11111111111111111111111111111111>, C4<11111111111111111111111111111111>;
L_0x55ab8cf690e0 .functor OR 1, L_0x55ab8cf699a0, L_0x55ab8cf68fa0, C4<0>, C4<0>;
L_0x7fe792ab48e0 .functor BUFT 1, C4<11111111111111111000111111111111>, C4<0>, C4<0>, C4<0>;
L_0x55ab8cf691f0 .functor AND 32, L_0x55ab8cf24900, L_0x7fe792ab48e0, C4<11111111111111111111111111111111>, C4<11111111111111111111111111111111>;
L_0x55ab8cf694b0 .functor OR 1, L_0x55ab8cf690e0, L_0x55ab8cf6a440, C4<0>, C4<0>;
L_0x7fe792ab4970 .functor BUFT 1, C4<00000000000000000111000001111111>, C4<0>, C4<0>, C4<0>;
L_0x55ab8cf695c0 .functor AND 32, L_0x55ab8cf24900, L_0x7fe792ab4970, C4<11111111111111111111111111111111>, C4<11111111111111111111111111111111>;
L_0x55ab8cf697c0 .functor OR 1, L_0x55ab8cf694b0, L_0x55ab8cf69680, C4<0>, C4<0>;
L_0x7fe792ab4a00 .functor BUFT 1, C4<00000000000000000111000001111111>, C4<0>, C4<0>, C4<0>;
L_0x55ab8cf698d0 .functor AND 32, L_0x55ab8cf24900, L_0x7fe792ab4a00, C4<11111111111111111111111111111111>, C4<11111111111111111111111111111111>;
L_0x55ab8cf6a060 .functor OR 1, L_0x55ab8cf697c0, L_0x55ab8cf69a10, C4<0>, C4<0>;
L_0x7fe792ab4a90 .functor BUFT 1, C4<11111110000000000111111111111111>, C4<0>, C4<0>, C4<0>;
L_0x55ab8cf6a170 .functor AND 32, L_0x55ab8cf24900, L_0x7fe792ab4a90, C4<11111111111111111111111111111111>, C4<11111111111111111111111111111111>;
L_0x55ab8cf6a370 .functor OR 1, L_0x55ab8cf6a060, L_0x55ab8cf6a230, C4<0>, C4<0>;
L_0x55ab8cf6a580 .functor OR 1, L_0x55ab8cf6a370, L_0x55ab8cf54fc0, C4<0>, C4<0>;
L_0x55ab8cf6a640 .functor OR 1, L_0x55ab8cf6a580, L_0x55ab8cf6a700, C4<0>, C4<0>;
v0x55ab8ce92ad0_0 .net/2u *"_ivl_0", 31 0, L_0x7fe792aaf090;  1 drivers
v0x55ab8ce92b70_0 .net *"_ivl_10", 31 0, L_0x55ab8cf48950;  1 drivers
v0x55ab8ce92c10_0 .net *"_ivl_100", 31 0, L_0x55ab8cf4a6b0;  1 drivers
v0x55ab8ce92cb0_0 .net *"_ivl_1000", 31 0, L_0x55ab8cf5d450;  1 drivers
L_0x7fe792ab27f8 .functor BUFT 1, C4<00000000000000000011000001110011>, C4<0>, C4<0>, C4<0>;
v0x55ab8ce92d50_0 .net/2u *"_ivl_1002", 31 0, L_0x7fe792ab27f8;  1 drivers
v0x55ab8ce92df0_0 .net *"_ivl_1004", 0 0, L_0x55ab8cf5d510;  1 drivers
v0x55ab8ce92e90_0 .net *"_ivl_1007", 0 0, L_0x55ab8cf5da90;  1 drivers
v0x55ab8ce92f30_0 .net/2u *"_ivl_1008", 31 0, L_0x7fe792ab2840;  1 drivers
v0x55ab8ce92fd0_0 .net *"_ivl_1010", 31 0, L_0x55ab8cf5dba0;  1 drivers
L_0x7fe792ab2888 .functor BUFT 1, C4<00000000000000000101000001110011>, C4<0>, C4<0>, C4<0>;
v0x55ab8ce93070_0 .net/2u *"_ivl_1012", 31 0, L_0x7fe792ab2888;  1 drivers
v0x55ab8ce93110_0 .net *"_ivl_1014", 0 0, L_0x55ab8cf5dc60;  1 drivers
v0x55ab8ce931b0_0 .net *"_ivl_1017", 0 0, L_0x55ab8cf5e240;  1 drivers
v0x55ab8ce93250_0 .net/2u *"_ivl_1018", 31 0, L_0x7fe792ab28d0;  1 drivers
L_0x7fe792aaf678 .functor BUFT 1, C4<00000000000000000000000000010111>, C4<0>, C4<0>, C4<0>;
v0x55ab8ce932f0_0 .net/2u *"_ivl_102", 31 0, L_0x7fe792aaf678;  1 drivers
v0x55ab8ce93390_0 .net *"_ivl_1020", 31 0, L_0x55ab8cf5e350;  1 drivers
L_0x7fe792ab2918 .functor BUFT 1, C4<00000000000000000110000001110011>, C4<0>, C4<0>, C4<0>;
v0x55ab8ce93430_0 .net/2u *"_ivl_1022", 31 0, L_0x7fe792ab2918;  1 drivers
v0x55ab8ce934d0_0 .net *"_ivl_1024", 0 0, L_0x55ab8cf5e410;  1 drivers
v0x55ab8ce93570_0 .net *"_ivl_1027", 0 0, L_0x55ab8cf5ec00;  1 drivers
v0x55ab8ce93610_0 .net/2u *"_ivl_1028", 31 0, L_0x7fe792ab2960;  1 drivers
v0x55ab8ce936b0_0 .net *"_ivl_1030", 31 0, L_0x55ab8cf5ed10;  1 drivers
L_0x7fe792ab29a8 .functor BUFT 1, C4<00000000000000000111000001110011>, C4<0>, C4<0>, C4<0>;
v0x55ab8ce93750_0 .net/2u *"_ivl_1032", 31 0, L_0x7fe792ab29a8;  1 drivers
v0x55ab8ce937f0_0 .net *"_ivl_1034", 0 0, L_0x55ab8cf5e560;  1 drivers
v0x55ab8ce93890_0 .net/2u *"_ivl_1038", 31 0, L_0x7fe792ab29f0;  1 drivers
v0x55ab8ce93930_0 .net *"_ivl_104", 0 0, L_0x55ab8cf4a400;  1 drivers
v0x55ab8ce939d0_0 .net *"_ivl_1040", 31 0, L_0x55ab8cf5e7b0;  1 drivers
L_0x7fe792ab2a38 .functor BUFT 1, C4<00000000000000000111000000010011>, C4<0>, C4<0>, C4<0>;
v0x55ab8ce93a70_0 .net/2u *"_ivl_1042", 31 0, L_0x7fe792ab2a38;  1 drivers
v0x55ab8ce93b10_0 .net *"_ivl_1044", 0 0, L_0x55ab8cf5e870;  1 drivers
v0x55ab8ce93bb0_0 .net/2u *"_ivl_1046", 31 0, L_0x7fe792ab2a80;  1 drivers
v0x55ab8ce93c50_0 .net *"_ivl_1048", 31 0, L_0x55ab8cf5e9b0;  1 drivers
L_0x7fe792ab2ac8 .functor BUFT 1, C4<00000000000000000000000000010011>, C4<0>, C4<0>, C4<0>;
v0x55ab8ce93cf0_0 .net/2u *"_ivl_1050", 31 0, L_0x7fe792ab2ac8;  1 drivers
v0x55ab8ce93d90_0 .net *"_ivl_1052", 0 0, L_0x55ab8cf5ea70;  1 drivers
v0x55ab8ce93e30_0 .net *"_ivl_1055", 0 0, L_0x55ab8cf5dda0;  1 drivers
v0x55ab8ce93ed0_0 .net/2u *"_ivl_1056", 31 0, L_0x7fe792ab2b10;  1 drivers
v0x55ab8ce93f70_0 .net *"_ivl_1058", 31 0, L_0x55ab8cf5de60;  1 drivers
L_0x7fe792ab2b58 .functor BUFT 1, C4<00000000000000000010000000010011>, C4<0>, C4<0>, C4<0>;
v0x55ab8ce94010_0 .net/2u *"_ivl_1060", 31 0, L_0x7fe792ab2b58;  1 drivers
v0x55ab8ce940b0_0 .net *"_ivl_1062", 0 0, L_0x55ab8cf5df20;  1 drivers
v0x55ab8ce94150_0 .net *"_ivl_1065", 0 0, L_0x55ab8cf5e060;  1 drivers
v0x55ab8ce941f0_0 .net/2u *"_ivl_1066", 31 0, L_0x7fe792ab2ba0;  1 drivers
v0x55ab8ce94290_0 .net *"_ivl_1068", 31 0, L_0x55ab8cf5ee70;  1 drivers
v0x55ab8ce94330_0 .net *"_ivl_107", 0 0, L_0x55ab8cf4a8c0;  1 drivers
L_0x7fe792ab2be8 .functor BUFT 1, C4<00000000000000000011000000010011>, C4<0>, C4<0>, C4<0>;
v0x55ab8ce943d0_0 .net/2u *"_ivl_1070", 31 0, L_0x7fe792ab2be8;  1 drivers
v0x55ab8ce94470_0 .net *"_ivl_1072", 0 0, L_0x55ab8cf5ef30;  1 drivers
v0x55ab8ce94510_0 .net *"_ivl_1075", 0 0, L_0x55ab8cf5f3d0;  1 drivers
v0x55ab8ce945b0_0 .net/2u *"_ivl_1076", 31 0, L_0x7fe792ab2c30;  1 drivers
v0x55ab8ce94650_0 .net *"_ivl_1078", 31 0, L_0x55ab8cf5f4e0;  1 drivers
v0x55ab8ce946f0_0 .net/2u *"_ivl_108", 31 0, L_0x7fe792aaf6c0;  1 drivers
L_0x7fe792ab2c78 .functor BUFT 1, C4<00000000000000000110000000010011>, C4<0>, C4<0>, C4<0>;
v0x55ab8ce94790_0 .net/2u *"_ivl_1080", 31 0, L_0x7fe792ab2c78;  1 drivers
v0x55ab8ce94830_0 .net *"_ivl_1082", 0 0, L_0x55ab8cf5f5a0;  1 drivers
v0x55ab8ce948d0_0 .net *"_ivl_1085", 0 0, L_0x55ab8cf5f6e0;  1 drivers
v0x55ab8ce94970_0 .net/2u *"_ivl_1086", 31 0, L_0x7fe792ab2cc0;  1 drivers
v0x55ab8ce94a10_0 .net *"_ivl_1088", 31 0, L_0x55ab8cf5f7a0;  1 drivers
L_0x7fe792ab2d08 .functor BUFT 1, C4<00000000000000000100000000010011>, C4<0>, C4<0>, C4<0>;
v0x55ab8ce94ab0_0 .net/2u *"_ivl_1090", 31 0, L_0x7fe792ab2d08;  1 drivers
v0x55ab8ce94b50_0 .net *"_ivl_1092", 0 0, L_0x55ab8cf5f860;  1 drivers
v0x55ab8ce94bf0_0 .net *"_ivl_1095", 0 0, L_0x55ab8cf5fd10;  1 drivers
v0x55ab8ce94c90_0 .net/2u *"_ivl_1096", 31 0, L_0x7fe792ab2d50;  1 drivers
v0x55ab8ce94d30_0 .net *"_ivl_1098", 31 0, L_0x55ab8cf5fe20;  1 drivers
v0x55ab8ce94dd0_0 .net *"_ivl_110", 31 0, L_0x55ab8cf4a9d0;  1 drivers
L_0x7fe792ab2d98 .functor BUFT 1, C4<00000000000000000001000000010011>, C4<0>, C4<0>, C4<0>;
v0x55ab8ce94e70_0 .net/2u *"_ivl_1100", 31 0, L_0x7fe792ab2d98;  1 drivers
v0x55ab8ce94f10_0 .net *"_ivl_1102", 0 0, L_0x55ab8cf5f0c0;  1 drivers
v0x55ab8ce94fb0_0 .net *"_ivl_1105", 0 0, L_0x55ab8cf5f200;  1 drivers
v0x55ab8ce95050_0 .net/2u *"_ivl_1106", 31 0, L_0x7fe792ab2de0;  1 drivers
v0x55ab8ce950f0_0 .net *"_ivl_1108", 31 0, L_0x55ab8cf5f310;  1 drivers
L_0x7fe792ab2e28 .functor BUFT 1, C4<00000000000000000101000000010011>, C4<0>, C4<0>, C4<0>;
v0x55ab8ce95190_0 .net/2u *"_ivl_1110", 31 0, L_0x7fe792ab2e28;  1 drivers
v0x55ab8ce95230_0 .net *"_ivl_1112", 0 0, L_0x55ab8cf60640;  1 drivers
v0x55ab8ce952d0_0 .net *"_ivl_1115", 0 0, L_0x55ab8cf5f9a0;  1 drivers
v0x55ab8ce95370_0 .net/2u *"_ivl_1116", 31 0, L_0x7fe792ab2e70;  1 drivers
v0x55ab8ce95410_0 .net *"_ivl_1118", 31 0, L_0x55ab8cf5fab0;  1 drivers
L_0x7fe792aaf708 .functor BUFT 1, C4<00000000000000000000000000110011>, C4<0>, C4<0>, C4<0>;
v0x55ab8ce954b0_0 .net/2u *"_ivl_112", 31 0, L_0x7fe792aaf708;  1 drivers
L_0x7fe792ab2eb8 .functor BUFT 1, C4<01000000000000000101000000010011>, C4<0>, C4<0>, C4<0>;
v0x55ab8ce95550_0 .net/2u *"_ivl_1120", 31 0, L_0x7fe792ab2eb8;  1 drivers
v0x55ab8ce955f0_0 .net *"_ivl_1122", 0 0, L_0x55ab8cf5fb70;  1 drivers
v0x55ab8ce95690_0 .net *"_ivl_1125", 0 0, L_0x55ab8cf5ff20;  1 drivers
v0x55ab8ce95730_0 .net/2u *"_ivl_1126", 31 0, L_0x7fe792ab2f00;  1 drivers
v0x55ab8ce957d0_0 .net *"_ivl_1128", 31 0, L_0x55ab8cf60030;  1 drivers
L_0x7fe792ab2f48 .functor BUFT 1, C4<00000000000000000000000000110111>, C4<0>, C4<0>, C4<0>;
v0x55ab8ce95870_0 .net/2u *"_ivl_1130", 31 0, L_0x7fe792ab2f48;  1 drivers
v0x55ab8ce95910_0 .net *"_ivl_1132", 0 0, L_0x55ab8cf600f0;  1 drivers
v0x55ab8ce959b0_0 .net *"_ivl_1135", 0 0, L_0x55ab8cf605c0;  1 drivers
v0x55ab8ce95a50_0 .net/2u *"_ivl_1136", 31 0, L_0x7fe792ab2f90;  1 drivers
v0x55ab8ce95af0_0 .net *"_ivl_1138", 31 0, L_0x55ab8cf607d0;  1 drivers
v0x55ab8ce95b90_0 .net *"_ivl_114", 0 0, L_0x55ab8cf4a770;  1 drivers
L_0x7fe792ab2fd8 .functor BUFT 1, C4<00000000000000000000000000010111>, C4<0>, C4<0>, C4<0>;
v0x55ab8ce95c30_0 .net/2u *"_ivl_1140", 31 0, L_0x7fe792ab2fd8;  1 drivers
v0x55ab8ce95cd0_0 .net *"_ivl_1142", 0 0, L_0x55ab8cf60890;  1 drivers
v0x55ab8ce95d70_0 .net *"_ivl_1145", 0 0, L_0x55ab8cf609d0;  1 drivers
v0x55ab8ce95e10_0 .net/2u *"_ivl_1146", 31 0, L_0x7fe792ab3020;  1 drivers
v0x55ab8ce95eb0_0 .net *"_ivl_1148", 31 0, L_0x55ab8cf61260;  1 drivers
L_0x7fe792ab3068 .functor BUFT 1, C4<00000000000000000000000000110011>, C4<0>, C4<0>, C4<0>;
v0x55ab8ce95f50_0 .net/2u *"_ivl_1150", 31 0, L_0x7fe792ab3068;  1 drivers
v0x55ab8ce95ff0_0 .net *"_ivl_1152", 0 0, L_0x55ab8cf61320;  1 drivers
v0x55ab8ce96090_0 .net *"_ivl_1155", 0 0, L_0x55ab8cf60230;  1 drivers
v0x55ab8ce96130_0 .net/2u *"_ivl_1156", 31 0, L_0x7fe792ab30b0;  1 drivers
v0x55ab8ce961d0_0 .net *"_ivl_1158", 31 0, L_0x55ab8cf60340;  1 drivers
L_0x7fe792ab30f8 .functor BUFT 1, C4<01000000000000000000000000110011>, C4<0>, C4<0>, C4<0>;
v0x55ab8ce96270_0 .net/2u *"_ivl_1160", 31 0, L_0x7fe792ab30f8;  1 drivers
v0x55ab8ce96310_0 .net *"_ivl_1162", 0 0, L_0x55ab8cf60400;  1 drivers
v0x55ab8ce963b0_0 .net *"_ivl_1165", 0 0, L_0x55ab8cf60540;  1 drivers
v0x55ab8ce96450_0 .net/2u *"_ivl_1166", 31 0, L_0x7fe792ab3140;  1 drivers
v0x55ab8ce964f0_0 .net *"_ivl_1168", 31 0, L_0x55ab8cf60b80;  1 drivers
v0x55ab8ce96590_0 .net *"_ivl_117", 0 0, L_0x55ab8cf4ac60;  1 drivers
L_0x7fe792ab3188 .functor BUFT 1, C4<00000000000000000010000000110011>, C4<0>, C4<0>, C4<0>;
v0x55ab8ce96630_0 .net/2u *"_ivl_1170", 31 0, L_0x7fe792ab3188;  1 drivers
v0x55ab8ce966d0_0 .net *"_ivl_1172", 0 0, L_0x55ab8cf60c40;  1 drivers
v0x55ab8ce96770_0 .net *"_ivl_1175", 0 0, L_0x55ab8cf61130;  1 drivers
v0x55ab8ce96810_0 .net/2u *"_ivl_1176", 31 0, L_0x7fe792ab31d0;  1 drivers
v0x55ab8ce968b0_0 .net *"_ivl_1178", 31 0, L_0x55ab8cf61460;  1 drivers
v0x55ab8ce96950_0 .net/2u *"_ivl_118", 31 0, L_0x7fe792aaf750;  1 drivers
L_0x7fe792ab3218 .functor BUFT 1, C4<00000000000000000011000000110011>, C4<0>, C4<0>, C4<0>;
v0x55ab8ce969f0_0 .net/2u *"_ivl_1180", 31 0, L_0x7fe792ab3218;  1 drivers
v0x55ab8ce96a90_0 .net *"_ivl_1182", 0 0, L_0x55ab8cf61520;  1 drivers
v0x55ab8ce96b30_0 .net *"_ivl_1185", 0 0, L_0x55ab8cf61660;  1 drivers
v0x55ab8ce96bd0_0 .net/2u *"_ivl_1186", 31 0, L_0x7fe792ab3260;  1 drivers
v0x55ab8ce96c70_0 .net *"_ivl_1188", 31 0, L_0x55ab8cf61770;  1 drivers
L_0x7fe792ab32a8 .functor BUFT 1, C4<00000000000000000100000000110011>, C4<0>, C4<0>, C4<0>;
v0x55ab8ce96d10_0 .net/2u *"_ivl_1190", 31 0, L_0x7fe792ab32a8;  1 drivers
v0x55ab8ce96db0_0 .net *"_ivl_1192", 0 0, L_0x55ab8cf61ff0;  1 drivers
v0x55ab8ce96e50_0 .net *"_ivl_1195", 0 0, L_0x55ab8cf60d80;  1 drivers
v0x55ab8ce96ef0_0 .net/2u *"_ivl_1196", 31 0, L_0x7fe792ab32f0;  1 drivers
v0x55ab8ce96f90_0 .net *"_ivl_1198", 31 0, L_0x55ab8cf60e90;  1 drivers
L_0x7fe792aaf168 .functor BUFT 1, C4<00000000000000000000000000010011>, C4<0>, C4<0>, C4<0>;
v0x55ab8ce97030_0 .net/2u *"_ivl_12", 31 0, L_0x7fe792aaf168;  1 drivers
v0x55ab8ce970d0_0 .net *"_ivl_120", 31 0, L_0x55ab8cf4ad70;  1 drivers
L_0x7fe792ab3338 .functor BUFT 1, C4<00000000000000000110000000110011>, C4<0>, C4<0>, C4<0>;
v0x55ab8ce97170_0 .net/2u *"_ivl_1200", 31 0, L_0x7fe792ab3338;  1 drivers
v0x55ab8ce97210_0 .net *"_ivl_1202", 0 0, L_0x55ab8cf60f50;  1 drivers
v0x55ab8ce972b0_0 .net *"_ivl_1205", 0 0, L_0x55ab8cf61090;  1 drivers
v0x55ab8ce97350_0 .net/2u *"_ivl_1206", 31 0, L_0x7fe792ab3380;  1 drivers
v0x55ab8ce973f0_0 .net *"_ivl_1208", 31 0, L_0x55ab8cf61880;  1 drivers
L_0x7fe792ab33c8 .functor BUFT 1, C4<00000000000000000111000000110011>, C4<0>, C4<0>, C4<0>;
v0x55ab8ce97490_0 .net/2u *"_ivl_1210", 31 0, L_0x7fe792ab33c8;  1 drivers
v0x55ab8ce97530_0 .net *"_ivl_1212", 0 0, L_0x55ab8cf61940;  1 drivers
v0x55ab8ce975d0_0 .net *"_ivl_1215", 0 0, L_0x55ab8cf61e50;  1 drivers
v0x55ab8ce97670_0 .net/2u *"_ivl_1216", 31 0, L_0x7fe792ab3410;  1 drivers
v0x55ab8ce97710_0 .net *"_ivl_1218", 31 0, L_0x55ab8cf62130;  1 drivers
L_0x7fe792aaf798 .functor BUFT 1, C4<01000000000000000000000000110011>, C4<0>, C4<0>, C4<0>;
v0x55ab8ce977b0_0 .net/2u *"_ivl_122", 31 0, L_0x7fe792aaf798;  1 drivers
L_0x7fe792ab3458 .functor BUFT 1, C4<00000000000000000001000000110011>, C4<0>, C4<0>, C4<0>;
v0x55ab8ce97850_0 .net/2u *"_ivl_1220", 31 0, L_0x7fe792ab3458;  1 drivers
v0x55ab8ce978f0_0 .net *"_ivl_1222", 0 0, L_0x55ab8cf621f0;  1 drivers
v0x55ab8ce97990_0 .net *"_ivl_1225", 0 0, L_0x55ab8cf62330;  1 drivers
v0x55ab8ce97a30_0 .net/2u *"_ivl_1226", 31 0, L_0x7fe792ab34a0;  1 drivers
v0x55ab8ce97ad0_0 .net *"_ivl_1228", 31 0, L_0x55ab8cf62440;  1 drivers
L_0x7fe792ab34e8 .functor BUFT 1, C4<00000000000000000101000000110011>, C4<0>, C4<0>, C4<0>;
v0x55ab8ce98380_0 .net/2u *"_ivl_1230", 31 0, L_0x7fe792ab34e8;  1 drivers
v0x55ab8ce98420_0 .net *"_ivl_1232", 0 0, L_0x55ab8cf54630;  1 drivers
v0x55ab8ce984c0_0 .net *"_ivl_1235", 0 0, L_0x55ab8cf54b50;  1 drivers
v0x55ab8ce98560_0 .net/2u *"_ivl_1236", 31 0, L_0x7fe792ab3530;  1 drivers
v0x55ab8ce98600_0 .net *"_ivl_1238", 31 0, L_0x55ab8cf54c60;  1 drivers
v0x55ab8ce986a0_0 .net *"_ivl_124", 0 0, L_0x55ab8cf4aa90;  1 drivers
L_0x7fe792ab3578 .functor BUFT 1, C4<01000000000000000101000000110011>, C4<0>, C4<0>, C4<0>;
v0x55ab8ce98740_0 .net/2u *"_ivl_1240", 31 0, L_0x7fe792ab3578;  1 drivers
v0x55ab8ce987e0_0 .net *"_ivl_1242", 0 0, L_0x55ab8cf54d20;  1 drivers
v0x55ab8ce98880_0 .net/2u *"_ivl_1246", 31 0, L_0x7fe792ab35c0;  1 drivers
v0x55ab8ce98920_0 .net *"_ivl_1248", 31 0, L_0x55ab8cf61c30;  1 drivers
L_0x7fe792ab3608 .functor BUFT 1, C4<00000000000000000000000000000011>, C4<0>, C4<0>, C4<0>;
v0x55ab8ce989c0_0 .net/2u *"_ivl_1250", 31 0, L_0x7fe792ab3608;  1 drivers
v0x55ab8ce98a60_0 .net *"_ivl_1252", 0 0, L_0x55ab8cf61cf0;  1 drivers
v0x55ab8ce98b00_0 .net/2u *"_ivl_1254", 31 0, L_0x7fe792ab3650;  1 drivers
v0x55ab8ce98ba0_0 .net *"_ivl_1256", 31 0, L_0x55ab8cf628a0;  1 drivers
L_0x7fe792ab3698 .functor BUFT 1, C4<00000000000000000001000000000011>, C4<0>, C4<0>, C4<0>;
v0x55ab8ce98c40_0 .net/2u *"_ivl_1258", 31 0, L_0x7fe792ab3698;  1 drivers
v0x55ab8ce98ce0_0 .net *"_ivl_1260", 0 0, L_0x55ab8cf62960;  1 drivers
v0x55ab8ce98d80_0 .net *"_ivl_1263", 0 0, L_0x55ab8cf62aa0;  1 drivers
v0x55ab8ce98e20_0 .net/2u *"_ivl_1264", 31 0, L_0x7fe792ab36e0;  1 drivers
v0x55ab8ce98ec0_0 .net *"_ivl_1266", 31 0, L_0x55ab8cf62bb0;  1 drivers
L_0x7fe792ab3728 .functor BUFT 1, C4<00000000000000000010000000000011>, C4<0>, C4<0>, C4<0>;
v0x55ab8ce98f60_0 .net/2u *"_ivl_1268", 31 0, L_0x7fe792ab3728;  1 drivers
v0x55ab8ce99000_0 .net *"_ivl_127", 0 0, L_0x55ab8cf4afa0;  1 drivers
v0x55ab8ce990a0_0 .net *"_ivl_1270", 0 0, L_0x55ab8cf54770;  1 drivers
v0x55ab8ce99140_0 .net *"_ivl_1273", 0 0, L_0x55ab8cf548b0;  1 drivers
v0x55ab8ce991e0_0 .net/2u *"_ivl_1274", 31 0, L_0x7fe792ab3770;  1 drivers
v0x55ab8ce99280_0 .net *"_ivl_1276", 31 0, L_0x55ab8cf549c0;  1 drivers
L_0x7fe792ab37b8 .functor BUFT 1, C4<00000000000000000100000000000011>, C4<0>, C4<0>, C4<0>;
v0x55ab8ce99320_0 .net/2u *"_ivl_1278", 31 0, L_0x7fe792ab37b8;  1 drivers
v0x55ab8ce993c0_0 .net/2u *"_ivl_128", 31 0, L_0x7fe792aaf7e0;  1 drivers
v0x55ab8ce99460_0 .net *"_ivl_1280", 0 0, L_0x55ab8cf54a80;  1 drivers
v0x55ab8ce99500_0 .net *"_ivl_1283", 0 0, L_0x55ab8cf62500;  1 drivers
v0x55ab8ce995a0_0 .net/2u *"_ivl_1284", 31 0, L_0x7fe792ab3800;  1 drivers
v0x55ab8ce99640_0 .net *"_ivl_1286", 31 0, L_0x55ab8cf62610;  1 drivers
L_0x7fe792ab3848 .functor BUFT 1, C4<00000000000000000101000000000011>, C4<0>, C4<0>, C4<0>;
v0x55ab8ce996e0_0 .net/2u *"_ivl_1288", 31 0, L_0x7fe792ab3848;  1 drivers
v0x55ab8ce99780_0 .net *"_ivl_1290", 0 0, L_0x55ab8cf626d0;  1 drivers
v0x55ab8ce99820_0 .net *"_ivl_1293", 0 0, L_0x55ab8cf62810;  1 drivers
v0x55ab8ce998c0_0 .net/2u *"_ivl_1294", 31 0, L_0x7fe792ab3890;  1 drivers
v0x55ab8ce99960_0 .net *"_ivl_1296", 31 0, L_0x55ab8cf64190;  1 drivers
L_0x7fe792ab38d8 .functor BUFT 1, C4<00000000000000000110000000000011>, C4<0>, C4<0>, C4<0>;
v0x55ab8ce99a00_0 .net/2u *"_ivl_1298", 31 0, L_0x7fe792ab38d8;  1 drivers
v0x55ab8ce99aa0_0 .net *"_ivl_130", 31 0, L_0x55ab8cf4b0b0;  1 drivers
v0x55ab8ce99b40_0 .net *"_ivl_1300", 0 0, L_0x55ab8cf64250;  1 drivers
v0x55ab8ce99be0_0 .net *"_ivl_1303", 0 0, L_0x55ab8cf64390;  1 drivers
v0x55ab8ce99c80_0 .net/2u *"_ivl_1304", 31 0, L_0x7fe792ab3920;  1 drivers
v0x55ab8ce99d20_0 .net *"_ivl_1306", 31 0, L_0x55ab8cf644a0;  1 drivers
L_0x7fe792ab3968 .functor BUFT 1, C4<00000000000000000000000000100011>, C4<0>, C4<0>, C4<0>;
v0x55ab8ce99dc0_0 .net/2u *"_ivl_1308", 31 0, L_0x7fe792ab3968;  1 drivers
v0x55ab8ce99e60_0 .net *"_ivl_1310", 0 0, L_0x55ab8cf64560;  1 drivers
v0x55ab8ce99f00_0 .net *"_ivl_1313", 0 0, L_0x55ab8cf646a0;  1 drivers
v0x55ab8ce99fa0_0 .net/2u *"_ivl_1314", 31 0, L_0x7fe792ab39b0;  1 drivers
v0x55ab8ce9a040_0 .net *"_ivl_1316", 31 0, L_0x55ab8cf647b0;  1 drivers
L_0x7fe792ab39f8 .functor BUFT 1, C4<00000000000000000001000000100011>, C4<0>, C4<0>, C4<0>;
v0x55ab8ce9a0e0_0 .net/2u *"_ivl_1318", 31 0, L_0x7fe792ab39f8;  1 drivers
L_0x7fe792aaf828 .functor BUFT 1, C4<00000000000000000010000000110011>, C4<0>, C4<0>, C4<0>;
v0x55ab8ce9a180_0 .net/2u *"_ivl_132", 31 0, L_0x7fe792aaf828;  1 drivers
v0x55ab8ce9a220_0 .net *"_ivl_1320", 0 0, L_0x55ab8cf64870;  1 drivers
v0x55ab8ce9a2c0_0 .net *"_ivl_1323", 0 0, L_0x55ab8cf649b0;  1 drivers
v0x55ab8ce9a360_0 .net/2u *"_ivl_1324", 31 0, L_0x7fe792ab3a40;  1 drivers
v0x55ab8ce9a400_0 .net *"_ivl_1326", 31 0, L_0x55ab8cf64ac0;  1 drivers
L_0x7fe792ab3a88 .functor BUFT 1, C4<00000000000000000010000000100011>, C4<0>, C4<0>, C4<0>;
v0x55ab8ce9a4a0_0 .net/2u *"_ivl_1328", 31 0, L_0x7fe792ab3a88;  1 drivers
v0x55ab8ce9a540_0 .net *"_ivl_1330", 0 0, L_0x55ab8cf64b80;  1 drivers
v0x55ab8ce9a5e0_0 .net/2u *"_ivl_1334", 31 0, L_0x7fe792ab3ad0;  1 drivers
v0x55ab8ce9a680_0 .net *"_ivl_1336", 31 0, L_0x55ab8cf63df0;  1 drivers
L_0x7fe792ab3b18 .functor BUFT 1, C4<00000000000000000000000001101111>, C4<0>, C4<0>, C4<0>;
v0x55ab8ce9a720_0 .net/2u *"_ivl_1338", 31 0, L_0x7fe792ab3b18;  1 drivers
v0x55ab8ce9a7c0_0 .net *"_ivl_134", 0 0, L_0x55ab8cf4ae30;  1 drivers
v0x55ab8ce9a860_0 .net *"_ivl_1340", 0 0, L_0x55ab8cf63eb0;  1 drivers
v0x55ab8ce9a900_0 .net/2u *"_ivl_1342", 31 0, L_0x7fe792ab3b60;  1 drivers
v0x55ab8ce9a9a0_0 .net *"_ivl_1344", 31 0, L_0x55ab8cf63ff0;  1 drivers
L_0x7fe792ab3ba8 .functor BUFT 1, C4<00000000000000000000000001100111>, C4<0>, C4<0>, C4<0>;
v0x55ab8ce9aa40_0 .net/2u *"_ivl_1346", 31 0, L_0x7fe792ab3ba8;  1 drivers
v0x55ab8ce9aae0_0 .net *"_ivl_1348", 0 0, L_0x55ab8cf650f0;  1 drivers
v0x55ab8ce9ab80_0 .net *"_ivl_1351", 0 0, L_0x55ab8cf65230;  1 drivers
v0x55ab8ce9ac20_0 .net/2u *"_ivl_1352", 31 0, L_0x7fe792ab3bf0;  1 drivers
v0x55ab8ce9acc0_0 .net *"_ivl_1354", 31 0, L_0x55ab8cf65340;  1 drivers
L_0x7fe792ab3c38 .functor BUFT 1, C4<00000000000000000000000001100011>, C4<0>, C4<0>, C4<0>;
v0x55ab8ce9ad60_0 .net/2u *"_ivl_1356", 31 0, L_0x7fe792ab3c38;  1 drivers
v0x55ab8ce9ae00_0 .net *"_ivl_1358", 0 0, L_0x55ab8cf65400;  1 drivers
v0x55ab8ce9aea0_0 .net *"_ivl_1361", 0 0, L_0x55ab8cf65540;  1 drivers
v0x55ab8ce9af40_0 .net/2u *"_ivl_1362", 31 0, L_0x7fe792ab3c80;  1 drivers
v0x55ab8ce9afe0_0 .net *"_ivl_1364", 31 0, L_0x55ab8cf65650;  1 drivers
L_0x7fe792ab3cc8 .functor BUFT 1, C4<00000000000000000001000001100011>, C4<0>, C4<0>, C4<0>;
v0x55ab8ce9b080_0 .net/2u *"_ivl_1366", 31 0, L_0x7fe792ab3cc8;  1 drivers
v0x55ab8ce9b120_0 .net *"_ivl_1368", 0 0, L_0x55ab8cf65710;  1 drivers
v0x55ab8ce9b1c0_0 .net *"_ivl_137", 0 0, L_0x55ab8cf4abf0;  1 drivers
v0x55ab8ce9b260_0 .net *"_ivl_1371", 0 0, L_0x55ab8cf64cc0;  1 drivers
v0x55ab8ce9b300_0 .net/2u *"_ivl_1372", 31 0, L_0x7fe792ab3d10;  1 drivers
v0x55ab8ce9b3a0_0 .net *"_ivl_1374", 31 0, L_0x55ab8cf64dd0;  1 drivers
L_0x7fe792ab3d58 .functor BUFT 1, C4<00000000000000000100000001100011>, C4<0>, C4<0>, C4<0>;
v0x55ab8ce9b440_0 .net/2u *"_ivl_1376", 31 0, L_0x7fe792ab3d58;  1 drivers
v0x55ab8ce9b4e0_0 .net *"_ivl_1378", 0 0, L_0x55ab8cf64e90;  1 drivers
v0x55ab8ce9b580_0 .net/2u *"_ivl_138", 31 0, L_0x7fe792aaf870;  1 drivers
v0x55ab8ce9b620_0 .net *"_ivl_1381", 0 0, L_0x55ab8cf64fd0;  1 drivers
v0x55ab8ce9b6c0_0 .net/2u *"_ivl_1382", 31 0, L_0x7fe792ab3da0;  1 drivers
v0x55ab8ce9b760_0 .net *"_ivl_1384", 31 0, L_0x55ab8cf65ca0;  1 drivers
L_0x7fe792ab3de8 .functor BUFT 1, C4<00000000000000000101000001100011>, C4<0>, C4<0>, C4<0>;
v0x55ab8ce9b800_0 .net/2u *"_ivl_1386", 31 0, L_0x7fe792ab3de8;  1 drivers
v0x55ab8ce9b8a0_0 .net *"_ivl_1388", 0 0, L_0x55ab8cf65d60;  1 drivers
v0x55ab8ce9b940_0 .net *"_ivl_1391", 0 0, L_0x55ab8cf65ea0;  1 drivers
v0x55ab8ce9b9e0_0 .net/2u *"_ivl_1392", 31 0, L_0x7fe792ab3e30;  1 drivers
v0x55ab8ce9ba80_0 .net *"_ivl_1394", 31 0, L_0x55ab8cf65fb0;  1 drivers
L_0x7fe792ab3e78 .functor BUFT 1, C4<00000000000000000110000001100011>, C4<0>, C4<0>, C4<0>;
v0x55ab8ce9bb20_0 .net/2u *"_ivl_1396", 31 0, L_0x7fe792ab3e78;  1 drivers
v0x55ab8ce9bbc0_0 .net *"_ivl_1398", 0 0, L_0x55ab8cf66070;  1 drivers
v0x55ab8ce9bc60_0 .net *"_ivl_14", 0 0, L_0x55ab8cf48a10;  1 drivers
v0x55ab8ce9bd00_0 .net *"_ivl_140", 31 0, L_0x55ab8cf4b390;  1 drivers
v0x55ab8ce9bda0_0 .net *"_ivl_1401", 0 0, L_0x55ab8cf661b0;  1 drivers
v0x55ab8ce9be40_0 .net/2u *"_ivl_1402", 31 0, L_0x7fe792ab3ec0;  1 drivers
v0x55ab8ce9bee0_0 .net *"_ivl_1404", 31 0, L_0x55ab8cf662c0;  1 drivers
L_0x7fe792ab3f08 .functor BUFT 1, C4<00000000000000000111000001100011>, C4<0>, C4<0>, C4<0>;
v0x55ab8ce9bf80_0 .net/2u *"_ivl_1406", 31 0, L_0x7fe792ab3f08;  1 drivers
v0x55ab8ce9c020_0 .net *"_ivl_1408", 0 0, L_0x55ab8cf66380;  1 drivers
v0x55ab8ce9c0c0_0 .net/2u *"_ivl_1412", 31 0, L_0x7fe792ab3f50;  1 drivers
v0x55ab8ce9c160_0 .net *"_ivl_1414", 31 0, L_0x55ab8cf65960;  1 drivers
L_0x7fe792ab3f98 .functor BUFT 1, C4<00000010000000000000000000110011>, C4<0>, C4<0>, C4<0>;
v0x55ab8ce9c200_0 .net/2u *"_ivl_1416", 31 0, L_0x7fe792ab3f98;  1 drivers
v0x55ab8ce9c2a0_0 .net *"_ivl_1418", 0 0, L_0x55ab8cf65a20;  1 drivers
L_0x7fe792aaf8b8 .functor BUFT 1, C4<00000000000000000011000000110011>, C4<0>, C4<0>, C4<0>;
v0x55ab8ce9c340_0 .net/2u *"_ivl_142", 31 0, L_0x7fe792aaf8b8;  1 drivers
v0x55ab8ce9c3e0_0 .net/2u *"_ivl_1420", 31 0, L_0x7fe792ab3fe0;  1 drivers
v0x55ab8ce9c480_0 .net *"_ivl_1422", 31 0, L_0x55ab8cf65b60;  1 drivers
L_0x7fe792ab4028 .functor BUFT 1, C4<00000010000000000001000000110011>, C4<0>, C4<0>, C4<0>;
v0x55ab8ce9c520_0 .net/2u *"_ivl_1424", 31 0, L_0x7fe792ab4028;  1 drivers
v0x55ab8ce9c5c0_0 .net *"_ivl_1426", 0 0, L_0x55ab8cf66930;  1 drivers
v0x55ab8ce9c660_0 .net *"_ivl_1429", 0 0, L_0x55ab8cf65c20;  1 drivers
v0x55ab8ce9c700_0 .net/2u *"_ivl_1430", 31 0, L_0x7fe792ab4070;  1 drivers
v0x55ab8ce9c7a0_0 .net *"_ivl_1432", 31 0, L_0x55ab8cf66ef0;  1 drivers
L_0x7fe792ab40b8 .functor BUFT 1, C4<00000010000000000010000000110011>, C4<0>, C4<0>, C4<0>;
v0x55ab8ce9c840_0 .net/2u *"_ivl_1434", 31 0, L_0x7fe792ab40b8;  1 drivers
v0x55ab8ce9c8e0_0 .net *"_ivl_1436", 0 0, L_0x55ab8cf66510;  1 drivers
v0x55ab8ce9c980_0 .net *"_ivl_1439", 0 0, L_0x55ab8cf66650;  1 drivers
v0x55ab8ce9ca20_0 .net *"_ivl_144", 0 0, L_0x55ab8cf4b170;  1 drivers
v0x55ab8ce9cac0_0 .net/2u *"_ivl_1440", 31 0, L_0x7fe792ab4100;  1 drivers
v0x55ab8ce9cb60_0 .net *"_ivl_1442", 31 0, L_0x55ab8cf66760;  1 drivers
L_0x7fe792ab4148 .functor BUFT 1, C4<00000010000000000011000000110011>, C4<0>, C4<0>, C4<0>;
v0x55ab8ce9cc00_0 .net/2u *"_ivl_1444", 31 0, L_0x7fe792ab4148;  1 drivers
v0x55ab8ce9cca0_0 .net *"_ivl_1446", 0 0, L_0x55ab8cf66820;  1 drivers
v0x55ab8ce9cd40_0 .net *"_ivl_1449", 0 0, L_0x55ab8cf66a70;  1 drivers
v0x55ab8ce9cde0_0 .net/2u *"_ivl_1452", 31 0, L_0x7fe792ab4190;  1 drivers
v0x55ab8ce9ce80_0 .net *"_ivl_1454", 31 0, L_0x55ab8cf66c40;  1 drivers
L_0x7fe792ab41d8 .functor BUFT 1, C4<00000010000000000100000000110011>, C4<0>, C4<0>, C4<0>;
v0x55ab8ce9cf20_0 .net/2u *"_ivl_1456", 31 0, L_0x7fe792ab41d8;  1 drivers
v0x55ab8ce9cfc0_0 .net *"_ivl_1458", 0 0, L_0x55ab8cf66d00;  1 drivers
v0x55ab8ce9d060_0 .net/2u *"_ivl_1460", 31 0, L_0x7fe792ab4220;  1 drivers
v0x55ab8ce9d100_0 .net *"_ivl_1462", 31 0, L_0x55ab8cf66e40;  1 drivers
L_0x7fe792ab4268 .functor BUFT 1, C4<00000010000000000101000000110011>, C4<0>, C4<0>, C4<0>;
v0x55ab8ce9d1a0_0 .net/2u *"_ivl_1464", 31 0, L_0x7fe792ab4268;  1 drivers
v0x55ab8ce9d240_0 .net *"_ivl_1466", 0 0, L_0x55ab8cf66fb0;  1 drivers
v0x55ab8ce9d2e0_0 .net *"_ivl_1469", 0 0, L_0x55ab8cf67590;  1 drivers
v0x55ab8ce97b70_0 .net *"_ivl_147", 0 0, L_0x55ab8cf4b5e0;  1 drivers
v0x55ab8ce97c30_0 .net/2u *"_ivl_1470", 31 0, L_0x7fe792ab42b0;  1 drivers
v0x55ab8ce97d10_0 .net *"_ivl_1472", 31 0, L_0x55ab8cf676a0;  1 drivers
L_0x7fe792ab42f8 .functor BUFT 1, C4<00000010000000000110000000110011>, C4<0>, C4<0>, C4<0>;
v0x55ab8ce97df0_0 .net/2u *"_ivl_1474", 31 0, L_0x7fe792ab42f8;  1 drivers
v0x55ab8ce97ed0_0 .net *"_ivl_1476", 0 0, L_0x55ab8cf67760;  1 drivers
v0x55ab8ce97f90_0 .net *"_ivl_1479", 0 0, L_0x55ab8cf67900;  1 drivers
v0x55ab8ce98050_0 .net/2u *"_ivl_148", 31 0, L_0x7fe792aaf900;  1 drivers
v0x55ab8ce98130_0 .net/2u *"_ivl_1480", 31 0, L_0x7fe792ab4340;  1 drivers
v0x55ab8ce98210_0 .net *"_ivl_1482", 31 0, L_0x55ab8cf67a10;  1 drivers
L_0x7fe792ab4388 .functor BUFT 1, C4<00000010000000000111000000110011>, C4<0>, C4<0>, C4<0>;
v0x55ab8ce9e390_0 .net/2u *"_ivl_1484", 31 0, L_0x7fe792ab4388;  1 drivers
v0x55ab8ce9e430_0 .net *"_ivl_1486", 0 0, L_0x55ab8cf67ad0;  1 drivers
v0x55ab8ce9e4d0_0 .net *"_ivl_1489", 0 0, L_0x55ab8cf67c10;  1 drivers
v0x55ab8ce9e570_0 .net/2u *"_ivl_1492", 31 0, L_0x7fe792ab43d0;  1 drivers
v0x55ab8ce9e610_0 .net *"_ivl_1494", 31 0, L_0x55ab8cf67140;  1 drivers
L_0x7fe792ab4418 .functor BUFT 1, C4<00000000000000000000000001110011>, C4<0>, C4<0>, C4<0>;
v0x55ab8ce9e6b0_0 .net/2u *"_ivl_1496", 31 0, L_0x7fe792ab4418;  1 drivers
v0x55ab8ce9e750_0 .net *"_ivl_1498", 0 0, L_0x55ab8cf67200;  1 drivers
v0x55ab8ce9e7f0_0 .net *"_ivl_150", 31 0, L_0x55ab8cf4b6f0;  1 drivers
v0x55ab8ce9e890_0 .net/2u *"_ivl_1500", 31 0, L_0x7fe792ab4460;  1 drivers
v0x55ab8ce9e930_0 .net *"_ivl_1502", 31 0, L_0x55ab8cf67340;  1 drivers
L_0x7fe792ab44a8 .functor BUFT 1, C4<00000000000100000000000001110011>, C4<0>, C4<0>, C4<0>;
v0x55ab8ce9e9d0_0 .net/2u *"_ivl_1504", 31 0, L_0x7fe792ab44a8;  1 drivers
v0x55ab8ce9ea70_0 .net *"_ivl_1506", 0 0, L_0x55ab8cf67400;  1 drivers
v0x55ab8ce9eb10_0 .net *"_ivl_1509", 0 0, L_0x55ab8cf68250;  1 drivers
v0x55ab8ce9ebb0_0 .net/2u *"_ivl_1510", 31 0, L_0x7fe792ab44f0;  1 drivers
v0x55ab8ce9ec50_0 .net *"_ivl_1512", 31 0, L_0x55ab8cf68310;  1 drivers
L_0x7fe792ab4538 .functor BUFT 1, C4<00000000001000000000000001110011>, C4<0>, C4<0>, C4<0>;
v0x55ab8ce9ecf0_0 .net/2u *"_ivl_1514", 31 0, L_0x7fe792ab4538;  1 drivers
v0x55ab8ce9ed90_0 .net *"_ivl_1516", 0 0, L_0x55ab8cf683d0;  1 drivers
v0x55ab8ce9ee30_0 .net *"_ivl_1519", 0 0, L_0x55ab8cf68510;  1 drivers
L_0x7fe792aaf948 .functor BUFT 1, C4<00000000000000000100000000110011>, C4<0>, C4<0>, C4<0>;
v0x55ab8ce9eed0_0 .net/2u *"_ivl_152", 31 0, L_0x7fe792aaf948;  1 drivers
v0x55ab8ce9ef70_0 .net/2u *"_ivl_1520", 31 0, L_0x7fe792ab4580;  1 drivers
v0x55ab8ce9f010_0 .net *"_ivl_1522", 31 0, L_0x55ab8cf68620;  1 drivers
L_0x7fe792ab45c8 .functor BUFT 1, C4<00000000000000000001000001110011>, C4<0>, C4<0>, C4<0>;
v0x55ab8ce9f0b0_0 .net/2u *"_ivl_1524", 31 0, L_0x7fe792ab45c8;  1 drivers
v0x55ab8ce9f150_0 .net *"_ivl_1526", 0 0, L_0x55ab8cf686e0;  1 drivers
v0x55ab8ce9f1f0_0 .net *"_ivl_1529", 0 0, L_0x55ab8cf68820;  1 drivers
v0x55ab8ce9f290_0 .net/2u *"_ivl_1530", 31 0, L_0x7fe792ab4610;  1 drivers
v0x55ab8ce9f330_0 .net *"_ivl_1532", 31 0, L_0x55ab8cf68930;  1 drivers
L_0x7fe792ab4658 .functor BUFT 1, C4<00000000000000000010000001110011>, C4<0>, C4<0>, C4<0>;
v0x55ab8ce9f3d0_0 .net/2u *"_ivl_1534", 31 0, L_0x7fe792ab4658;  1 drivers
v0x55ab8ce9f470_0 .net *"_ivl_1536", 0 0, L_0x55ab8cf689f0;  1 drivers
v0x55ab8ce9f510_0 .net *"_ivl_1539", 0 0, L_0x55ab8cf68b30;  1 drivers
v0x55ab8ce9f5b0_0 .net *"_ivl_154", 0 0, L_0x55ab8cf4b450;  1 drivers
v0x55ab8ce9f650_0 .net/2u *"_ivl_1540", 31 0, L_0x7fe792ab46a0;  1 drivers
v0x55ab8ce9f6f0_0 .net *"_ivl_1542", 31 0, L_0x55ab8cf68c40;  1 drivers
L_0x7fe792ab46e8 .functor BUFT 1, C4<00000000000000000011000001110011>, C4<0>, C4<0>, C4<0>;
v0x55ab8ce9f790_0 .net/2u *"_ivl_1544", 31 0, L_0x7fe792ab46e8;  1 drivers
v0x55ab8ce9f830_0 .net *"_ivl_1546", 0 0, L_0x55ab8cf68d00;  1 drivers
v0x55ab8ce9f8d0_0 .net *"_ivl_1549", 0 0, L_0x55ab8cf67d90;  1 drivers
v0x55ab8ce9f970_0 .net/2u *"_ivl_1550", 31 0, L_0x7fe792ab4730;  1 drivers
v0x55ab8ce9fa10_0 .net *"_ivl_1552", 31 0, L_0x55ab8cf67ea0;  1 drivers
L_0x7fe792ab4778 .functor BUFT 1, C4<00000000000000000101000001110011>, C4<0>, C4<0>, C4<0>;
v0x55ab8ce9fab0_0 .net/2u *"_ivl_1554", 31 0, L_0x7fe792ab4778;  1 drivers
v0x55ab8ce9fb50_0 .net *"_ivl_1556", 0 0, L_0x55ab8cf67f60;  1 drivers
v0x55ab8ce9fbf0_0 .net *"_ivl_1559", 0 0, L_0x55ab8cf680a0;  1 drivers
v0x55ab8ce9fc90_0 .net/2u *"_ivl_1560", 31 0, L_0x7fe792ab47c0;  1 drivers
v0x55ab8ce9fd30_0 .net *"_ivl_1562", 31 0, L_0x55ab8cf681b0;  1 drivers
L_0x7fe792ab4808 .functor BUFT 1, C4<00000000000000000110000001110011>, C4<0>, C4<0>, C4<0>;
v0x55ab8ce9fdd0_0 .net/2u *"_ivl_1564", 31 0, L_0x7fe792ab4808;  1 drivers
v0x55ab8ce9fe70_0 .net *"_ivl_1566", 0 0, L_0x55ab8cf69370;  1 drivers
v0x55ab8ce9ff10_0 .net *"_ivl_1569", 0 0, L_0x55ab8cf699a0;  1 drivers
v0x55ab8ce9ffb0_0 .net *"_ivl_157", 0 0, L_0x55ab8cf4b990;  1 drivers
v0x55ab8cea0050_0 .net/2u *"_ivl_1570", 31 0, L_0x7fe792ab4850;  1 drivers
v0x55ab8cea00f0_0 .net *"_ivl_1572", 31 0, L_0x55ab8cf68ee0;  1 drivers
L_0x7fe792ab4898 .functor BUFT 1, C4<00000000000000000111000001110011>, C4<0>, C4<0>, C4<0>;
v0x55ab8cea0190_0 .net/2u *"_ivl_1574", 31 0, L_0x7fe792ab4898;  1 drivers
v0x55ab8cea0230_0 .net *"_ivl_1576", 0 0, L_0x55ab8cf68fa0;  1 drivers
v0x55ab8cea02d0_0 .net *"_ivl_1579", 0 0, L_0x55ab8cf690e0;  1 drivers
v0x55ab8cea0370_0 .net/2u *"_ivl_158", 31 0, L_0x7fe792aaf990;  1 drivers
v0x55ab8cea0410_0 .net/2u *"_ivl_1580", 31 0, L_0x7fe792ab48e0;  1 drivers
v0x55ab8cea04b0_0 .net *"_ivl_1582", 31 0, L_0x55ab8cf691f0;  1 drivers
L_0x7fe792ab4928 .functor BUFT 1, C4<00010000010100000000000001110011>, C4<0>, C4<0>, C4<0>;
v0x55ab8cea0550_0 .net/2u *"_ivl_1584", 31 0, L_0x7fe792ab4928;  1 drivers
v0x55ab8cea05f0_0 .net *"_ivl_1586", 0 0, L_0x55ab8cf6a440;  1 drivers
v0x55ab8cea0690_0 .net *"_ivl_1589", 0 0, L_0x55ab8cf694b0;  1 drivers
v0x55ab8cea0730_0 .net/2u *"_ivl_1590", 31 0, L_0x7fe792ab4970;  1 drivers
v0x55ab8cea07d0_0 .net *"_ivl_1592", 31 0, L_0x55ab8cf695c0;  1 drivers
L_0x7fe792ab49b8 .functor BUFT 1, C4<00000000000000000000000000001111>, C4<0>, C4<0>, C4<0>;
v0x55ab8cea0870_0 .net/2u *"_ivl_1594", 31 0, L_0x7fe792ab49b8;  1 drivers
v0x55ab8cea0910_0 .net *"_ivl_1596", 0 0, L_0x55ab8cf69680;  1 drivers
v0x55ab8cea09b0_0 .net *"_ivl_1599", 0 0, L_0x55ab8cf697c0;  1 drivers
v0x55ab8cea0a50_0 .net *"_ivl_160", 31 0, L_0x55ab8cf4baa0;  1 drivers
v0x55ab8cea0af0_0 .net/2u *"_ivl_1600", 31 0, L_0x7fe792ab4a00;  1 drivers
v0x55ab8cea0b90_0 .net *"_ivl_1602", 31 0, L_0x55ab8cf698d0;  1 drivers
L_0x7fe792ab4a48 .functor BUFT 1, C4<00000000000000000001000000001111>, C4<0>, C4<0>, C4<0>;
v0x55ab8cea0c30_0 .net/2u *"_ivl_1604", 31 0, L_0x7fe792ab4a48;  1 drivers
v0x55ab8cea0cd0_0 .net *"_ivl_1606", 0 0, L_0x55ab8cf69a10;  1 drivers
v0x55ab8cea0d70_0 .net *"_ivl_1609", 0 0, L_0x55ab8cf6a060;  1 drivers
v0x55ab8cea0e10_0 .net/2u *"_ivl_1610", 31 0, L_0x7fe792ab4a90;  1 drivers
v0x55ab8cea0eb0_0 .net *"_ivl_1612", 31 0, L_0x55ab8cf6a170;  1 drivers
L_0x7fe792ab4ad8 .functor BUFT 1, C4<00010010000000000000000001110011>, C4<0>, C4<0>, C4<0>;
v0x55ab8cea0f50_0 .net/2u *"_ivl_1614", 31 0, L_0x7fe792ab4ad8;  1 drivers
v0x55ab8cea0ff0_0 .net *"_ivl_1616", 0 0, L_0x55ab8cf6a230;  1 drivers
v0x55ab8cea1090_0 .net *"_ivl_1619", 0 0, L_0x55ab8cf6a370;  1 drivers
L_0x7fe792aaf9d8 .functor BUFT 1, C4<00000000000000000110000000110011>, C4<0>, C4<0>, C4<0>;
v0x55ab8cea1130_0 .net/2u *"_ivl_162", 31 0, L_0x7fe792aaf9d8;  1 drivers
v0x55ab8cea11d0_0 .net *"_ivl_1621", 0 0, L_0x55ab8cf6a580;  1 drivers
v0x55ab8cea1270_0 .net *"_ivl_164", 0 0, L_0x55ab8cf4b7b0;  1 drivers
v0x55ab8cea1310_0 .net *"_ivl_167", 0 0, L_0x55ab8cf4bcc0;  1 drivers
v0x55ab8cea13b0_0 .net/2u *"_ivl_168", 31 0, L_0x7fe792aafa20;  1 drivers
v0x55ab8cea1450_0 .net *"_ivl_17", 0 0, L_0x55ab8cf48b50;  1 drivers
v0x55ab8cea14f0_0 .net *"_ivl_170", 31 0, L_0x55ab8cf4bdd0;  1 drivers
L_0x7fe792aafa68 .functor BUFT 1, C4<00000000000000000111000000110011>, C4<0>, C4<0>, C4<0>;
v0x55ab8cea1590_0 .net/2u *"_ivl_172", 31 0, L_0x7fe792aafa68;  1 drivers
v0x55ab8cea1630_0 .net *"_ivl_174", 0 0, L_0x55ab8cf4bb60;  1 drivers
v0x55ab8cea16d0_0 .net *"_ivl_177", 0 0, L_0x55ab8cf4b900;  1 drivers
v0x55ab8cea1770_0 .net/2u *"_ivl_178", 31 0, L_0x7fe792aafab0;  1 drivers
v0x55ab8cea1810_0 .net/2u *"_ivl_18", 31 0, L_0x7fe792aaf1b0;  1 drivers
v0x55ab8cea18b0_0 .net *"_ivl_180", 31 0, L_0x55ab8cf4c140;  1 drivers
L_0x7fe792aafaf8 .functor BUFT 1, C4<00000000000000000001000000110011>, C4<0>, C4<0>, C4<0>;
v0x55ab8cea1950_0 .net/2u *"_ivl_182", 31 0, L_0x7fe792aafaf8;  1 drivers
v0x55ab8cea19f0_0 .net *"_ivl_184", 0 0, L_0x55ab8cf4be90;  1 drivers
v0x55ab8cea1a90_0 .net *"_ivl_187", 0 0, L_0x55ab8cf4c380;  1 drivers
v0x55ab8cea1b30_0 .net/2u *"_ivl_188", 31 0, L_0x7fe792aafb40;  1 drivers
v0x55ab8cea1bd0_0 .net *"_ivl_190", 31 0, L_0x55ab8cf4c490;  1 drivers
L_0x7fe792aafb88 .functor BUFT 1, C4<00000000000000000101000000110011>, C4<0>, C4<0>, C4<0>;
v0x55ab8cea1c70_0 .net/2u *"_ivl_192", 31 0, L_0x7fe792aafb88;  1 drivers
v0x55ab8cea1d10_0 .net *"_ivl_194", 0 0, L_0x55ab8cf4c200;  1 drivers
v0x55ab8cea1db0_0 .net *"_ivl_197", 0 0, L_0x55ab8cf4c000;  1 drivers
v0x55ab8cea1e50_0 .net/2u *"_ivl_198", 31 0, L_0x7fe792aafbd0;  1 drivers
v0x55ab8cea1ef0_0 .net *"_ivl_2", 31 0, L_0x55ab8cf474a0;  1 drivers
v0x55ab8cea1f90_0 .net *"_ivl_20", 31 0, L_0x55ab8cf48c60;  1 drivers
v0x55ab8cea2030_0 .net *"_ivl_200", 31 0, L_0x55ab8cf4c830;  1 drivers
L_0x7fe792aafc18 .functor BUFT 1, C4<01000000000000000101000000110011>, C4<0>, C4<0>, C4<0>;
v0x55ab8cea20d0_0 .net/2u *"_ivl_202", 31 0, L_0x7fe792aafc18;  1 drivers
v0x55ab8cea2170_0 .net *"_ivl_204", 0 0, L_0x55ab8cf4c550;  1 drivers
v0x55ab8cea2210_0 .net *"_ivl_207", 0 0, L_0x55ab8cf4ca40;  1 drivers
v0x55ab8cea22b0_0 .net/2u *"_ivl_208", 31 0, L_0x7fe792aafc60;  1 drivers
v0x55ab8cea2350_0 .net *"_ivl_210", 31 0, L_0x55ab8cf4cb50;  1 drivers
L_0x7fe792aafca8 .functor BUFT 1, C4<00000000000000000000000001101111>, C4<0>, C4<0>, C4<0>;
v0x55ab8cea23f0_0 .net/2u *"_ivl_212", 31 0, L_0x7fe792aafca8;  1 drivers
v0x55ab8cea2490_0 .net *"_ivl_214", 0 0, L_0x55ab8cf4c8f0;  1 drivers
v0x55ab8cea2530_0 .net *"_ivl_217", 0 0, L_0x55ab8cf4c6e0;  1 drivers
v0x55ab8cea25d0_0 .net/2u *"_ivl_218", 31 0, L_0x7fe792aafcf0;  1 drivers
L_0x7fe792aaf1f8 .functor BUFT 1, C4<00000000000000000010000000010011>, C4<0>, C4<0>, C4<0>;
v0x55ab8cea2670_0 .net/2u *"_ivl_22", 31 0, L_0x7fe792aaf1f8;  1 drivers
v0x55ab8cea2710_0 .net *"_ivl_220", 31 0, L_0x55ab8cf4ced0;  1 drivers
L_0x7fe792aafd38 .functor BUFT 1, C4<00000000000000000000000001100111>, C4<0>, C4<0>, C4<0>;
v0x55ab8cea27b0_0 .net/2u *"_ivl_222", 31 0, L_0x7fe792aafd38;  1 drivers
v0x55ab8cea2850_0 .net *"_ivl_224", 0 0, L_0x55ab8cf4cc10;  1 drivers
v0x55ab8cea28f0_0 .net *"_ivl_227", 0 0, L_0x55ab8cf4d100;  1 drivers
v0x55ab8cea2990_0 .net/2u *"_ivl_228", 31 0, L_0x7fe792aafd80;  1 drivers
v0x55ab8cea2a30_0 .net *"_ivl_230", 31 0, L_0x55ab8cf4d210;  1 drivers
L_0x7fe792aafdc8 .functor BUFT 1, C4<00000000000000000000000001100011>, C4<0>, C4<0>, C4<0>;
v0x55ab8cea2ad0_0 .net/2u *"_ivl_232", 31 0, L_0x7fe792aafdc8;  1 drivers
v0x55ab8cea2b70_0 .net *"_ivl_234", 0 0, L_0x55ab8cf4cf90;  1 drivers
v0x55ab8cea2c10_0 .net *"_ivl_237", 0 0, L_0x55ab8cf4cd50;  1 drivers
v0x55ab8cea2cb0_0 .net/2u *"_ivl_238", 31 0, L_0x7fe792aafe10;  1 drivers
v0x55ab8cea2d50_0 .net *"_ivl_24", 0 0, L_0x55ab8cf48d20;  1 drivers
v0x55ab8cea2df0_0 .net *"_ivl_240", 31 0, L_0x55ab8cf4d570;  1 drivers
L_0x7fe792aafe58 .functor BUFT 1, C4<00000000000000000001000001100011>, C4<0>, C4<0>, C4<0>;
v0x55ab8cea2e90_0 .net/2u *"_ivl_242", 31 0, L_0x7fe792aafe58;  1 drivers
v0x55ab8cea2f30_0 .net *"_ivl_244", 0 0, L_0x55ab8cf4d2d0;  1 drivers
v0x55ab8cea2fd0_0 .net *"_ivl_247", 0 0, L_0x55ab8cf4d7c0;  1 drivers
v0x55ab8cea3070_0 .net/2u *"_ivl_248", 31 0, L_0x7fe792aafea0;  1 drivers
v0x55ab8cea3110_0 .net *"_ivl_250", 31 0, L_0x55ab8cf4d8d0;  1 drivers
L_0x7fe792aafee8 .functor BUFT 1, C4<00000000000000000100000001100011>, C4<0>, C4<0>, C4<0>;
v0x55ab8cea31b0_0 .net/2u *"_ivl_252", 31 0, L_0x7fe792aafee8;  1 drivers
v0x55ab8cea3250_0 .net *"_ivl_254", 0 0, L_0x55ab8cf4d630;  1 drivers
v0x55ab8cea32f0_0 .net *"_ivl_257", 0 0, L_0x55ab8cf4d410;  1 drivers
v0x55ab8cea3390_0 .net/2u *"_ivl_258", 31 0, L_0x7fe792aaff30;  1 drivers
v0x55ab8cea3430_0 .net *"_ivl_260", 31 0, L_0x55ab8cf4dc10;  1 drivers
L_0x7fe792aaff78 .functor BUFT 1, C4<00000000000000000101000001100011>, C4<0>, C4<0>, C4<0>;
v0x55ab8cea34d0_0 .net/2u *"_ivl_262", 31 0, L_0x7fe792aaff78;  1 drivers
v0x55ab8cea3570_0 .net *"_ivl_264", 0 0, L_0x55ab8cf4d990;  1 drivers
v0x55ab8cea3610_0 .net *"_ivl_267", 0 0, L_0x55ab8cf4de30;  1 drivers
v0x55ab8cea36b0_0 .net/2u *"_ivl_268", 31 0, L_0x7fe792aaffc0;  1 drivers
v0x55ab8cea3750_0 .net *"_ivl_27", 0 0, L_0x55ab8cf48e60;  1 drivers
v0x55ab8cea37f0_0 .net *"_ivl_270", 31 0, L_0x55ab8cf4def0;  1 drivers
L_0x7fe792ab0008 .functor BUFT 1, C4<00000000000000000110000001100011>, C4<0>, C4<0>, C4<0>;
v0x55ab8cea3890_0 .net/2u *"_ivl_272", 31 0, L_0x7fe792ab0008;  1 drivers
v0x55ab8cea3930_0 .net *"_ivl_274", 0 0, L_0x55ab8cf4dc80;  1 drivers
v0x55ab8cea39d0_0 .net *"_ivl_277", 0 0, L_0x55ab8cf4ddc0;  1 drivers
v0x55ab8cea3a70_0 .net/2u *"_ivl_278", 31 0, L_0x7fe792ab0050;  1 drivers
v0x55ab8cea3b10_0 .net/2u *"_ivl_28", 31 0, L_0x7fe792aaf240;  1 drivers
v0x55ab8cea3bb0_0 .net *"_ivl_280", 31 0, L_0x55ab8cf4e260;  1 drivers
L_0x7fe792ab0098 .functor BUFT 1, C4<00000000000000000111000001100011>, C4<0>, C4<0>, C4<0>;
v0x55ab8cea3c50_0 .net/2u *"_ivl_282", 31 0, L_0x7fe792ab0098;  1 drivers
v0x55ab8cea3cf0_0 .net *"_ivl_284", 0 0, L_0x55ab8cf4dfb0;  1 drivers
v0x55ab8cea3d90_0 .net *"_ivl_287", 0 0, L_0x55ab8cf4e0f0;  1 drivers
v0x55ab8cea3e30_0 .net/2u *"_ivl_288", 31 0, L_0x7fe792ab00e0;  1 drivers
v0x55ab8cea3ed0_0 .net *"_ivl_290", 31 0, L_0x55ab8cf4e590;  1 drivers
L_0x7fe792ab0128 .functor BUFT 1, C4<00000000000000000000000000000011>, C4<0>, C4<0>, C4<0>;
v0x55ab8cea3f70_0 .net/2u *"_ivl_292", 31 0, L_0x7fe792ab0128;  1 drivers
v0x55ab8cea4010_0 .net *"_ivl_294", 0 0, L_0x55ab8cf4e320;  1 drivers
v0x55ab8cea40b0_0 .net *"_ivl_297", 0 0, L_0x55ab8cf4e460;  1 drivers
v0x55ab8cea4150_0 .net/2u *"_ivl_298", 31 0, L_0x7fe792ab0170;  1 drivers
v0x55ab8cea41f0_0 .net *"_ivl_30", 31 0, L_0x55ab8cf48f70;  1 drivers
v0x55ab8cea4290_0 .net *"_ivl_300", 31 0, L_0x55ab8cf4e930;  1 drivers
L_0x7fe792ab01b8 .functor BUFT 1, C4<00000000000000000001000000000011>, C4<0>, C4<0>, C4<0>;
v0x55ab8cea4330_0 .net/2u *"_ivl_302", 31 0, L_0x7fe792ab01b8;  1 drivers
v0x55ab8cea43d0_0 .net *"_ivl_304", 0 0, L_0x55ab8cf4e650;  1 drivers
v0x55ab8cea4470_0 .net *"_ivl_307", 0 0, L_0x55ab8cf4e790;  1 drivers
v0x55ab8cea4510_0 .net/2u *"_ivl_308", 31 0, L_0x7fe792ab0200;  1 drivers
v0x55ab8cea45b0_0 .net *"_ivl_310", 31 0, L_0x55ab8cf4ec30;  1 drivers
L_0x7fe792ab0248 .functor BUFT 1, C4<00000000000000000010000000000011>, C4<0>, C4<0>, C4<0>;
v0x55ab8cea4650_0 .net/2u *"_ivl_312", 31 0, L_0x7fe792ab0248;  1 drivers
v0x55ab8cea46f0_0 .net *"_ivl_314", 0 0, L_0x55ab8cf4e9a0;  1 drivers
v0x55ab8cea4790_0 .net *"_ivl_317", 0 0, L_0x55ab8cf4eae0;  1 drivers
v0x55ab8cea4830_0 .net/2u *"_ivl_318", 31 0, L_0x7fe792ab0290;  1 drivers
L_0x7fe792aaf288 .functor BUFT 1, C4<00000000000000000011000000010011>, C4<0>, C4<0>, C4<0>;
v0x55ab8cea48d0_0 .net/2u *"_ivl_32", 31 0, L_0x7fe792aaf288;  1 drivers
v0x55ab8cea4970_0 .net *"_ivl_320", 31 0, L_0x55ab8cf4e8a0;  1 drivers
L_0x7fe792ab02d8 .functor BUFT 1, C4<00000000000000000100000000000011>, C4<0>, C4<0>, C4<0>;
v0x55ab8cea4a10_0 .net/2u *"_ivl_322", 31 0, L_0x7fe792ab02d8;  1 drivers
v0x55ab8cea4ab0_0 .net *"_ivl_324", 0 0, L_0x55ab8cf4ecf0;  1 drivers
v0x55ab8cea4b50_0 .net *"_ivl_327", 0 0, L_0x55ab8cf4ee30;  1 drivers
v0x55ab8cea4bf0_0 .net/2u *"_ivl_328", 31 0, L_0x7fe792ab0320;  1 drivers
v0x55ab8cea4c90_0 .net *"_ivl_330", 31 0, L_0x55ab8cf4f2b0;  1 drivers
L_0x7fe792ab0368 .functor BUFT 1, C4<00000000000000000101000000000011>, C4<0>, C4<0>, C4<0>;
v0x55ab8cea4d30_0 .net/2u *"_ivl_332", 31 0, L_0x7fe792ab0368;  1 drivers
v0x55ab8cea4dd0_0 .net *"_ivl_334", 0 0, L_0x55ab8cf4f050;  1 drivers
v0x55ab8cea4e70_0 .net *"_ivl_337", 0 0, L_0x55ab8cf4f190;  1 drivers
v0x55ab8cea4f10_0 .net/2u *"_ivl_338", 31 0, L_0x7fe792ab03b0;  1 drivers
v0x55ab8cea4fb0_0 .net *"_ivl_34", 0 0, L_0x55ab8cf49030;  1 drivers
v0x55ab8cea5050_0 .net *"_ivl_340", 31 0, L_0x55ab8cf4ef40;  1 drivers
L_0x7fe792ab03f8 .functor BUFT 1, C4<00000000000000000110000000000011>, C4<0>, C4<0>, C4<0>;
v0x55ab8cea50f0_0 .net/2u *"_ivl_342", 31 0, L_0x7fe792ab03f8;  1 drivers
v0x55ab8cea5190_0 .net *"_ivl_344", 0 0, L_0x55ab8cf4f370;  1 drivers
v0x55ab8cea5230_0 .net *"_ivl_347", 0 0, L_0x55ab8cf4f4b0;  1 drivers
v0x55ab8cea52d0_0 .net/2u *"_ivl_348", 31 0, L_0x7fe792ab0440;  1 drivers
v0x55ab8cea5370_0 .net *"_ivl_350", 31 0, L_0x55ab8cf4f930;  1 drivers
L_0x7fe792ab0488 .functor BUFT 1, C4<00000000000000000000000000100011>, C4<0>, C4<0>, C4<0>;
v0x55ab8cea5410_0 .net/2u *"_ivl_352", 31 0, L_0x7fe792ab0488;  1 drivers
v0x55ab8cea54b0_0 .net *"_ivl_354", 0 0, L_0x55ab8cf4f6b0;  1 drivers
v0x55ab8cea5550_0 .net *"_ivl_357", 0 0, L_0x55ab8cf4f7f0;  1 drivers
v0x55ab8cea55f0_0 .net/2u *"_ivl_358", 31 0, L_0x7fe792ab04d0;  1 drivers
v0x55ab8cea5690_0 .net *"_ivl_360", 31 0, L_0x55ab8cf4f5c0;  1 drivers
L_0x7fe792ab0518 .functor BUFT 1, C4<00000000000000000001000000100011>, C4<0>, C4<0>, C4<0>;
v0x55ab8cea5730_0 .net/2u *"_ivl_362", 31 0, L_0x7fe792ab0518;  1 drivers
v0x55ab8cea57d0_0 .net *"_ivl_364", 0 0, L_0x55ab8cf4f9f0;  1 drivers
v0x55ab8cea5870_0 .net *"_ivl_367", 0 0, L_0x55ab8cf4fb30;  1 drivers
v0x55ab8cea5910_0 .net/2u *"_ivl_368", 31 0, L_0x7fe792ab0560;  1 drivers
v0x55ab8cea59b0_0 .net *"_ivl_37", 0 0, L_0x55ab8cf49170;  1 drivers
v0x55ab8cea5a50_0 .net *"_ivl_370", 31 0, L_0x55ab8cf50000;  1 drivers
L_0x7fe792ab05a8 .functor BUFT 1, C4<00000000000000000010000000100011>, C4<0>, C4<0>, C4<0>;
v0x55ab8cea5af0_0 .net/2u *"_ivl_372", 31 0, L_0x7fe792ab05a8;  1 drivers
v0x55ab8cea5b90_0 .net *"_ivl_374", 0 0, L_0x55ab8cf4fd60;  1 drivers
v0x55ab8cea5c30_0 .net *"_ivl_377", 0 0, L_0x55ab8cf4fea0;  1 drivers
v0x55ab8cea5cd0_0 .net/2u *"_ivl_378", 31 0, L_0x7fe792ab05f0;  1 drivers
v0x55ab8cea5d70_0 .net/2u *"_ivl_38", 31 0, L_0x7fe792aaf2d0;  1 drivers
v0x55ab8cea5e10_0 .net *"_ivl_380", 31 0, L_0x55ab8cf4fbf0;  1 drivers
L_0x7fe792ab0638 .functor BUFT 1, C4<00000000000000000000000001110011>, C4<0>, C4<0>, C4<0>;
v0x55ab8cea5eb0_0 .net/2u *"_ivl_382", 31 0, L_0x7fe792ab0638;  1 drivers
v0x55ab8cea5f50_0 .net *"_ivl_384", 0 0, L_0x55ab8cf4fcb0;  1 drivers
v0x55ab8cea5ff0_0 .net *"_ivl_387", 0 0, L_0x55ab8cf50160;  1 drivers
v0x55ab8cea6090_0 .net/2u *"_ivl_388", 31 0, L_0x7fe792ab0680;  1 drivers
v0x55ab8cea6130_0 .net *"_ivl_390", 31 0, L_0x55ab8cf50270;  1 drivers
L_0x7fe792ab06c8 .functor BUFT 1, C4<00000000000100000000000001110011>, C4<0>, C4<0>, C4<0>;
v0x55ab8cea61d0_0 .net/2u *"_ivl_392", 31 0, L_0x7fe792ab06c8;  1 drivers
v0x55ab8cea6270_0 .net *"_ivl_394", 0 0, L_0x55ab8cf50460;  1 drivers
v0x55ab8cea6310_0 .net *"_ivl_397", 0 0, L_0x55ab8cf505a0;  1 drivers
v0x55ab8cea63b0_0 .net/2u *"_ivl_398", 31 0, L_0x7fe792ab0710;  1 drivers
L_0x7fe792aaf0d8 .functor BUFT 1, C4<00000000000000000111000000010011>, C4<0>, C4<0>, C4<0>;
v0x55ab8cea6450_0 .net/2u *"_ivl_4", 31 0, L_0x7fe792aaf0d8;  1 drivers
v0x55ab8cea64f0_0 .net *"_ivl_40", 31 0, L_0x55ab8cf49280;  1 drivers
v0x55ab8cea6590_0 .net *"_ivl_400", 31 0, L_0x55ab8cf502e0;  1 drivers
L_0x7fe792ab0758 .functor BUFT 1, C4<00000000001000000000000001110011>, C4<0>, C4<0>, C4<0>;
v0x55ab8cea6630_0 .net/2u *"_ivl_402", 31 0, L_0x7fe792ab0758;  1 drivers
v0x55ab8cea66d0_0 .net *"_ivl_404", 0 0, L_0x55ab8cf503a0;  1 drivers
v0x55ab8cea6770_0 .net *"_ivl_407", 0 0, L_0x55ab8cf507c0;  1 drivers
v0x55ab8cea6810_0 .net/2u *"_ivl_408", 31 0, L_0x7fe792ab07a0;  1 drivers
v0x55ab8cea68b0_0 .net *"_ivl_410", 31 0, L_0x55ab8cf508d0;  1 drivers
L_0x7fe792ab07e8 .functor BUFT 1, C4<00000000000000000001000001110011>, C4<0>, C4<0>, C4<0>;
v0x55ab8cea6950_0 .net/2u *"_ivl_412", 31 0, L_0x7fe792ab07e8;  1 drivers
v0x55ab8cea69f0_0 .net *"_ivl_414", 0 0, L_0x55ab8cf50d90;  1 drivers
v0x55ab8cea6a90_0 .net *"_ivl_417", 0 0, L_0x55ab8cf509a0;  1 drivers
v0x55ab8cea6b30_0 .net/2u *"_ivl_418", 31 0, L_0x7fe792ab0830;  1 drivers
L_0x7fe792aaf318 .functor BUFT 1, C4<00000000000000000110000000010011>, C4<0>, C4<0>, C4<0>;
v0x55ab8cea6bd0_0 .net/2u *"_ivl_42", 31 0, L_0x7fe792aaf318;  1 drivers
v0x55ab8cea6c70_0 .net *"_ivl_420", 31 0, L_0x55ab8cf51030;  1 drivers
L_0x7fe792ab0878 .functor BUFT 1, C4<00000000000000000010000001110011>, C4<0>, C4<0>, C4<0>;
v0x55ab8cea6d10_0 .net/2u *"_ivl_422", 31 0, L_0x7fe792ab0878;  1 drivers
v0x55ab8cea6db0_0 .net *"_ivl_424", 0 0, L_0x55ab8cf50ab0;  1 drivers
v0x55ab8cea6e50_0 .net *"_ivl_427", 0 0, L_0x55ab8cf50bf0;  1 drivers
v0x55ab8cea6ef0_0 .net/2u *"_ivl_428", 31 0, L_0x7fe792ab08c0;  1 drivers
v0x55ab8cea6f90_0 .net *"_ivl_430", 31 0, L_0x55ab8cf50d00;  1 drivers
L_0x7fe792ab0908 .functor BUFT 1, C4<00000000000000000011000001110011>, C4<0>, C4<0>, C4<0>;
v0x55ab8cea7030_0 .net/2u *"_ivl_432", 31 0, L_0x7fe792ab0908;  1 drivers
v0x55ab8cea70d0_0 .net *"_ivl_434", 0 0, L_0x55ab8cf510f0;  1 drivers
v0x55ab8cea7170_0 .net *"_ivl_437", 0 0, L_0x55ab8cf50ed0;  1 drivers
v0x55ab8cea7210_0 .net/2u *"_ivl_438", 31 0, L_0x7fe792ab0950;  1 drivers
v0x55ab8cea72b0_0 .net *"_ivl_44", 0 0, L_0x55ab8cf49390;  1 drivers
v0x55ab8cea7350_0 .net *"_ivl_440", 31 0, L_0x55ab8cf516b0;  1 drivers
L_0x7fe792ab0998 .functor BUFT 1, C4<00000000000000000101000001110011>, C4<0>, C4<0>, C4<0>;
v0x55ab8cea73f0_0 .net/2u *"_ivl_442", 31 0, L_0x7fe792ab0998;  1 drivers
v0x55ab8cea7490_0 .net *"_ivl_444", 0 0, L_0x55ab8cf513f0;  1 drivers
v0x55ab8cea7530_0 .net *"_ivl_447", 0 0, L_0x55ab8cf51530;  1 drivers
v0x55ab8cea75d0_0 .net/2u *"_ivl_448", 31 0, L_0x7fe792ab09e0;  1 drivers
v0x55ab8cea7670_0 .net *"_ivl_450", 31 0, L_0x55ab8cf51640;  1 drivers
L_0x7fe792ab0a28 .functor BUFT 1, C4<00000000000000000110000001110011>, C4<0>, C4<0>, C4<0>;
v0x55ab8cea7710_0 .net/2u *"_ivl_452", 31 0, L_0x7fe792ab0a28;  1 drivers
v0x55ab8cea77b0_0 .net *"_ivl_454", 0 0, L_0x55ab8cf51720;  1 drivers
v0x55ab8cea7850_0 .net *"_ivl_457", 0 0, L_0x55ab8cf51230;  1 drivers
v0x55ab8cea78f0_0 .net/2u *"_ivl_458", 31 0, L_0x7fe792ab0a70;  1 drivers
v0x55ab8cea7990_0 .net *"_ivl_460", 31 0, L_0x55ab8cf51d20;  1 drivers
L_0x7fe792ab0ab8 .functor BUFT 1, C4<00000000000000000111000001110011>, C4<0>, C4<0>, C4<0>;
v0x55ab8cea7a30_0 .net/2u *"_ivl_462", 31 0, L_0x7fe792ab0ab8;  1 drivers
v0x55ab8cea7ad0_0 .net *"_ivl_464", 0 0, L_0x55ab8cf51a40;  1 drivers
v0x55ab8cea7b70_0 .net *"_ivl_467", 0 0, L_0x55ab8cf51b80;  1 drivers
v0x55ab8cea7c10_0 .net/2u *"_ivl_468", 31 0, L_0x7fe792ab0b00;  1 drivers
v0x55ab8cea7cb0_0 .net *"_ivl_47", 0 0, L_0x55ab8cf494d0;  1 drivers
v0x55ab8cea7d50_0 .net *"_ivl_470", 31 0, L_0x55ab8cf51c90;  1 drivers
L_0x7fe792ab0b48 .functor BUFT 1, C4<00010000010100000000000001110011>, C4<0>, C4<0>, C4<0>;
v0x55ab8ce9d380_0 .net/2u *"_ivl_472", 31 0, L_0x7fe792ab0b48;  1 drivers
v0x55ab8ce9d460_0 .net *"_ivl_474", 0 0, L_0x55ab8cf51d90;  1 drivers
v0x55ab8ce9d520_0 .net *"_ivl_477", 0 0, L_0x55ab8cf51ed0;  1 drivers
v0x55ab8ce9d5e0_0 .net/2u *"_ivl_478", 31 0, L_0x7fe792ab0b90;  1 drivers
v0x55ab8ce9d6c0_0 .net/2u *"_ivl_48", 31 0, L_0x7fe792aaf360;  1 drivers
v0x55ab8ce9d7a0_0 .net *"_ivl_480", 31 0, L_0x55ab8cf51fe0;  1 drivers
L_0x7fe792ab0bd8 .functor BUFT 1, C4<00000000000000000000000000001111>, C4<0>, C4<0>, C4<0>;
v0x55ab8ce9d880_0 .net/2u *"_ivl_482", 31 0, L_0x7fe792ab0bd8;  1 drivers
v0x55ab8ce9d960_0 .net *"_ivl_484", 0 0, L_0x55ab8cf520d0;  1 drivers
v0x55ab8ce9da20_0 .net *"_ivl_487", 0 0, L_0x55ab8cf52210;  1 drivers
v0x55ab8ce9dae0_0 .net/2u *"_ivl_488", 31 0, L_0x7fe792ab0c20;  1 drivers
v0x55ab8ce9dbc0_0 .net *"_ivl_490", 31 0, L_0x55ab8cf52320;  1 drivers
L_0x7fe792ab0c68 .functor BUFT 1, C4<00000000000000000001000000001111>, C4<0>, C4<0>, C4<0>;
v0x55ab8ce9dca0_0 .net/2u *"_ivl_492", 31 0, L_0x7fe792ab0c68;  1 drivers
v0x55ab8ce9dd80_0 .net *"_ivl_494", 0 0, L_0x55ab8cf52420;  1 drivers
v0x55ab8ce9de40_0 .net *"_ivl_497", 0 0, L_0x55ab8cf51860;  1 drivers
v0x55ab8ce9df00_0 .net/2u *"_ivl_498", 31 0, L_0x7fe792ab0cb0;  1 drivers
v0x55ab8ce9dfe0_0 .net *"_ivl_50", 31 0, L_0x55ab8cf495e0;  1 drivers
v0x55ab8ce9e0c0_0 .net *"_ivl_500", 31 0, L_0x55ab8cf51970;  1 drivers
L_0x7fe792ab0cf8 .functor BUFT 1, C4<00010010000000000000000001110011>, C4<0>, C4<0>, C4<0>;
v0x55ab8ce9e1a0_0 .net/2u *"_ivl_502", 31 0, L_0x7fe792ab0cf8;  1 drivers
v0x55ab8ce9e280_0 .net *"_ivl_504", 0 0, L_0x55ab8cf52780;  1 drivers
v0x55ab8cea9e00_0 .net *"_ivl_507", 0 0, L_0x55ab8cf528c0;  1 drivers
v0x55ab8cea9ea0_0 .net/2u *"_ivl_508", 31 0, L_0x7fe792ab0d40;  1 drivers
v0x55ab8cea9f40_0 .net *"_ivl_510", 31 0, L_0x55ab8cf529d0;  1 drivers
L_0x7fe792ab0d88 .functor BUFT 1, C4<00000010000000000000000000110011>, C4<0>, C4<0>, C4<0>;
v0x55ab8cea9fe0_0 .net/2u *"_ivl_512", 31 0, L_0x7fe792ab0d88;  1 drivers
v0x55ab8ceaa080_0 .net *"_ivl_514", 0 0, L_0x55ab8cf52e30;  1 drivers
v0x55ab8ceaa120_0 .net *"_ivl_517", 0 0, L_0x55ab8cf52f70;  1 drivers
v0x55ab8ceaa1c0_0 .net *"_ivl_519", 0 0, L_0x55ab8cf53030;  1 drivers
L_0x7fe792aaf3a8 .functor BUFT 1, C4<00000000000000000100000000010011>, C4<0>, C4<0>, C4<0>;
v0x55ab8ceaa260_0 .net/2u *"_ivl_52", 31 0, L_0x7fe792aaf3a8;  1 drivers
v0x55ab8ceaa300_0 .net/2u *"_ivl_520", 31 0, L_0x7fe792ab0dd0;  1 drivers
v0x55ab8ceaa3a0_0 .net *"_ivl_522", 31 0, L_0x55ab8cf52af0;  1 drivers
L_0x7fe792ab0e18 .functor BUFT 1, C4<00000010000000000001000000110011>, C4<0>, C4<0>, C4<0>;
v0x55ab8ceaa440_0 .net/2u *"_ivl_524", 31 0, L_0x7fe792ab0e18;  1 drivers
v0x55ab8ceaa4e0_0 .net *"_ivl_526", 0 0, L_0x55ab8cf52bb0;  1 drivers
v0x55ab8ceaa580_0 .net *"_ivl_529", 0 0, L_0x55ab8cf52cf0;  1 drivers
v0x55ab8ceaa620_0 .net *"_ivl_531", 0 0, L_0x55ab8cf52db0;  1 drivers
v0x55ab8ceaa6c0_0 .net/2u *"_ivl_532", 31 0, L_0x7fe792ab0e60;  1 drivers
v0x55ab8ceaa760_0 .net *"_ivl_534", 31 0, L_0x55ab8cf53540;  1 drivers
L_0x7fe792ab0ea8 .functor BUFT 1, C4<00000010000000000010000000110011>, C4<0>, C4<0>, C4<0>;
v0x55ab8ceaa800_0 .net/2u *"_ivl_536", 31 0, L_0x7fe792ab0ea8;  1 drivers
v0x55ab8ceaa8a0_0 .net *"_ivl_538", 0 0, L_0x55ab8cf53140;  1 drivers
v0x55ab8ceaa940_0 .net *"_ivl_54", 0 0, L_0x55ab8cf49700;  1 drivers
v0x55ab8ceaa9e0_0 .net *"_ivl_541", 0 0, L_0x55ab8cf52560;  1 drivers
v0x55ab8ceaaa80_0 .net *"_ivl_543", 0 0, L_0x55ab8cf52620;  1 drivers
v0x55ab8ceaab20_0 .net/2u *"_ivl_544", 31 0, L_0x7fe792ab0ef0;  1 drivers
v0x55ab8ceaabc0_0 .net *"_ivl_546", 31 0, L_0x55ab8cf53980;  1 drivers
L_0x7fe792ab0f38 .functor BUFT 1, C4<00000010000000000011000000110011>, C4<0>, C4<0>, C4<0>;
v0x55ab8ceaac60_0 .net/2u *"_ivl_548", 31 0, L_0x7fe792ab0f38;  1 drivers
v0x55ab8ceaad00_0 .net *"_ivl_550", 0 0, L_0x55ab8cf53a40;  1 drivers
v0x55ab8ceaada0_0 .net *"_ivl_553", 0 0, L_0x55ab8cf53b80;  1 drivers
v0x55ab8ceaae40_0 .net *"_ivl_555", 0 0, L_0x55ab8cf53600;  1 drivers
v0x55ab8ceaaee0_0 .net/2u *"_ivl_556", 31 0, L_0x7fe792ab0f80;  1 drivers
v0x55ab8ceaaf80_0 .net *"_ivl_558", 31 0, L_0x55ab8cf53710;  1 drivers
L_0x7fe792ab0fc8 .functor BUFT 1, C4<00000010000000000100000000110011>, C4<0>, C4<0>, C4<0>;
v0x55ab8ceab020_0 .net/2u *"_ivl_560", 31 0, L_0x7fe792ab0fc8;  1 drivers
v0x55ab8ceab0c0_0 .net *"_ivl_562", 0 0, L_0x55ab8cf537d0;  1 drivers
v0x55ab8ceab160_0 .net *"_ivl_565", 0 0, L_0x55ab8cf53910;  1 drivers
v0x55ab8ceab200_0 .net *"_ivl_567", 0 0, L_0x55ab8cf532d0;  1 drivers
v0x55ab8ceab2a0_0 .net/2u *"_ivl_568", 31 0, L_0x7fe792ab1010;  1 drivers
v0x55ab8ceab340_0 .net *"_ivl_57", 0 0, L_0x55ab8cf497f0;  1 drivers
v0x55ab8ceab3e0_0 .net *"_ivl_570", 31 0, L_0x55ab8cf53c40;  1 drivers
L_0x7fe792ab1058 .functor BUFT 1, C4<00000010000000000101000000110011>, C4<0>, C4<0>, C4<0>;
v0x55ab8ceab480_0 .net/2u *"_ivl_572", 31 0, L_0x7fe792ab1058;  1 drivers
v0x55ab8ceab520_0 .net *"_ivl_574", 0 0, L_0x55ab8cf53d00;  1 drivers
v0x55ab8ceab5c0_0 .net *"_ivl_577", 0 0, L_0x55ab8cf53e40;  1 drivers
v0x55ab8ceab660_0 .net *"_ivl_579", 0 0, L_0x55ab8cf53f00;  1 drivers
v0x55ab8ceab700_0 .net/2u *"_ivl_58", 31 0, L_0x7fe792aaf3f0;  1 drivers
v0x55ab8ceab7a0_0 .net/2u *"_ivl_580", 31 0, L_0x7fe792ab10a0;  1 drivers
v0x55ab8ceab840_0 .net *"_ivl_582", 31 0, L_0x55ab8cf54570;  1 drivers
L_0x7fe792ab10e8 .functor BUFT 1, C4<00000010000000000110000000110011>, C4<0>, C4<0>, C4<0>;
v0x55ab8ceab8e0_0 .net/2u *"_ivl_584", 31 0, L_0x7fe792ab10e8;  1 drivers
v0x55ab8ceab980_0 .net *"_ivl_586", 0 0, L_0x55ab8cf541b0;  1 drivers
v0x55ab8ceaba20_0 .net *"_ivl_589", 0 0, L_0x55ab8cf544d0;  1 drivers
v0x55ab8ceabac0_0 .net *"_ivl_591", 0 0, L_0x55ab8cf49d40;  1 drivers
v0x55ab8ceabb60_0 .net/2u *"_ivl_592", 31 0, L_0x7fe792ab1130;  1 drivers
v0x55ab8ceabc00_0 .net *"_ivl_594", 31 0, L_0x55ab8cf54010;  1 drivers
L_0x7fe792ab1178 .functor BUFT 1, C4<00000010000000000111000000110011>, C4<0>, C4<0>, C4<0>;
v0x55ab8ceabca0_0 .net/2u *"_ivl_596", 31 0, L_0x7fe792ab1178;  1 drivers
v0x55ab8ceabd40_0 .net *"_ivl_598", 0 0, L_0x55ab8cf540d0;  1 drivers
v0x55ab8ceabde0_0 .net *"_ivl_6", 0 0, L_0x55ab8cf48810;  1 drivers
v0x55ab8ceabe80_0 .net *"_ivl_60", 31 0, L_0x55ab8cf49900;  1 drivers
v0x55ab8ceabf20_0 .net *"_ivl_601", 0 0, L_0x55ab8cf55270;  1 drivers
v0x55ab8ceabfc0_0 .net *"_ivl_603", 0 0, L_0x55ab8cf54df0;  1 drivers
v0x55ab8ceac060_0 .net *"_ivl_604", 0 0, L_0x55ab8cf54f00;  1 drivers
v0x55ab8ceac100_0 .net/2u *"_ivl_610", 31 0, L_0x7fe792ab11c0;  1 drivers
v0x55ab8ceac1a0_0 .net *"_ivl_612", 31 0, L_0x55ab8cf55140;  1 drivers
L_0x7fe792ab1208 .functor BUFT 1, C4<00000000000000000000000001100111>, C4<0>, C4<0>, C4<0>;
v0x55ab8ceac240_0 .net/2u *"_ivl_614", 31 0, L_0x7fe792ab1208;  1 drivers
v0x55ab8ceac2e0_0 .net *"_ivl_616", 0 0, L_0x55ab8cf55790;  1 drivers
v0x55ab8ceac380_0 .net/2u *"_ivl_618", 31 0, L_0x7fe792ab1250;  1 drivers
L_0x7fe792aaf438 .functor BUFT 1, C4<00000000000000000001000000010011>, C4<0>, C4<0>, C4<0>;
v0x55ab8ceac420_0 .net/2u *"_ivl_62", 31 0, L_0x7fe792aaf438;  1 drivers
v0x55ab8ceac4c0_0 .net *"_ivl_620", 31 0, L_0x55ab8cf542f0;  1 drivers
L_0x7fe792ab1298 .functor BUFT 1, C4<00000000000000000000000001101111>, C4<0>, C4<0>, C4<0>;
v0x55ab8ceac560_0 .net/2u *"_ivl_622", 31 0, L_0x7fe792ab1298;  1 drivers
v0x55ab8ceac600_0 .net *"_ivl_624", 0 0, L_0x55ab8cf543b0;  1 drivers
v0x55ab8ceac6a0_0 .net *"_ivl_627", 0 0, L_0x55ab8cf55380;  1 drivers
v0x55ab8ceac740_0 .net/2u *"_ivl_628", 31 0, L_0x7fe792ab12e0;  1 drivers
v0x55ab8ceac7e0_0 .net *"_ivl_630", 31 0, L_0x55ab8cf55490;  1 drivers
L_0x7fe792ab1328 .functor BUFT 1, C4<00000000000000000000000000110111>, C4<0>, C4<0>, C4<0>;
v0x55ab8ceac880_0 .net/2u *"_ivl_632", 31 0, L_0x7fe792ab1328;  1 drivers
v0x55ab8ceac920_0 .net *"_ivl_634", 0 0, L_0x55ab8cf55550;  1 drivers
v0x55ab8ceac9c0_0 .net *"_ivl_637", 0 0, L_0x55ab8cf55690;  1 drivers
v0x55ab8ceaca60_0 .net/2u *"_ivl_638", 31 0, L_0x7fe792ab1370;  1 drivers
v0x55ab8ceacb00_0 .net *"_ivl_64", 0 0, L_0x55ab8cf49a30;  1 drivers
v0x55ab8ceacba0_0 .net *"_ivl_640", 31 0, L_0x55ab8cf55970;  1 drivers
L_0x7fe792ab13b8 .functor BUFT 1, C4<00000000000000000000000000010111>, C4<0>, C4<0>, C4<0>;
v0x55ab8ceacc40_0 .net/2u *"_ivl_642", 31 0, L_0x7fe792ab13b8;  1 drivers
v0x55ab8ceacce0_0 .net *"_ivl_644", 0 0, L_0x55ab8cf55a30;  1 drivers
v0x55ab8ceacd80_0 .net *"_ivl_647", 0 0, L_0x55ab8cf55b70;  1 drivers
v0x55ab8ceace20_0 .net/2u *"_ivl_648", 31 0, L_0x7fe792ab1400;  1 drivers
v0x55ab8ceacec0_0 .net *"_ivl_650", 31 0, L_0x55ab8cf55c80;  1 drivers
L_0x7fe792ab1448 .functor BUFT 1, C4<00000000000000000000000000010011>, C4<0>, C4<0>, C4<0>;
v0x55ab8ceacf60_0 .net/2u *"_ivl_652", 31 0, L_0x7fe792ab1448;  1 drivers
v0x55ab8cead000_0 .net *"_ivl_654", 0 0, L_0x55ab8cf55d40;  1 drivers
v0x55ab8cead0a0_0 .net *"_ivl_657", 0 0, L_0x55ab8cf55e80;  1 drivers
v0x55ab8cead140_0 .net/2u *"_ivl_658", 31 0, L_0x7fe792ab1490;  1 drivers
v0x55ab8cead1e0_0 .net *"_ivl_660", 31 0, L_0x55ab8cf55f90;  1 drivers
L_0x7fe792ab14d8 .functor BUFT 1, C4<00000000000000000001000000010011>, C4<0>, C4<0>, C4<0>;
v0x55ab8cead280_0 .net/2u *"_ivl_662", 31 0, L_0x7fe792ab14d8;  1 drivers
v0x55ab8cead320_0 .net *"_ivl_664", 0 0, L_0x55ab8cf56050;  1 drivers
v0x55ab8cead3c0_0 .net *"_ivl_667", 0 0, L_0x55ab8cf56190;  1 drivers
v0x55ab8cead460_0 .net/2u *"_ivl_668", 31 0, L_0x7fe792ab1520;  1 drivers
v0x55ab8cead500_0 .net *"_ivl_67", 0 0, L_0x55ab8cf49b70;  1 drivers
v0x55ab8cead5a0_0 .net *"_ivl_670", 31 0, L_0x55ab8cf562a0;  1 drivers
L_0x7fe792ab1568 .functor BUFT 1, C4<00000000000000000010000000010011>, C4<0>, C4<0>, C4<0>;
v0x55ab8cead640_0 .net/2u *"_ivl_672", 31 0, L_0x7fe792ab1568;  1 drivers
v0x55ab8cead6e0_0 .net *"_ivl_674", 0 0, L_0x55ab8cf56360;  1 drivers
v0x55ab8cead780_0 .net *"_ivl_677", 0 0, L_0x55ab8cf564a0;  1 drivers
v0x55ab8cead820_0 .net/2u *"_ivl_678", 31 0, L_0x7fe792ab15b0;  1 drivers
v0x55ab8cead8c0_0 .net/2u *"_ivl_68", 31 0, L_0x7fe792aaf480;  1 drivers
v0x55ab8cead960_0 .net *"_ivl_680", 31 0, L_0x55ab8cf565b0;  1 drivers
L_0x7fe792ab15f8 .functor BUFT 1, C4<00000000000000000011000000010011>, C4<0>, C4<0>, C4<0>;
v0x55ab8ceada00_0 .net/2u *"_ivl_682", 31 0, L_0x7fe792ab15f8;  1 drivers
v0x55ab8ceadaa0_0 .net *"_ivl_684", 0 0, L_0x55ab8cf56670;  1 drivers
v0x55ab8ceadb40_0 .net *"_ivl_687", 0 0, L_0x55ab8cf567b0;  1 drivers
v0x55ab8ceadbe0_0 .net/2u *"_ivl_688", 31 0, L_0x7fe792ab1640;  1 drivers
v0x55ab8ceadc80_0 .net *"_ivl_690", 31 0, L_0x55ab8cf568c0;  1 drivers
L_0x7fe792ab1688 .functor BUFT 1, C4<00000000000000000100000000010011>, C4<0>, C4<0>, C4<0>;
v0x55ab8ceadd20_0 .net/2u *"_ivl_692", 31 0, L_0x7fe792ab1688;  1 drivers
v0x55ab8ceaddc0_0 .net *"_ivl_694", 0 0, L_0x55ab8cf56980;  1 drivers
v0x55ab8ceade60_0 .net *"_ivl_697", 0 0, L_0x55ab8cf56ac0;  1 drivers
v0x55ab8ceadf00_0 .net/2u *"_ivl_698", 31 0, L_0x7fe792ab16d0;  1 drivers
v0x55ab8ceadfa0_0 .net *"_ivl_70", 31 0, L_0x55ab8cf49c80;  1 drivers
v0x55ab8ceae040_0 .net *"_ivl_700", 31 0, L_0x55ab8cf56bd0;  1 drivers
L_0x7fe792ab1718 .functor BUFT 1, C4<00000000000000000101000000010011>, C4<0>, C4<0>, C4<0>;
v0x55ab8ceae0e0_0 .net/2u *"_ivl_702", 31 0, L_0x7fe792ab1718;  1 drivers
v0x55ab8ceae180_0 .net *"_ivl_704", 0 0, L_0x55ab8cf56c90;  1 drivers
v0x55ab8ceae220_0 .net *"_ivl_707", 0 0, L_0x55ab8cf56dd0;  1 drivers
v0x55ab8ceae2c0_0 .net/2u *"_ivl_708", 31 0, L_0x7fe792ab1760;  1 drivers
v0x55ab8ceae360_0 .net *"_ivl_710", 31 0, L_0x55ab8cf56ee0;  1 drivers
L_0x7fe792ab17a8 .functor BUFT 1, C4<01000000000000000101000000010011>, C4<0>, C4<0>, C4<0>;
v0x55ab8ceae400_0 .net/2u *"_ivl_712", 31 0, L_0x7fe792ab17a8;  1 drivers
v0x55ab8ceae4a0_0 .net *"_ivl_714", 0 0, L_0x55ab8cf56fa0;  1 drivers
v0x55ab8ceae540_0 .net *"_ivl_717", 0 0, L_0x55ab8cf570e0;  1 drivers
v0x55ab8ceae5e0_0 .net/2u *"_ivl_718", 31 0, L_0x7fe792ab17f0;  1 drivers
L_0x7fe792aaf4c8 .functor BUFT 1, C4<00000000000000000101000000010011>, C4<0>, C4<0>, C4<0>;
v0x55ab8ceae680_0 .net/2u *"_ivl_72", 31 0, L_0x7fe792aaf4c8;  1 drivers
v0x55ab8ceae720_0 .net *"_ivl_720", 31 0, L_0x55ab8cf571f0;  1 drivers
L_0x7fe792ab1838 .functor BUFT 1, C4<00000000000000000110000000010011>, C4<0>, C4<0>, C4<0>;
v0x55ab8ceae7c0_0 .net/2u *"_ivl_722", 31 0, L_0x7fe792ab1838;  1 drivers
v0x55ab8ceae860_0 .net *"_ivl_724", 0 0, L_0x55ab8cf572b0;  1 drivers
v0x55ab8ceae900_0 .net *"_ivl_727", 0 0, L_0x55ab8cf573f0;  1 drivers
v0x55ab8ceae9a0_0 .net/2u *"_ivl_728", 31 0, L_0x7fe792ab1880;  1 drivers
v0x55ab8ceaea40_0 .net *"_ivl_730", 31 0, L_0x55ab8cf57500;  1 drivers
L_0x7fe792ab18c8 .functor BUFT 1, C4<00000000000000000111000000010011>, C4<0>, C4<0>, C4<0>;
v0x55ab8ceaeae0_0 .net/2u *"_ivl_732", 31 0, L_0x7fe792ab18c8;  1 drivers
v0x55ab8ceaeb80_0 .net *"_ivl_734", 0 0, L_0x55ab8cf575c0;  1 drivers
v0x55ab8ceaec20_0 .net *"_ivl_737", 0 0, L_0x55ab8cf57950;  1 drivers
v0x55ab8ceaecc0_0 .net/2u *"_ivl_738", 31 0, L_0x7fe792ab1910;  1 drivers
v0x55ab8ceaed60_0 .net *"_ivl_74", 0 0, L_0x55ab8cf49dc0;  1 drivers
v0x55ab8ceaee00_0 .net *"_ivl_740", 31 0, L_0x55ab8cf57a60;  1 drivers
L_0x7fe792ab1958 .functor BUFT 1, C4<00000000000000000000000000110011>, C4<0>, C4<0>, C4<0>;
v0x55ab8ceaeea0_0 .net/2u *"_ivl_742", 31 0, L_0x7fe792ab1958;  1 drivers
v0x55ab8ceaef40_0 .net *"_ivl_744", 0 0, L_0x55ab8cf58070;  1 drivers
v0x55ab8ceaefe0_0 .net *"_ivl_747", 0 0, L_0x55ab8cf58160;  1 drivers
v0x55ab8ceaf080_0 .net/2u *"_ivl_748", 31 0, L_0x7fe792ab19a0;  1 drivers
v0x55ab8ceaf120_0 .net *"_ivl_750", 31 0, L_0x55ab8cf58270;  1 drivers
L_0x7fe792ab19e8 .functor BUFT 1, C4<01000000000000000000000000110011>, C4<0>, C4<0>, C4<0>;
v0x55ab8ceaf1c0_0 .net/2u *"_ivl_752", 31 0, L_0x7fe792ab19e8;  1 drivers
v0x55ab8ceaf260_0 .net *"_ivl_754", 0 0, L_0x55ab8cf57b70;  1 drivers
v0x55ab8ceaf300_0 .net *"_ivl_757", 0 0, L_0x55ab8cf57f10;  1 drivers
v0x55ab8ceaf3a0_0 .net/2u *"_ivl_758", 31 0, L_0x7fe792ab1a30;  1 drivers
v0x55ab8ceaf440_0 .net *"_ivl_760", 31 0, L_0x55ab8cf57700;  1 drivers
L_0x7fe792ab1a78 .functor BUFT 1, C4<00000000000000000001000000110011>, C4<0>, C4<0>, C4<0>;
v0x55ab8ceaf4e0_0 .net/2u *"_ivl_762", 31 0, L_0x7fe792ab1a78;  1 drivers
v0x55ab8ceaf580_0 .net *"_ivl_764", 0 0, L_0x55ab8cf57770;  1 drivers
v0x55ab8ceaf620_0 .net *"_ivl_767", 0 0, L_0x55ab8cf578b0;  1 drivers
v0x55ab8ceaf6c0_0 .net/2u *"_ivl_768", 31 0, L_0x7fe792ab1ac0;  1 drivers
v0x55ab8ceaf760_0 .net *"_ivl_77", 0 0, L_0x55ab8cf499c0;  1 drivers
v0x55ab8ceaf800_0 .net *"_ivl_770", 31 0, L_0x55ab8cf588d0;  1 drivers
L_0x7fe792ab1b08 .functor BUFT 1, C4<00000000000000000010000000110011>, C4<0>, C4<0>, C4<0>;
v0x55ab8ceaf8a0_0 .net/2u *"_ivl_772", 31 0, L_0x7fe792ab1b08;  1 drivers
v0x55ab8ceaf940_0 .net *"_ivl_774", 0 0, L_0x55ab8cf58330;  1 drivers
v0x55ab8ceaf9e0_0 .net *"_ivl_777", 0 0, L_0x55ab8cf586e0;  1 drivers
v0x55ab8ceafa80_0 .net/2u *"_ivl_778", 31 0, L_0x7fe792ab1b50;  1 drivers
v0x55ab8ceafb20_0 .net/2u *"_ivl_78", 31 0, L_0x7fe792aaf510;  1 drivers
v0x55ab8ceafbc0_0 .net *"_ivl_780", 31 0, L_0x55ab8cf57cb0;  1 drivers
L_0x7fe792ab1b98 .functor BUFT 1, C4<00000000000000000011000000110011>, C4<0>, C4<0>, C4<0>;
v0x55ab8ceafc60_0 .net/2u *"_ivl_782", 31 0, L_0x7fe792ab1b98;  1 drivers
v0x55ab8ceafd00_0 .net *"_ivl_784", 0 0, L_0x55ab8cf57d70;  1 drivers
v0x55ab8ceafda0_0 .net *"_ivl_787", 0 0, L_0x55ab8cf58eb0;  1 drivers
v0x55ab8ceafe40_0 .net/2u *"_ivl_788", 31 0, L_0x7fe792ab1be0;  1 drivers
v0x55ab8ceafee0_0 .net *"_ivl_790", 31 0, L_0x55ab8cf58f70;  1 drivers
L_0x7fe792ab1c28 .functor BUFT 1, C4<00000000000000000100000000110011>, C4<0>, C4<0>, C4<0>;
v0x55ab8ceaff80_0 .net/2u *"_ivl_792", 31 0, L_0x7fe792ab1c28;  1 drivers
v0x55ab8ceb0020_0 .net *"_ivl_794", 0 0, L_0x55ab8cf58990;  1 drivers
v0x55ab8ceb00c0_0 .net *"_ivl_797", 0 0, L_0x55ab8cf58d50;  1 drivers
v0x55ab8ceb0160_0 .net/2u *"_ivl_798", 31 0, L_0x7fe792ab1c70;  1 drivers
v0x55ab8ceb0200_0 .net/2u *"_ivl_8", 31 0, L_0x7fe792aaf120;  1 drivers
v0x55ab8ceb02a0_0 .net *"_ivl_80", 31 0, L_0x55ab8cf49ff0;  1 drivers
v0x55ab8ceb0340_0 .net *"_ivl_800", 31 0, L_0x55ab8cf58470;  1 drivers
L_0x7fe792ab1cb8 .functor BUFT 1, C4<00000000000000000101000000110011>, C4<0>, C4<0>, C4<0>;
v0x55ab8ceb03e0_0 .net/2u *"_ivl_802", 31 0, L_0x7fe792ab1cb8;  1 drivers
v0x55ab8ceb0480_0 .net *"_ivl_804", 0 0, L_0x55ab8cf584e0;  1 drivers
v0x55ab8ceb0520_0 .net *"_ivl_807", 0 0, L_0x55ab8cf58620;  1 drivers
v0x55ab8ceb05c0_0 .net/2u *"_ivl_808", 31 0, L_0x7fe792ab1d00;  1 drivers
v0x55ab8ceb0660_0 .net *"_ivl_810", 31 0, L_0x55ab8cf595c0;  1 drivers
L_0x7fe792ab1d48 .functor BUFT 1, C4<01000000000000000101000000110011>, C4<0>, C4<0>, C4<0>;
v0x55ab8ceb0700_0 .net/2u *"_ivl_812", 31 0, L_0x7fe792ab1d48;  1 drivers
v0x55ab8ceb07a0_0 .net *"_ivl_814", 0 0, L_0x55ab8cf59030;  1 drivers
v0x55ab8ceb0840_0 .net *"_ivl_817", 0 0, L_0x55ab8cf59400;  1 drivers
v0x55ab8ceb08e0_0 .net/2u *"_ivl_818", 31 0, L_0x7fe792ab1d90;  1 drivers
L_0x7fe792aaf558 .functor BUFT 1, C4<01000000000000000101000000010011>, C4<0>, C4<0>, C4<0>;
v0x55ab8ceb0980_0 .net/2u *"_ivl_82", 31 0, L_0x7fe792aaf558;  1 drivers
v0x55ab8ceb0a20_0 .net *"_ivl_820", 31 0, L_0x55ab8cf58ad0;  1 drivers
L_0x7fe792ab1dd8 .functor BUFT 1, C4<00000000000000000110000000110011>, C4<0>, C4<0>, C4<0>;
v0x55ab8ceb0ac0_0 .net/2u *"_ivl_822", 31 0, L_0x7fe792ab1dd8;  1 drivers
v0x55ab8ceb0b60_0 .net *"_ivl_824", 0 0, L_0x55ab8cf58b90;  1 drivers
v0x55ab8ceb0c00_0 .net *"_ivl_827", 0 0, L_0x55ab8cf58cd0;  1 drivers
v0x55ab8ceb0ca0_0 .net/2u *"_ivl_828", 31 0, L_0x7fe792ab1e20;  1 drivers
v0x55ab8ceb0d40_0 .net *"_ivl_830", 31 0, L_0x55ab8cf59c30;  1 drivers
L_0x7fe792ab1e68 .functor BUFT 1, C4<00000000000000000111000000110011>, C4<0>, C4<0>, C4<0>;
v0x55ab8ceb0de0_0 .net/2u *"_ivl_832", 31 0, L_0x7fe792ab1e68;  1 drivers
v0x55ab8ceb0e80_0 .net *"_ivl_834", 0 0, L_0x55ab8cf59680;  1 drivers
v0x55ab8ceb0f20_0 .net *"_ivl_837", 0 0, L_0x55ab8cf59a60;  1 drivers
v0x55ab8ceb0fc0_0 .net/2u *"_ivl_838", 31 0, L_0x7fe792ab1eb0;  1 drivers
v0x55ab8ceb1060_0 .net *"_ivl_84", 0 0, L_0x55ab8cf4a0f0;  1 drivers
v0x55ab8ceb1100_0 .net *"_ivl_840", 31 0, L_0x55ab8cf59b70;  1 drivers
L_0x7fe792ab1ef8 .functor BUFT 1, C4<00000000000000000000000000000011>, C4<0>, C4<0>, C4<0>;
v0x55ab8ceb11a0_0 .net/2u *"_ivl_842", 31 0, L_0x7fe792ab1ef8;  1 drivers
v0x55ab8ceb1240_0 .net *"_ivl_844", 0 0, L_0x55ab8cf591c0;  1 drivers
v0x55ab8ceb12e0_0 .net *"_ivl_847", 0 0, L_0x55ab8cf59300;  1 drivers
v0x55ab8ceb1380_0 .net/2u *"_ivl_848", 31 0, L_0x7fe792ab1f40;  1 drivers
v0x55ab8ceb1420_0 .net *"_ivl_850", 31 0, L_0x55ab8cf5a2c0;  1 drivers
L_0x7fe792ab1f88 .functor BUFT 1, C4<00000000000000000001000000000011>, C4<0>, C4<0>, C4<0>;
v0x55ab8ceb14c0_0 .net/2u *"_ivl_852", 31 0, L_0x7fe792ab1f88;  1 drivers
v0x55ab8ceb1560_0 .net *"_ivl_854", 0 0, L_0x55ab8cf59cf0;  1 drivers
v0x55ab8ceb1600_0 .net *"_ivl_857", 0 0, L_0x55ab8cf5a0e0;  1 drivers
v0x55ab8ceb16a0_0 .net/2u *"_ivl_858", 31 0, L_0x7fe792ab1fd0;  1 drivers
v0x55ab8ceb1740_0 .net *"_ivl_860", 31 0, L_0x55ab8cf5a1f0;  1 drivers
L_0x7fe792ab2018 .functor BUFT 1, C4<00000000000000000010000000000011>, C4<0>, C4<0>, C4<0>;
v0x55ab8ceb17e0_0 .net/2u *"_ivl_862", 31 0, L_0x7fe792ab2018;  1 drivers
v0x55ab8ceb1880_0 .net *"_ivl_864", 0 0, L_0x55ab8cf59810;  1 drivers
v0x55ab8ceb1920_0 .net *"_ivl_867", 0 0, L_0x55ab8cf59950;  1 drivers
v0x55ab8ceb19c0_0 .net/2u *"_ivl_868", 31 0, L_0x7fe792ab2060;  1 drivers
v0x55ab8ceb1a60_0 .net *"_ivl_87", 0 0, L_0x55ab8cf4a230;  1 drivers
v0x55ab8ceb1b00_0 .net *"_ivl_870", 31 0, L_0x55ab8cf3f610;  1 drivers
L_0x7fe792ab20a8 .functor BUFT 1, C4<00000000000000000100000000000011>, C4<0>, C4<0>, C4<0>;
v0x55ab8ceb1ba0_0 .net/2u *"_ivl_872", 31 0, L_0x7fe792ab20a8;  1 drivers
v0x55ab8ceb1c40_0 .net *"_ivl_874", 0 0, L_0x55ab8cf5a380;  1 drivers
v0x55ab8ceb1ce0_0 .net *"_ivl_877", 0 0, L_0x55ab8cf5a780;  1 drivers
v0x55ab8ceb1d80_0 .net/2u *"_ivl_878", 31 0, L_0x7fe792ab20f0;  1 drivers
v0x55ab8ceb1e20_0 .net/2u *"_ivl_88", 31 0, L_0x7fe792aaf5a0;  1 drivers
v0x55ab8ceb1ec0_0 .net *"_ivl_880", 31 0, L_0x55ab8cf5a890;  1 drivers
L_0x7fe792ab2138 .functor BUFT 1, C4<00000000000000000101000000000011>, C4<0>, C4<0>, C4<0>;
v0x55ab8ceb1f60_0 .net/2u *"_ivl_882", 31 0, L_0x7fe792ab2138;  1 drivers
v0x55ab8ceb2000_0 .net *"_ivl_884", 0 0, L_0x55ab8cf59e80;  1 drivers
v0x55ab8ceb20a0_0 .net *"_ivl_887", 0 0, L_0x55ab8cf59fc0;  1 drivers
v0x55ab8ceb2140_0 .net/2u *"_ivl_888", 31 0, L_0x7fe792ab2180;  1 drivers
v0x55ab8ceb21e0_0 .net *"_ivl_890", 31 0, L_0x55ab8cf3fc90;  1 drivers
L_0x7fe792ab21c8 .functor BUFT 1, C4<00000000000000000110000000000011>, C4<0>, C4<0>, C4<0>;
v0x55ab8ceb2280_0 .net/2u *"_ivl_892", 31 0, L_0x7fe792ab21c8;  1 drivers
v0x55ab8ceb2320_0 .net *"_ivl_894", 0 0, L_0x55ab8cf40320;  1 drivers
v0x55ab8ceb23c0_0 .net *"_ivl_897", 0 0, L_0x55ab8cf3f9a0;  1 drivers
v0x55ab8ceb2460_0 .net/2u *"_ivl_898", 31 0, L_0x7fe792ab2210;  1 drivers
v0x55ab8ceb2500_0 .net *"_ivl_90", 31 0, L_0x55ab8cf4a340;  1 drivers
v0x55ab8ceb25a0_0 .net *"_ivl_900", 31 0, L_0x55ab8cf3fab0;  1 drivers
L_0x7fe792ab2258 .functor BUFT 1, C4<00000010000000000000000000110011>, C4<0>, C4<0>, C4<0>;
v0x55ab8ceb2640_0 .net/2u *"_ivl_902", 31 0, L_0x7fe792ab2258;  1 drivers
v0x55ab8ceb26e0_0 .net *"_ivl_904", 0 0, L_0x55ab8cf3fb70;  1 drivers
v0x55ab8ceb2780_0 .net *"_ivl_907", 0 0, L_0x55ab8cf404b0;  1 drivers
v0x55ab8ceb2820_0 .net/2u *"_ivl_908", 31 0, L_0x7fe792ab22a0;  1 drivers
v0x55ab8ceb28c0_0 .net *"_ivl_910", 31 0, L_0x55ab8cf5a4c0;  1 drivers
L_0x7fe792ab22e8 .functor BUFT 1, C4<00000010000000000001000000110011>, C4<0>, C4<0>, C4<0>;
v0x55ab8ceb2960_0 .net/2u *"_ivl_912", 31 0, L_0x7fe792ab22e8;  1 drivers
v0x55ab8ceb2a00_0 .net *"_ivl_914", 0 0, L_0x55ab8cf5a580;  1 drivers
v0x55ab8ceb2aa0_0 .net *"_ivl_917", 0 0, L_0x55ab8cf40030;  1 drivers
v0x55ab8ceb2b40_0 .net/2u *"_ivl_918", 31 0, L_0x7fe792ab2330;  1 drivers
L_0x7fe792aaf5e8 .functor BUFT 1, C4<00000000000000000000000000110111>, C4<0>, C4<0>, C4<0>;
v0x55ab8ceb2be0_0 .net/2u *"_ivl_92", 31 0, L_0x7fe792aaf5e8;  1 drivers
v0x55ab8ceb2c80_0 .net *"_ivl_920", 31 0, L_0x55ab8cf40140;  1 drivers
L_0x7fe792ab2378 .functor BUFT 1, C4<00000010000000000010000000110011>, C4<0>, C4<0>, C4<0>;
v0x55ab8ceb2d20_0 .net/2u *"_ivl_922", 31 0, L_0x7fe792ab2378;  1 drivers
v0x55ab8ceb2dc0_0 .net *"_ivl_924", 0 0, L_0x55ab8cf40200;  1 drivers
v0x55ab8ceb2e60_0 .net *"_ivl_927", 0 0, L_0x55ab8cf5a6c0;  1 drivers
v0x55ab8ceb2f00_0 .net/2u *"_ivl_928", 31 0, L_0x7fe792ab23c0;  1 drivers
v0x55ab8ceb2fa0_0 .net *"_ivl_930", 31 0, L_0x55ab8cf3f720;  1 drivers
L_0x7fe792ab2408 .functor BUFT 1, C4<00000010000000000011000000110011>, C4<0>, C4<0>, C4<0>;
v0x55ab8ceb3040_0 .net/2u *"_ivl_932", 31 0, L_0x7fe792ab2408;  1 drivers
v0x55ab8ceb30e0_0 .net *"_ivl_934", 0 0, L_0x55ab8cf3f7e0;  1 drivers
v0x55ab8ceb3180_0 .net *"_ivl_937", 0 0, L_0x55ab8cf3f920;  1 drivers
v0x55ab8ceb3220_0 .net/2u *"_ivl_938", 31 0, L_0x7fe792ab2450;  1 drivers
v0x55ab8ceb32c0_0 .net *"_ivl_94", 0 0, L_0x55ab8cf4a4a0;  1 drivers
v0x55ab8ceb3360_0 .net *"_ivl_940", 31 0, L_0x55ab8cf3fdf0;  1 drivers
L_0x7fe792ab2498 .functor BUFT 1, C4<00000010000000000100000000110011>, C4<0>, C4<0>, C4<0>;
v0x55ab8ceb3400_0 .net/2u *"_ivl_942", 31 0, L_0x7fe792ab2498;  1 drivers
v0x55ab8ceb34a0_0 .net *"_ivl_944", 0 0, L_0x55ab8cf3feb0;  1 drivers
v0x55ab8ceb3540_0 .net *"_ivl_947", 0 0, L_0x55ab8cf5c930;  1 drivers
v0x55ab8ceb35e0_0 .net/2u *"_ivl_948", 31 0, L_0x7fe792ab24e0;  1 drivers
v0x55ab8ceb3680_0 .net *"_ivl_950", 31 0, L_0x55ab8cf5ca40;  1 drivers
L_0x7fe792ab2528 .functor BUFT 1, C4<00000010000000000101000000110011>, C4<0>, C4<0>, C4<0>;
v0x55ab8ceb3720_0 .net/2u *"_ivl_952", 31 0, L_0x7fe792ab2528;  1 drivers
v0x55ab8ceb37c0_0 .net *"_ivl_954", 0 0, L_0x55ab8cf5cb00;  1 drivers
v0x55ab8ceb3860_0 .net *"_ivl_957", 0 0, L_0x55ab8cf5cf40;  1 drivers
v0x55ab8ceb3900_0 .net/2u *"_ivl_958", 31 0, L_0x7fe792ab2570;  1 drivers
v0x55ab8ceb39a0_0 .net *"_ivl_960", 31 0, L_0x55ab8cf5d050;  1 drivers
L_0x7fe792ab25b8 .functor BUFT 1, C4<00000010000000000110000000110011>, C4<0>, C4<0>, C4<0>;
v0x55ab8ceb3a40_0 .net/2u *"_ivl_962", 31 0, L_0x7fe792ab25b8;  1 drivers
v0x55ab8ceb3ae0_0 .net *"_ivl_964", 0 0, L_0x55ab8cf5d110;  1 drivers
v0x55ab8ceb3b80_0 .net *"_ivl_967", 0 0, L_0x55ab8cf5d8c0;  1 drivers
v0x55ab8ceb3c20_0 .net/2u *"_ivl_968", 31 0, L_0x7fe792ab2600;  1 drivers
v0x55ab8ceb3cc0_0 .net *"_ivl_97", 0 0, L_0x55ab8cf4a5f0;  1 drivers
v0x55ab8ceb3d60_0 .net *"_ivl_970", 31 0, L_0x55ab8cf5d9d0;  1 drivers
L_0x7fe792ab2648 .functor BUFT 1, C4<00000010000000000111000000110011>, C4<0>, C4<0>, C4<0>;
v0x55ab8ceb3e00_0 .net/2u *"_ivl_972", 31 0, L_0x7fe792ab2648;  1 drivers
v0x55ab8ceb3ea0_0 .net *"_ivl_974", 0 0, L_0x55ab8cf5d200;  1 drivers
v0x55ab8ceb3f40_0 .net *"_ivl_977", 0 0, L_0x55ab8cf5d650;  1 drivers
v0x55ab8ceb3fe0_0 .net/2u *"_ivl_978", 31 0, L_0x7fe792ab2690;  1 drivers
v0x55ab8ceb4080_0 .net/2u *"_ivl_98", 31 0, L_0x7fe792aaf630;  1 drivers
v0x55ab8ceb4120_0 .net *"_ivl_980", 31 0, L_0x55ab8cf5d760;  1 drivers
L_0x7fe792ab26d8 .functor BUFT 1, C4<00000000000000000001000001110011>, C4<0>, C4<0>, C4<0>;
v0x55ab8ceb41c0_0 .net/2u *"_ivl_982", 31 0, L_0x7fe792ab26d8;  1 drivers
v0x55ab8ceb4260_0 .net *"_ivl_984", 0 0, L_0x55ab8cf5cc40;  1 drivers
v0x55ab8ceb4300_0 .net *"_ivl_987", 0 0, L_0x55ab8cf5cd30;  1 drivers
v0x55ab8ceb43a0_0 .net/2u *"_ivl_988", 31 0, L_0x7fe792ab2720;  1 drivers
v0x55ab8ceb4440_0 .net *"_ivl_990", 31 0, L_0x55ab8cf5ce40;  1 drivers
L_0x7fe792ab2768 .functor BUFT 1, C4<00000000000000000010000001110011>, C4<0>, C4<0>, C4<0>;
v0x55ab8ceb44e0_0 .net/2u *"_ivl_992", 31 0, L_0x7fe792ab2768;  1 drivers
v0x55ab8ceb4580_0 .net *"_ivl_994", 0 0, L_0x55ab8cf5e100;  1 drivers
v0x55ab8ceb4620_0 .net *"_ivl_997", 0 0, L_0x55ab8cf5d340;  1 drivers
v0x55ab8ceb46c0_0 .net/2u *"_ivl_998", 31 0, L_0x7fe792ab27b0;  1 drivers
v0x55ab8ceb4760_0 .net "branch_o", 0 0, L_0x55ab8cf65850;  alias, 1 drivers
v0x55ab8ceb4800_0 .net "csr_o", 0 0, L_0x55ab8cf6a640;  alias, 1 drivers
v0x55ab8ceb48a0_0 .net "div_o", 0 0, L_0x55ab8cf67d20;  alias, 1 drivers
v0x55ab8ceb4940_0 .net "enable_muldiv_i", 0 0, L_0x7fe792ab4b20;  alias, 1 drivers
v0x55ab8ceb49e0_0 .net "exec_o", 0 0, L_0x55ab8cf61b20;  alias, 1 drivers
v0x55ab8ceb4a80_0 .net "fetch_fault_i", 0 0, L_0x55ab8cf6a700;  1 drivers
v0x55ab8ceb4b20_0 .net "invalid_o", 0 0, L_0x55ab8cf55080;  alias, 1 drivers
v0x55ab8ceb4bc0_0 .net "invalid_w", 0 0, L_0x55ab8cf54fc0;  1 drivers
v0x55ab8ceb4c60_0 .net "lsu_o", 0 0, L_0x55ab8cf63ce0;  alias, 1 drivers
v0x55ab8ceb4d00_0 .net "mul_o", 0 0, L_0x55ab8cf66b80;  alias, 1 drivers
v0x55ab8ceb4da0_0 .net "opcode_i", 31 0, L_0x55ab8cf24900;  alias, 1 drivers
v0x55ab8ceb4e40_0 .net "rd_valid_o", 0 0, L_0x55ab8cf5e6a0;  alias, 1 drivers
v0x55ab8ceb4ee0_0 .net "valid_i", 0 0, L_0x55ab8cf23610;  alias, 1 drivers
L_0x55ab8cf48810 .cmp/eq 32, L_0x55ab8cf474a0, L_0x7fe792aaf0d8;
L_0x55ab8cf48a10 .cmp/eq 32, L_0x55ab8cf48950, L_0x7fe792aaf168;
L_0x55ab8cf48d20 .cmp/eq 32, L_0x55ab8cf48c60, L_0x7fe792aaf1f8;
L_0x55ab8cf49030 .cmp/eq 32, L_0x55ab8cf48f70, L_0x7fe792aaf288;
L_0x55ab8cf49390 .cmp/eq 32, L_0x55ab8cf49280, L_0x7fe792aaf318;
L_0x55ab8cf49700 .cmp/eq 32, L_0x55ab8cf495e0, L_0x7fe792aaf3a8;
L_0x55ab8cf49a30 .cmp/eq 32, L_0x55ab8cf49900, L_0x7fe792aaf438;
L_0x55ab8cf49dc0 .cmp/eq 32, L_0x55ab8cf49c80, L_0x7fe792aaf4c8;
L_0x55ab8cf4a0f0 .cmp/eq 32, L_0x55ab8cf49ff0, L_0x7fe792aaf558;
L_0x55ab8cf4a4a0 .cmp/eq 32, L_0x55ab8cf4a340, L_0x7fe792aaf5e8;
L_0x55ab8cf4a400 .cmp/eq 32, L_0x55ab8cf4a6b0, L_0x7fe792aaf678;
L_0x55ab8cf4a770 .cmp/eq 32, L_0x55ab8cf4a9d0, L_0x7fe792aaf708;
L_0x55ab8cf4aa90 .cmp/eq 32, L_0x55ab8cf4ad70, L_0x7fe792aaf798;
L_0x55ab8cf4ae30 .cmp/eq 32, L_0x55ab8cf4b0b0, L_0x7fe792aaf828;
L_0x55ab8cf4b170 .cmp/eq 32, L_0x55ab8cf4b390, L_0x7fe792aaf8b8;
L_0x55ab8cf4b450 .cmp/eq 32, L_0x55ab8cf4b6f0, L_0x7fe792aaf948;
L_0x55ab8cf4b7b0 .cmp/eq 32, L_0x55ab8cf4baa0, L_0x7fe792aaf9d8;
L_0x55ab8cf4bb60 .cmp/eq 32, L_0x55ab8cf4bdd0, L_0x7fe792aafa68;
L_0x55ab8cf4be90 .cmp/eq 32, L_0x55ab8cf4c140, L_0x7fe792aafaf8;
L_0x55ab8cf4c200 .cmp/eq 32, L_0x55ab8cf4c490, L_0x7fe792aafb88;
L_0x55ab8cf4c550 .cmp/eq 32, L_0x55ab8cf4c830, L_0x7fe792aafc18;
L_0x55ab8cf4c8f0 .cmp/eq 32, L_0x55ab8cf4cb50, L_0x7fe792aafca8;
L_0x55ab8cf4cc10 .cmp/eq 32, L_0x55ab8cf4ced0, L_0x7fe792aafd38;
L_0x55ab8cf4cf90 .cmp/eq 32, L_0x55ab8cf4d210, L_0x7fe792aafdc8;
L_0x55ab8cf4d2d0 .cmp/eq 32, L_0x55ab8cf4d570, L_0x7fe792aafe58;
L_0x55ab8cf4d630 .cmp/eq 32, L_0x55ab8cf4d8d0, L_0x7fe792aafee8;
L_0x55ab8cf4d990 .cmp/eq 32, L_0x55ab8cf4dc10, L_0x7fe792aaff78;
L_0x55ab8cf4dc80 .cmp/eq 32, L_0x55ab8cf4def0, L_0x7fe792ab0008;
L_0x55ab8cf4dfb0 .cmp/eq 32, L_0x55ab8cf4e260, L_0x7fe792ab0098;
L_0x55ab8cf4e320 .cmp/eq 32, L_0x55ab8cf4e590, L_0x7fe792ab0128;
L_0x55ab8cf4e650 .cmp/eq 32, L_0x55ab8cf4e930, L_0x7fe792ab01b8;
L_0x55ab8cf4e9a0 .cmp/eq 32, L_0x55ab8cf4ec30, L_0x7fe792ab0248;
L_0x55ab8cf4ecf0 .cmp/eq 32, L_0x55ab8cf4e8a0, L_0x7fe792ab02d8;
L_0x55ab8cf4f050 .cmp/eq 32, L_0x55ab8cf4f2b0, L_0x7fe792ab0368;
L_0x55ab8cf4f370 .cmp/eq 32, L_0x55ab8cf4ef40, L_0x7fe792ab03f8;
L_0x55ab8cf4f6b0 .cmp/eq 32, L_0x55ab8cf4f930, L_0x7fe792ab0488;
L_0x55ab8cf4f9f0 .cmp/eq 32, L_0x55ab8cf4f5c0, L_0x7fe792ab0518;
L_0x55ab8cf4fd60 .cmp/eq 32, L_0x55ab8cf50000, L_0x7fe792ab05a8;
L_0x55ab8cf4fcb0 .cmp/eq 32, L_0x55ab8cf4fbf0, L_0x7fe792ab0638;
L_0x55ab8cf50460 .cmp/eq 32, L_0x55ab8cf50270, L_0x7fe792ab06c8;
L_0x55ab8cf503a0 .cmp/eq 32, L_0x55ab8cf502e0, L_0x7fe792ab0758;
L_0x55ab8cf50d90 .cmp/eq 32, L_0x55ab8cf508d0, L_0x7fe792ab07e8;
L_0x55ab8cf50ab0 .cmp/eq 32, L_0x55ab8cf51030, L_0x7fe792ab0878;
L_0x55ab8cf510f0 .cmp/eq 32, L_0x55ab8cf50d00, L_0x7fe792ab0908;
L_0x55ab8cf513f0 .cmp/eq 32, L_0x55ab8cf516b0, L_0x7fe792ab0998;
L_0x55ab8cf51720 .cmp/eq 32, L_0x55ab8cf51640, L_0x7fe792ab0a28;
L_0x55ab8cf51a40 .cmp/eq 32, L_0x55ab8cf51d20, L_0x7fe792ab0ab8;
L_0x55ab8cf51d90 .cmp/eq 32, L_0x55ab8cf51c90, L_0x7fe792ab0b48;
L_0x55ab8cf520d0 .cmp/eq 32, L_0x55ab8cf51fe0, L_0x7fe792ab0bd8;
L_0x55ab8cf52420 .cmp/eq 32, L_0x55ab8cf52320, L_0x7fe792ab0c68;
L_0x55ab8cf52780 .cmp/eq 32, L_0x55ab8cf51970, L_0x7fe792ab0cf8;
L_0x55ab8cf52e30 .cmp/eq 32, L_0x55ab8cf529d0, L_0x7fe792ab0d88;
L_0x55ab8cf52bb0 .cmp/eq 32, L_0x55ab8cf52af0, L_0x7fe792ab0e18;
L_0x55ab8cf53140 .cmp/eq 32, L_0x55ab8cf53540, L_0x7fe792ab0ea8;
L_0x55ab8cf53a40 .cmp/eq 32, L_0x55ab8cf53980, L_0x7fe792ab0f38;
L_0x55ab8cf537d0 .cmp/eq 32, L_0x55ab8cf53710, L_0x7fe792ab0fc8;
L_0x55ab8cf53d00 .cmp/eq 32, L_0x55ab8cf53c40, L_0x7fe792ab1058;
L_0x55ab8cf541b0 .cmp/eq 32, L_0x55ab8cf54570, L_0x7fe792ab10e8;
L_0x55ab8cf540d0 .cmp/eq 32, L_0x55ab8cf54010, L_0x7fe792ab1178;
L_0x55ab8cf55790 .cmp/eq 32, L_0x55ab8cf55140, L_0x7fe792ab1208;
L_0x55ab8cf543b0 .cmp/eq 32, L_0x55ab8cf542f0, L_0x7fe792ab1298;
L_0x55ab8cf55550 .cmp/eq 32, L_0x55ab8cf55490, L_0x7fe792ab1328;
L_0x55ab8cf55a30 .cmp/eq 32, L_0x55ab8cf55970, L_0x7fe792ab13b8;
L_0x55ab8cf55d40 .cmp/eq 32, L_0x55ab8cf55c80, L_0x7fe792ab1448;
L_0x55ab8cf56050 .cmp/eq 32, L_0x55ab8cf55f90, L_0x7fe792ab14d8;
L_0x55ab8cf56360 .cmp/eq 32, L_0x55ab8cf562a0, L_0x7fe792ab1568;
L_0x55ab8cf56670 .cmp/eq 32, L_0x55ab8cf565b0, L_0x7fe792ab15f8;
L_0x55ab8cf56980 .cmp/eq 32, L_0x55ab8cf568c0, L_0x7fe792ab1688;
L_0x55ab8cf56c90 .cmp/eq 32, L_0x55ab8cf56bd0, L_0x7fe792ab1718;
L_0x55ab8cf56fa0 .cmp/eq 32, L_0x55ab8cf56ee0, L_0x7fe792ab17a8;
L_0x55ab8cf572b0 .cmp/eq 32, L_0x55ab8cf571f0, L_0x7fe792ab1838;
L_0x55ab8cf575c0 .cmp/eq 32, L_0x55ab8cf57500, L_0x7fe792ab18c8;
L_0x55ab8cf58070 .cmp/eq 32, L_0x55ab8cf57a60, L_0x7fe792ab1958;
L_0x55ab8cf57b70 .cmp/eq 32, L_0x55ab8cf58270, L_0x7fe792ab19e8;
L_0x55ab8cf57770 .cmp/eq 32, L_0x55ab8cf57700, L_0x7fe792ab1a78;
L_0x55ab8cf58330 .cmp/eq 32, L_0x55ab8cf588d0, L_0x7fe792ab1b08;
L_0x55ab8cf57d70 .cmp/eq 32, L_0x55ab8cf57cb0, L_0x7fe792ab1b98;
L_0x55ab8cf58990 .cmp/eq 32, L_0x55ab8cf58f70, L_0x7fe792ab1c28;
L_0x55ab8cf584e0 .cmp/eq 32, L_0x55ab8cf58470, L_0x7fe792ab1cb8;
L_0x55ab8cf59030 .cmp/eq 32, L_0x55ab8cf595c0, L_0x7fe792ab1d48;
L_0x55ab8cf58b90 .cmp/eq 32, L_0x55ab8cf58ad0, L_0x7fe792ab1dd8;
L_0x55ab8cf59680 .cmp/eq 32, L_0x55ab8cf59c30, L_0x7fe792ab1e68;
L_0x55ab8cf591c0 .cmp/eq 32, L_0x55ab8cf59b70, L_0x7fe792ab1ef8;
L_0x55ab8cf59cf0 .cmp/eq 32, L_0x55ab8cf5a2c0, L_0x7fe792ab1f88;
L_0x55ab8cf59810 .cmp/eq 32, L_0x55ab8cf5a1f0, L_0x7fe792ab2018;
L_0x55ab8cf5a380 .cmp/eq 32, L_0x55ab8cf3f610, L_0x7fe792ab20a8;
L_0x55ab8cf59e80 .cmp/eq 32, L_0x55ab8cf5a890, L_0x7fe792ab2138;
L_0x55ab8cf40320 .cmp/eq 32, L_0x55ab8cf3fc90, L_0x7fe792ab21c8;
L_0x55ab8cf3fb70 .cmp/eq 32, L_0x55ab8cf3fab0, L_0x7fe792ab2258;
L_0x55ab8cf5a580 .cmp/eq 32, L_0x55ab8cf5a4c0, L_0x7fe792ab22e8;
L_0x55ab8cf40200 .cmp/eq 32, L_0x55ab8cf40140, L_0x7fe792ab2378;
L_0x55ab8cf3f7e0 .cmp/eq 32, L_0x55ab8cf3f720, L_0x7fe792ab2408;
L_0x55ab8cf3feb0 .cmp/eq 32, L_0x55ab8cf3fdf0, L_0x7fe792ab2498;
L_0x55ab8cf5cb00 .cmp/eq 32, L_0x55ab8cf5ca40, L_0x7fe792ab2528;
L_0x55ab8cf5d110 .cmp/eq 32, L_0x55ab8cf5d050, L_0x7fe792ab25b8;
L_0x55ab8cf5d200 .cmp/eq 32, L_0x55ab8cf5d9d0, L_0x7fe792ab2648;
L_0x55ab8cf5cc40 .cmp/eq 32, L_0x55ab8cf5d760, L_0x7fe792ab26d8;
L_0x55ab8cf5e100 .cmp/eq 32, L_0x55ab8cf5ce40, L_0x7fe792ab2768;
L_0x55ab8cf5d510 .cmp/eq 32, L_0x55ab8cf5d450, L_0x7fe792ab27f8;
L_0x55ab8cf5dc60 .cmp/eq 32, L_0x55ab8cf5dba0, L_0x7fe792ab2888;
L_0x55ab8cf5e410 .cmp/eq 32, L_0x55ab8cf5e350, L_0x7fe792ab2918;
L_0x55ab8cf5e560 .cmp/eq 32, L_0x55ab8cf5ed10, L_0x7fe792ab29a8;
L_0x55ab8cf5e870 .cmp/eq 32, L_0x55ab8cf5e7b0, L_0x7fe792ab2a38;
L_0x55ab8cf5ea70 .cmp/eq 32, L_0x55ab8cf5e9b0, L_0x7fe792ab2ac8;
L_0x55ab8cf5df20 .cmp/eq 32, L_0x55ab8cf5de60, L_0x7fe792ab2b58;
L_0x55ab8cf5ef30 .cmp/eq 32, L_0x55ab8cf5ee70, L_0x7fe792ab2be8;
L_0x55ab8cf5f5a0 .cmp/eq 32, L_0x55ab8cf5f4e0, L_0x7fe792ab2c78;
L_0x55ab8cf5f860 .cmp/eq 32, L_0x55ab8cf5f7a0, L_0x7fe792ab2d08;
L_0x55ab8cf5f0c0 .cmp/eq 32, L_0x55ab8cf5fe20, L_0x7fe792ab2d98;
L_0x55ab8cf60640 .cmp/eq 32, L_0x55ab8cf5f310, L_0x7fe792ab2e28;
L_0x55ab8cf5fb70 .cmp/eq 32, L_0x55ab8cf5fab0, L_0x7fe792ab2eb8;
L_0x55ab8cf600f0 .cmp/eq 32, L_0x55ab8cf60030, L_0x7fe792ab2f48;
L_0x55ab8cf60890 .cmp/eq 32, L_0x55ab8cf607d0, L_0x7fe792ab2fd8;
L_0x55ab8cf61320 .cmp/eq 32, L_0x55ab8cf61260, L_0x7fe792ab3068;
L_0x55ab8cf60400 .cmp/eq 32, L_0x55ab8cf60340, L_0x7fe792ab30f8;
L_0x55ab8cf60c40 .cmp/eq 32, L_0x55ab8cf60b80, L_0x7fe792ab3188;
L_0x55ab8cf61520 .cmp/eq 32, L_0x55ab8cf61460, L_0x7fe792ab3218;
L_0x55ab8cf61ff0 .cmp/eq 32, L_0x55ab8cf61770, L_0x7fe792ab32a8;
L_0x55ab8cf60f50 .cmp/eq 32, L_0x55ab8cf60e90, L_0x7fe792ab3338;
L_0x55ab8cf61940 .cmp/eq 32, L_0x55ab8cf61880, L_0x7fe792ab33c8;
L_0x55ab8cf621f0 .cmp/eq 32, L_0x55ab8cf62130, L_0x7fe792ab3458;
L_0x55ab8cf54630 .cmp/eq 32, L_0x55ab8cf62440, L_0x7fe792ab34e8;
L_0x55ab8cf54d20 .cmp/eq 32, L_0x55ab8cf54c60, L_0x7fe792ab3578;
L_0x55ab8cf61cf0 .cmp/eq 32, L_0x55ab8cf61c30, L_0x7fe792ab3608;
L_0x55ab8cf62960 .cmp/eq 32, L_0x55ab8cf628a0, L_0x7fe792ab3698;
L_0x55ab8cf54770 .cmp/eq 32, L_0x55ab8cf62bb0, L_0x7fe792ab3728;
L_0x55ab8cf54a80 .cmp/eq 32, L_0x55ab8cf549c0, L_0x7fe792ab37b8;
L_0x55ab8cf626d0 .cmp/eq 32, L_0x55ab8cf62610, L_0x7fe792ab3848;
L_0x55ab8cf64250 .cmp/eq 32, L_0x55ab8cf64190, L_0x7fe792ab38d8;
L_0x55ab8cf64560 .cmp/eq 32, L_0x55ab8cf644a0, L_0x7fe792ab3968;
L_0x55ab8cf64870 .cmp/eq 32, L_0x55ab8cf647b0, L_0x7fe792ab39f8;
L_0x55ab8cf64b80 .cmp/eq 32, L_0x55ab8cf64ac0, L_0x7fe792ab3a88;
L_0x55ab8cf63eb0 .cmp/eq 32, L_0x55ab8cf63df0, L_0x7fe792ab3b18;
L_0x55ab8cf650f0 .cmp/eq 32, L_0x55ab8cf63ff0, L_0x7fe792ab3ba8;
L_0x55ab8cf65400 .cmp/eq 32, L_0x55ab8cf65340, L_0x7fe792ab3c38;
L_0x55ab8cf65710 .cmp/eq 32, L_0x55ab8cf65650, L_0x7fe792ab3cc8;
L_0x55ab8cf64e90 .cmp/eq 32, L_0x55ab8cf64dd0, L_0x7fe792ab3d58;
L_0x55ab8cf65d60 .cmp/eq 32, L_0x55ab8cf65ca0, L_0x7fe792ab3de8;
L_0x55ab8cf66070 .cmp/eq 32, L_0x55ab8cf65fb0, L_0x7fe792ab3e78;
L_0x55ab8cf66380 .cmp/eq 32, L_0x55ab8cf662c0, L_0x7fe792ab3f08;
L_0x55ab8cf65a20 .cmp/eq 32, L_0x55ab8cf65960, L_0x7fe792ab3f98;
L_0x55ab8cf66930 .cmp/eq 32, L_0x55ab8cf65b60, L_0x7fe792ab4028;
L_0x55ab8cf66510 .cmp/eq 32, L_0x55ab8cf66ef0, L_0x7fe792ab40b8;
L_0x55ab8cf66820 .cmp/eq 32, L_0x55ab8cf66760, L_0x7fe792ab4148;
L_0x55ab8cf66d00 .cmp/eq 32, L_0x55ab8cf66c40, L_0x7fe792ab41d8;
L_0x55ab8cf66fb0 .cmp/eq 32, L_0x55ab8cf66e40, L_0x7fe792ab4268;
L_0x55ab8cf67760 .cmp/eq 32, L_0x55ab8cf676a0, L_0x7fe792ab42f8;
L_0x55ab8cf67ad0 .cmp/eq 32, L_0x55ab8cf67a10, L_0x7fe792ab4388;
L_0x55ab8cf67200 .cmp/eq 32, L_0x55ab8cf67140, L_0x7fe792ab4418;
L_0x55ab8cf67400 .cmp/eq 32, L_0x55ab8cf67340, L_0x7fe792ab44a8;
L_0x55ab8cf683d0 .cmp/eq 32, L_0x55ab8cf68310, L_0x7fe792ab4538;
L_0x55ab8cf686e0 .cmp/eq 32, L_0x55ab8cf68620, L_0x7fe792ab45c8;
L_0x55ab8cf689f0 .cmp/eq 32, L_0x55ab8cf68930, L_0x7fe792ab4658;
L_0x55ab8cf68d00 .cmp/eq 32, L_0x55ab8cf68c40, L_0x7fe792ab46e8;
L_0x55ab8cf67f60 .cmp/eq 32, L_0x55ab8cf67ea0, L_0x7fe792ab4778;
L_0x55ab8cf69370 .cmp/eq 32, L_0x55ab8cf681b0, L_0x7fe792ab4808;
L_0x55ab8cf68fa0 .cmp/eq 32, L_0x55ab8cf68ee0, L_0x7fe792ab4898;
L_0x55ab8cf6a440 .cmp/eq 32, L_0x55ab8cf691f0, L_0x7fe792ab4928;
L_0x55ab8cf69680 .cmp/eq 32, L_0x55ab8cf695c0, L_0x7fe792ab49b8;
L_0x55ab8cf69a10 .cmp/eq 32, L_0x55ab8cf698d0, L_0x7fe792ab4a48;
L_0x55ab8cf6a230 .cmp/eq 32, L_0x55ab8cf6a170, L_0x7fe792ab4ad8;
S_0x55ab8ceb4f80 .scope module, "u_fifo" "fetch_fifo" 14 209, 14 279 0, S_0x55ab8cd67e70;
 .timescale 0 0;
    .port_info 0 /INPUT 1 "clk_i";
    .port_info 1 /INPUT 1 "rst_i";
    .port_info 2 /INPUT 1 "flush_i";
    .port_info 3 /INPUT 1 "push_i";
    .port_info 4 /INPUT 32 "pc_in_i";
    .port_info 5 /INPUT 2 "pred_in_i";
    .port_info 6 /INPUT 64 "data_in_i";
    .port_info 7 /INPUT 2 "info0_in_i";
    .port_info 8 /INPUT 2 "info1_in_i";
    .port_info 9 /OUTPUT 1 "accept_o";
    .port_info 10 /OUTPUT 1 "valid0_o";
    .port_info 11 /OUTPUT 32 "pc0_out_o";
    .port_info 12 /OUTPUT 32 "data0_out_o";
    .port_info 13 /OUTPUT 2 "info0_out_o";
    .port_info 14 /INPUT 1 "pop0_i";
    .port_info 15 /OUTPUT 1 "valid1_o";
    .port_info 16 /OUTPUT 32 "pc1_out_o";
    .port_info 17 /OUTPUT 32 "data1_out_o";
    .port_info 18 /OUTPUT 2 "info1_out_o";
    .port_info 19 /INPUT 1 "pop1_i";
P_0x55ab8cab91e0 .param/l "ADDR_W" 0 14 286, +C4<00000000000000000000000000000001>;
P_0x55ab8cab9220 .param/l "COUNT_W" 1 14 324, +C4<000000000000000000000000000000010>;
P_0x55ab8cab9260 .param/l "DEPTH" 0 14 285, +C4<00000000000000000000000000000010>;
P_0x55ab8cab92a0 .param/l "OPC_INFO_W" 0 14 287, +C4<00000000000000000000000000000010>;
P_0x55ab8cab92e0 .param/l "WIDTH" 0 14 284, +C4<00000000000000000000000001000000>;
L_0x55ab8c9bec50 .functor AND 1, L_0x55ab8cf6c5c0, L_0x55ab8cf23880, C4<1>, C4<1>;
L_0x55ab8cf22530 .functor AND 1, L_0x55ab8cf8e390, L_0x55ab8cf23050, C4<1>, C4<1>;
L_0x55ab8cf225a0 .functor AND 1, L_0x55ab8cf8e680, L_0x55ab8cf23610, C4<1>, C4<1>;
L_0x55ab8cf22610 .functor NOT 1, L_0x55ab8cf23610, C4<0>, C4<0>, C4<0>;
L_0x55ab8cf22680 .functor AND 1, L_0x55ab8cf22530, L_0x55ab8cf22610, C4<1>, C4<1>;
L_0x55ab8cf22740 .functor NOT 1, L_0x55ab8cf23050, C4<0>, C4<0>, C4<0>;
L_0x55ab8cf227f0 .functor AND 1, L_0x55ab8cf225a0, L_0x55ab8cf22740, C4<1>, C4<1>;
L_0x55ab8cf22900 .functor OR 1, L_0x55ab8cf22680, L_0x55ab8cf227f0, C4<0>, C4<0>;
L_0x55ab8cf22a60 .functor AND 1, L_0x55ab8cf22530, L_0x55ab8cf225a0, C4<1>, C4<1>;
L_0x55ab8cf22ad0 .functor OR 1, L_0x55ab8cf22900, L_0x55ab8cf22a60, C4<0>, C4<0>;
L_0x55ab8cf23050 .functor AND 1, L_0x55ab8cf22d30, L_0x55ab8cf22e70, C4<1>, C4<1>;
L_0x55ab8cf23610 .functor AND 1, L_0x55ab8cf232a0, L_0x55ab8cf23390, C4<1>, C4<1>;
L_0x55ab8cf23b00 .functor BUFZ 2, L_0x55ab8cf247a0, C4<00>, C4<00>, C4<00>;
L_0x55ab8cf24c00 .functor BUFZ 2, L_0x55ab8cf24c90, C4<00>, C4<00>, C4<00>;
v0x55ab8ceb5110_0 .net *"_ivl_10", 0 0, L_0x55ab8cf22740;  1 drivers
v0x55ab8ceb51b0_0 .net *"_ivl_100", 1 0, L_0x55ab8cf247a0;  1 drivers
v0x55ab8ceb5250_0 .net *"_ivl_102", 2 0, L_0x55ab8cf24ac0;  1 drivers
L_0x7fe792aa9528 .functor BUFT 1, C4<00>, C4<0>, C4<0>, C4<0>;
v0x55ab8ceb52f0_0 .net *"_ivl_105", 1 0, L_0x7fe792aa9528;  1 drivers
v0x55ab8ceb5390_0 .net *"_ivl_108", 1 0, L_0x55ab8cf24c90;  1 drivers
v0x55ab8ceb5430_0 .net *"_ivl_110", 2 0, L_0x55ab8cf24d30;  1 drivers
L_0x7fe792aa9570 .functor BUFT 1, C4<00>, C4<0>, C4<0>, C4<0>;
v0x55ab8ceb54d0_0 .net *"_ivl_113", 1 0, L_0x7fe792aa9570;  1 drivers
v0x55ab8ceb5570_0 .net *"_ivl_13", 0 0, L_0x55ab8cf227f0;  1 drivers
v0x55ab8ceb5610_0 .net *"_ivl_15", 0 0, L_0x55ab8cf22900;  1 drivers
v0x55ab8ceb56b0_0 .net *"_ivl_17", 0 0, L_0x55ab8cf22a60;  1 drivers
v0x55ab8ceb5750_0 .net *"_ivl_20", 31 0, L_0x55ab8cf22c40;  1 drivers
L_0x7fe792aa9138 .functor BUFT 1, C4<000000000000000000000000000000>, C4<0>, C4<0>, C4<0>;
v0x55ab8ceb57f0_0 .net *"_ivl_23", 29 0, L_0x7fe792aa9138;  1 drivers
L_0x7fe792aa9180 .functor BUFT 1, C4<00000000000000000000000000000000>, C4<0>, C4<0>, C4<0>;
v0x55ab8ceb5890_0 .net/2u *"_ivl_24", 31 0, L_0x7fe792aa9180;  1 drivers
v0x55ab8ceb5930_0 .net *"_ivl_26", 0 0, L_0x55ab8cf22d30;  1 drivers
v0x55ab8ceb59d0_0 .net *"_ivl_28", 0 0, L_0x55ab8cf22e70;  1 drivers
v0x55ab8ceb5a70_0 .net *"_ivl_30", 2 0, L_0x55ab8cf22f10;  1 drivers
L_0x7fe792aa91c8 .functor BUFT 1, C4<00>, C4<0>, C4<0>, C4<0>;
v0x55ab8ceb5b10_0 .net *"_ivl_33", 1 0, L_0x7fe792aa91c8;  1 drivers
v0x55ab8ceb5bb0_0 .net *"_ivl_36", 31 0, L_0x55ab8cf23160;  1 drivers
L_0x7fe792aa9210 .functor BUFT 1, C4<000000000000000000000000000000>, C4<0>, C4<0>, C4<0>;
v0x55ab8ceb5c50_0 .net *"_ivl_39", 29 0, L_0x7fe792aa9210;  1 drivers
L_0x7fe792aa9258 .functor BUFT 1, C4<00000000000000000000000000000000>, C4<0>, C4<0>, C4<0>;
v0x55ab8ceb5cf0_0 .net/2u *"_ivl_40", 31 0, L_0x7fe792aa9258;  1 drivers
v0x55ab8ceb5d90_0 .net *"_ivl_42", 0 0, L_0x55ab8cf232a0;  1 drivers
v0x55ab8ceb5e30_0 .net *"_ivl_44", 0 0, L_0x55ab8cf23390;  1 drivers
v0x55ab8ceb5ed0_0 .net *"_ivl_46", 2 0, L_0x55ab8cf23430;  1 drivers
L_0x7fe792aa92a0 .functor BUFT 1, C4<00>, C4<0>, C4<0>, C4<0>;
v0x55ab8ceb5f70_0 .net *"_ivl_49", 1 0, L_0x7fe792aa92a0;  1 drivers
v0x55ab8ceb6010_0 .net *"_ivl_52", 31 0, L_0x55ab8cf23790;  1 drivers
L_0x7fe792aa92e8 .functor BUFT 1, C4<000000000000000000000000000000>, C4<0>, C4<0>, C4<0>;
v0x55ab8ceb60b0_0 .net *"_ivl_55", 29 0, L_0x7fe792aa92e8;  1 drivers
L_0x7fe792aa9330 .functor BUFT 1, C4<00000000000000000000000000000010>, C4<0>, C4<0>, C4<0>;
v0x55ab8ceb6150_0 .net/2u *"_ivl_56", 31 0, L_0x7fe792aa9330;  1 drivers
v0x55ab8ceb61f0_0 .net *"_ivl_6", 0 0, L_0x55ab8cf22610;  1 drivers
v0x55ab8ceb6290_0 .net *"_ivl_60", 31 0, L_0x55ab8cf239c0;  1 drivers
v0x55ab8ceb6330_0 .net *"_ivl_62", 2 0, L_0x55ab8cf23a60;  1 drivers
L_0x7fe792aa9378 .functor BUFT 1, C4<00>, C4<0>, C4<0>, C4<0>;
v0x55ab8ceb63d0_0 .net *"_ivl_65", 1 0, L_0x7fe792aa9378;  1 drivers
v0x55ab8ceb6470_0 .net *"_ivl_67", 28 0, L_0x55ab8cf23bc0;  1 drivers
L_0x7fe792aa93c0 .functor BUFT 1, C4<000>, C4<0>, C4<0>, C4<0>;
v0x55ab8ceb6510_0 .net/2u *"_ivl_68", 2 0, L_0x7fe792aa93c0;  1 drivers
v0x55ab8ceb65b0_0 .net *"_ivl_72", 31 0, L_0x55ab8cf23e70;  1 drivers
v0x55ab8ceb6650_0 .net *"_ivl_74", 2 0, L_0x55ab8cf23f10;  1 drivers
L_0x7fe792aa9408 .functor BUFT 1, C4<00>, C4<0>, C4<0>, C4<0>;
v0x55ab8ceb66f0_0 .net *"_ivl_77", 1 0, L_0x7fe792aa9408;  1 drivers
v0x55ab8ceb6790_0 .net *"_ivl_79", 28 0, L_0x55ab8cf24090;  1 drivers
L_0x7fe792aa9450 .functor BUFT 1, C4<100>, C4<0>, C4<0>, C4<0>;
v0x55ab8ceb6830_0 .net/2u *"_ivl_80", 2 0, L_0x7fe792aa9450;  1 drivers
v0x55ab8ceb68d0_0 .net *"_ivl_84", 63 0, L_0x55ab8cf24360;  1 drivers
v0x55ab8ceb6970_0 .net *"_ivl_86", 2 0, L_0x55ab8cf24400;  1 drivers
L_0x7fe792aa9498 .functor BUFT 1, C4<00>, C4<0>, C4<0>, C4<0>;
v0x55ab8ceb6a10_0 .net *"_ivl_89", 1 0, L_0x7fe792aa9498;  1 drivers
v0x55ab8ceb6ab0_0 .net *"_ivl_9", 0 0, L_0x55ab8cf22680;  1 drivers
v0x55ab8ceb6b50_0 .net *"_ivl_92", 63 0, L_0x55ab8cf24700;  1 drivers
v0x55ab8ceb6bf0_0 .net *"_ivl_94", 2 0, L_0x55ab8cf244a0;  1 drivers
L_0x7fe792aa94e0 .functor BUFT 1, C4<00>, C4<0>, C4<0>, C4<0>;
v0x55ab8ceb6c90_0 .net *"_ivl_97", 1 0, L_0x7fe792aa94e0;  1 drivers
v0x55ab8ceb6d30_0 .net "accept_o", 0 0, L_0x55ab8cf23880;  alias, 1 drivers
v0x55ab8ceb6dd0_0 .net "clk_i", 0 0, v0x55ab8cf10ee0_0;  alias, 1 drivers
v0x55ab8ceb6e70_0 .var "count_q", 1 0;
v0x55ab8ceb6f10_0 .net "data0_out_o", 31 0, L_0x55ab8cf24660;  alias, 1 drivers
v0x55ab8ceb6fb0_0 .net "data1_out_o", 31 0, L_0x55ab8cf24900;  alias, 1 drivers
v0x55ab8ceb7050_0 .net "data_in_i", 63 0, L_0x55ab8cf250c0;  1 drivers
v0x55ab8ceb70f0_0 .net "flush_i", 0 0, L_0x55ab8cf81050;  alias, 1 drivers
v0x55ab8ceb7190_0 .var/i "i", 31 0;
v0x55ab8ceb7230_0 .net "info0_in_i", 1 0, L_0x55ab8cf25200;  1 drivers
v0x55ab8ceb72d0_0 .net "info0_out_o", 1 0, L_0x55ab8cf23b00;  1 drivers
v0x55ab8ceb7370 .array "info0_q", 0 1, 1 0;
v0x55ab8ceb7410_0 .net "info1_in_i", 1 0, L_0x55ab8cf252a0;  1 drivers
v0x55ab8ceb74b0_0 .net "info1_out_o", 1 0, L_0x55ab8cf24c00;  1 drivers
v0x55ab8ceb7550 .array "info1_q", 0 1, 1 0;
v0x55ab8ceb75f0_0 .net "pc0_out_o", 31 0, L_0x55ab8cf23cb0;  alias, 1 drivers
v0x55ab8ceb7690_0 .net "pc1_out_o", 31 0, L_0x55ab8cf24180;  alias, 1 drivers
v0x55ab8ceb7730_0 .net "pc_in_i", 31 0, L_0x55ab8cf6c960;  alias, 1 drivers
v0x55ab8ceb77d0 .array "pc_q", 0 1, 31 0;
v0x55ab8ceb7870_0 .net "pop0_i", 0 0, L_0x55ab8cf8e390;  alias, 1 drivers
v0x55ab8ceb7910_0 .net "pop1_i", 0 0, L_0x55ab8cf8e680;  alias, 1 drivers
v0x55ab8ceb79b0_0 .net "pop1_w", 0 0, L_0x55ab8cf22530;  1 drivers
v0x55ab8ceb7a50_0 .net "pop2_w", 0 0, L_0x55ab8cf225a0;  1 drivers
v0x55ab8ceb7af0_0 .net "pop_complete_w", 0 0, L_0x55ab8cf22ad0;  1 drivers
v0x55ab8ceb7b90_0 .net "pred_in_i", 1 0, L_0x55ab8cf6cf20;  alias, 1 drivers
v0x55ab8ceb7c30_0 .net "push_i", 0 0, L_0x55ab8cf6c5c0;  alias, 1 drivers
v0x55ab8ceb7cd0_0 .net "push_w", 0 0, L_0x55ab8c9bec50;  1 drivers
v0x55ab8ceb7d70 .array "ram_q", 0 1, 63 0;
v0x55ab8ceb7e10_0 .var "rd_ptr_q", 0 0;
v0x55ab8ceb7eb0_0 .net "rst_i", 0 0, v0x55ab8cf12130_0;  alias, 1 drivers
v0x55ab8ceb7f50_0 .net "valid0_o", 0 0, L_0x55ab8cf23050;  alias, 1 drivers
v0x55ab8ceb7ff0 .array "valid0_q", 0 1, 0 0;
v0x55ab8ceb8090_0 .net "valid1_o", 0 0, L_0x55ab8cf23610;  alias, 1 drivers
v0x55ab8ceb8130 .array "valid1_q", 0 1, 0 0;
v0x55ab8ceb81d0_0 .var "wr_ptr_q", 0 0;
L_0x55ab8cf22c40 .concat [ 2 30 0 0], v0x55ab8ceb6e70_0, L_0x7fe792aa9138;
L_0x55ab8cf22d30 .cmp/ne 32, L_0x55ab8cf22c40, L_0x7fe792aa9180;
L_0x55ab8cf22e70 .array/port v0x55ab8ceb7ff0, L_0x55ab8cf22f10;
L_0x55ab8cf22f10 .concat [ 1 2 0 0], v0x55ab8ceb7e10_0, L_0x7fe792aa91c8;
L_0x55ab8cf23160 .concat [ 2 30 0 0], v0x55ab8ceb6e70_0, L_0x7fe792aa9210;
L_0x55ab8cf232a0 .cmp/ne 32, L_0x55ab8cf23160, L_0x7fe792aa9258;
L_0x55ab8cf23390 .array/port v0x55ab8ceb8130, L_0x55ab8cf23430;
L_0x55ab8cf23430 .concat [ 1 2 0 0], v0x55ab8ceb7e10_0, L_0x7fe792aa92a0;
L_0x55ab8cf23790 .concat [ 2 30 0 0], v0x55ab8ceb6e70_0, L_0x7fe792aa92e8;
L_0x55ab8cf23880 .cmp/ne 32, L_0x55ab8cf23790, L_0x7fe792aa9330;
L_0x55ab8cf239c0 .array/port v0x55ab8ceb77d0, L_0x55ab8cf23a60;
L_0x55ab8cf23a60 .concat [ 1 2 0 0], v0x55ab8ceb7e10_0, L_0x7fe792aa9378;
L_0x55ab8cf23bc0 .part L_0x55ab8cf239c0, 3, 29;
L_0x55ab8cf23cb0 .concat [ 3 29 0 0], L_0x7fe792aa93c0, L_0x55ab8cf23bc0;
L_0x55ab8cf23e70 .array/port v0x55ab8ceb77d0, L_0x55ab8cf23f10;
L_0x55ab8cf23f10 .concat [ 1 2 0 0], v0x55ab8ceb7e10_0, L_0x7fe792aa9408;
L_0x55ab8cf24090 .part L_0x55ab8cf23e70, 3, 29;
L_0x55ab8cf24180 .concat [ 3 29 0 0], L_0x7fe792aa9450, L_0x55ab8cf24090;
L_0x55ab8cf24360 .array/port v0x55ab8ceb7d70, L_0x55ab8cf24400;
L_0x55ab8cf24400 .concat [ 1 2 0 0], v0x55ab8ceb7e10_0, L_0x7fe792aa9498;
L_0x55ab8cf24660 .part L_0x55ab8cf24360, 0, 32;
L_0x55ab8cf24700 .array/port v0x55ab8ceb7d70, L_0x55ab8cf244a0;
L_0x55ab8cf244a0 .concat [ 1 2 0 0], v0x55ab8ceb7e10_0, L_0x7fe792aa94e0;
L_0x55ab8cf24900 .part L_0x55ab8cf24700, 32, 32;
L_0x55ab8cf247a0 .array/port v0x55ab8ceb7370, L_0x55ab8cf24ac0;
L_0x55ab8cf24ac0 .concat [ 1 2 0 0], v0x55ab8ceb7e10_0, L_0x7fe792aa9528;
L_0x55ab8cf24c90 .array/port v0x55ab8ceb7550, L_0x55ab8cf24d30;
L_0x55ab8cf24d30 .concat [ 1 2 0 0], v0x55ab8ceb7e10_0, L_0x7fe792aa9570;
S_0x55ab8ceb9f50 .scope module, "u_fetch" "biriscv_fetch" 13 212, 16 26 0, S_0x55ab8cd63840;
 .timescale 0 0;
    .port_info 0 /INPUT 1 "clk_i";
    .port_info 1 /INPUT 1 "rst_i";
    .port_info 2 /INPUT 1 "fetch_accept_i";
    .port_info 3 /INPUT 1 "icache_accept_i";
    .port_info 4 /INPUT 1 "icache_valid_i";
    .port_info 5 /INPUT 1 "icache_error_i";
    .port_info 6 /INPUT 64 "icache_inst_i";
    .port_info 7 /INPUT 1 "icache_page_fault_i";
    .port_info 8 /INPUT 1 "fetch_invalidate_i";
    .port_info 9 /INPUT 1 "branch_request_i";
    .port_info 10 /INPUT 32 "branch_pc_i";
    .port_info 11 /INPUT 2 "branch_priv_i";
    .port_info 12 /INPUT 32 "next_pc_f_i";
    .port_info 13 /INPUT 2 "next_taken_f_i";
    .port_info 14 /OUTPUT 1 "fetch_valid_o";
    .port_info 15 /OUTPUT 64 "fetch_instr_o";
    .port_info 16 /OUTPUT 2 "fetch_pred_branch_o";
    .port_info 17 /OUTPUT 1 "fetch_fault_fetch_o";
    .port_info 18 /OUTPUT 1 "fetch_fault_page_o";
    .port_info 19 /OUTPUT 32 "fetch_pc_o";
    .port_info 20 /OUTPUT 1 "icache_rd_o";
    .port_info 21 /OUTPUT 1 "icache_flush_o";
    .port_info 22 /OUTPUT 1 "icache_invalidate_o";
    .port_info 23 /OUTPUT 32 "icache_pc_o";
    .port_info 24 /OUTPUT 2 "icache_priv_o";
    .port_info 25 /OUTPUT 32 "pc_f_o";
    .port_info 26 /OUTPUT 1 "pc_accept_o";
P_0x55ab8c693b10 .param/l "SUPPORT_MMU" 0 16 31, +C4<00000000000000000000000000000000>;
L_0x55ab8cf6b8f0 .functor OR 1, L_0x55ab8cf6b850, L_0x55ab8cf6c3f0, C4<0>, C4<0>;
L_0x55ab8cf6ba50 .functor OR 1, L_0x55ab8cf6b8f0, L_0x55ab8cf6b9b0, C4<0>, C4<0>;
L_0x55ab8cf6bb10 .functor AND 1, v0x55ab8cebb530_0, L_0x55ab8cf23880, C4<1>, C4<1>;
L_0x55ab8cf6bc70 .functor AND 1, L_0x55ab8cf6bb10, L_0x55ab8cf6bb80, C4<1>, C4<1>;
L_0x7fe792ab4bb0 .functor BUFT 1, C4<11>, C4<0>, C4<0>, C4<0>;
L_0x55ab8cf6bfa0 .functor BUFZ 2, L_0x7fe792ab4bb0, C4<00>, C4<00>, C4<00>;
L_0x55ab8cf6c0a0 .functor OR 1, v0x55ab8cdb8060_0, v0x55ab8cebc780_0, C4<0>, C4<0>;
L_0x55ab8cf6c3f0 .functor AND 1, v0x55ab8cebc500_0, L_0x55ab8cf6c2c0, C4<1>, C4<1>;
L_0x55ab8cf6c460 .functor OR 1, L_0x55ab8cf6dbb0, v0x55ab8cebd220_0, C4<0>, C4<0>;
L_0x55ab8cf6c5c0 .functor AND 1, L_0x55ab8cf6c460, L_0x55ab8cf6c520, C4<1>, C4<1>;
L_0x55ab8cf6cbd0 .functor BUFZ 32, L_0x55ab8cf6b6a0, C4<00000000000000000000000000000000>, C4<00000000000000000000000000000000>, C4<00000000000000000000000000000000>;
L_0x55ab8cf6d640 .functor NOT 1, L_0x55ab8cf6ba50, C4<0>, C4<0>, C4<0>;
v0x55ab8ceba9f0_0 .net *"_ivl_1", 0 0, L_0x55ab8cf6b850;  1 drivers
v0x55ab8cebaa90_0 .net *"_ivl_11", 0 0, L_0x55ab8cf6bb80;  1 drivers
v0x55ab8cebab30_0 .net *"_ivl_15", 28 0, L_0x55ab8cf6bd30;  1 drivers
L_0x7fe792ab4bf8 .functor BUFT 1, C4<000>, C4<0>, C4<0>, C4<0>;
v0x55ab8cebabd0_0 .net/2u *"_ivl_16", 2 0, L_0x7fe792ab4bf8;  1 drivers
v0x55ab8cebac70_0 .net *"_ivl_27", 0 0, L_0x55ab8cf6c2c0;  1 drivers
v0x55ab8cebad10_0 .net *"_ivl_3", 0 0, L_0x55ab8cf6b8f0;  1 drivers
v0x55ab8cebadb0_0 .net *"_ivl_31", 0 0, L_0x55ab8cf6c460;  1 drivers
v0x55ab8cebae50_0 .net *"_ivl_33", 0 0, L_0x55ab8cf6c520;  1 drivers
v0x55ab8cebaef0_0 .net *"_ivl_37", 31 0, L_0x55ab8cf6c630;  1 drivers
v0x55ab8cebaf90_0 .net *"_ivl_39", 28 0, L_0x55ab8cf6c720;  1 drivers
L_0x7fe792ab4c88 .functor BUFT 1, C4<000>, C4<0>, C4<0>, C4<0>;
v0x55ab8cebb030_0 .net/2u *"_ivl_40", 2 0, L_0x7fe792ab4c88;  1 drivers
v0x55ab8cebb0d0_0 .net *"_ivl_42", 31 0, L_0x55ab8cf6c7c0;  1 drivers
v0x55ab8cebb170_0 .net *"_ivl_47", 63 0, L_0x55ab8cf6cae0;  1 drivers
v0x55ab8cebb210_0 .net *"_ivl_5", 0 0, L_0x55ab8cf6b9b0;  1 drivers
v0x55ab8cebb2b0_0 .net *"_ivl_51", 1 0, L_0x55ab8cf6ce00;  1 drivers
v0x55ab8cebb350_0 .net *"_ivl_55", 0 0, L_0x55ab8cf6d0e0;  1 drivers
v0x55ab8cebb3f0_0 .net *"_ivl_59", 0 0, L_0x55ab8cf6d3d0;  1 drivers
v0x55ab8cebb490_0 .net *"_ivl_8", 0 0, L_0x55ab8cf6bb10;  1 drivers
v0x55ab8cebb530_0 .var "active_q", 0 0;
v0x55ab8cebb5d0_0 .net "branch_pc_i", 31 0, L_0x55ab8cf810c0;  alias, 1 drivers
v0x55ab8cebb670_0 .var "branch_pc_q", 31 0;
v0x55ab8cebb710_0 .net "branch_pc_w", 31 0, L_0x55ab8cf6b480;  1 drivers
v0x55ab8cebb7b0_0 .net "branch_priv_i", 1 0, L_0x55ab8cf81160;  alias, 1 drivers
L_0x7fe792ab4b68 .functor BUFT 1, C4<11>, C4<0>, C4<0>, C4<0>;
v0x55ab8cebb850_0 .net "branch_priv_w", 1 0, L_0x7fe792ab4b68;  1 drivers
v0x55ab8cebb8f0_0 .var "branch_q", 0 0;
v0x55ab8cebb990_0 .net "branch_request_i", 0 0, L_0x55ab8cf81050;  alias, 1 drivers
v0x55ab8cebba30_0 .net "branch_w", 0 0, L_0x55ab8cf6a7c0;  1 drivers
v0x55ab8cebbad0_0 .net "clk_i", 0 0, v0x55ab8cf10ee0_0;  alias, 1 drivers
v0x55ab8cebbb70_0 .net "fetch_accept_i", 0 0, L_0x55ab8cf23880;  alias, 1 drivers
v0x55ab8cebbc10_0 .net "fetch_fault_fetch_o", 0 0, L_0x55ab8cf6d2a0;  alias, 1 drivers
v0x55ab8cebbcb0_0 .net "fetch_fault_page_o", 0 0, L_0x55ab8cf6d510;  alias, 1 drivers
v0x55ab8cebbd50_0 .net "fetch_instr_o", 63 0, L_0x55ab8cf6cc40;  alias, 1 drivers
v0x55ab8cebbdf0_0 .net "fetch_invalidate_i", 0 0, v0x55ab8cdb8060_0;  alias, 1 drivers
v0x55ab8cebc0a0_0 .net "fetch_pc_o", 31 0, L_0x55ab8cf6c960;  alias, 1 drivers
v0x55ab8cebc140_0 .net "fetch_pred_branch_o", 1 0, L_0x55ab8cf6cf20;  alias, 1 drivers
v0x55ab8cebc1e0_0 .net "fetch_resp_drop_w", 0 0, L_0x55ab8cf6b7e0;  1 drivers
v0x55ab8cebc280_0 .net "fetch_valid_o", 0 0, L_0x55ab8cf6c5c0;  alias, 1 drivers
v0x55ab8cebc320_0 .net "icache_accept_i", 0 0, L_0x55ab8cf6dab0;  alias, 1 drivers
v0x55ab8cebc3c0_0 .net "icache_busy_w", 0 0, L_0x55ab8cf6c3f0;  1 drivers
v0x55ab8cebc460_0 .net "icache_error_i", 0 0, L_0x55ab8cf6dc20;  alias, 1 drivers
v0x55ab8cebc500_0 .var "icache_fetch_q", 0 0;
v0x55ab8cebc5a0_0 .net "icache_flush_o", 0 0, L_0x55ab8cf6c0a0;  alias, 1 drivers
v0x55ab8cebc640_0 .net "icache_inst_i", 63 0, L_0x55ab8cf6dd20;  alias, 1 drivers
v0x55ab8cebc6e0_0 .net "icache_invalidate_o", 0 0, L_0x7fe792ab4c40;  alias, 1 drivers
v0x55ab8cebc780_0 .var "icache_invalidate_q", 0 0;
v0x55ab8cebc820_0 .net "icache_page_fault_i", 0 0, L_0x7fe792ab4cd0;  alias, 1 drivers
v0x55ab8cebc8c0_0 .net "icache_pc_o", 31 0, L_0x55ab8cf6be20;  alias, 1 drivers
v0x55ab8cebc960_0 .net "icache_pc_w", 31 0, L_0x55ab8cf6b6a0;  1 drivers
v0x55ab8cebca00_0 .net "icache_priv_o", 1 0, L_0x55ab8cf6bfa0;  alias, 1 drivers
v0x55ab8cebcaa0_0 .net "icache_priv_w", 1 0, L_0x7fe792ab4bb0;  1 drivers
v0x55ab8cebcb40_0 .net "icache_rd_o", 0 0, L_0x55ab8cf6bc70;  alias, 1 drivers
v0x55ab8cebcbe0_0 .net "icache_valid_i", 0 0, L_0x55ab8cf6dbb0;  alias, 1 drivers
v0x55ab8cebcc80_0 .net "next_pc_f_i", 31 0, L_0x55ab8cf22320;  alias, 1 drivers
v0x55ab8cebcd20_0 .net "next_taken_f_i", 1 0, L_0x7fe792aa90a8;  alias, 1 drivers
v0x55ab8cebcdc0_0 .net "pc_accept_o", 0 0, L_0x55ab8cf6d640;  alias, 1 drivers
v0x55ab8cebce60_0 .var "pc_d_q", 31 0;
v0x55ab8cebcf00_0 .net "pc_f_o", 31 0, L_0x55ab8cf6cbd0;  alias, 1 drivers
v0x55ab8cebcfa0_0 .var "pc_f_q", 31 0;
v0x55ab8cebd040_0 .var "pred_d_q", 1 0;
v0x55ab8cebd0e0_0 .net "rst_i", 0 0, v0x55ab8cf12130_0;  alias, 1 drivers
v0x55ab8cebd180_0 .var "skid_buffer_q", 99 0;
v0x55ab8cebd220_0 .var "skid_valid_q", 0 0;
v0x55ab8cebd2c0_0 .var "stall_q", 0 0;
v0x55ab8cebd360_0 .net "stall_w", 0 0, L_0x55ab8cf6ba50;  1 drivers
L_0x55ab8cf6b850 .reduce/nor L_0x55ab8cf23880;
L_0x55ab8cf6b9b0 .reduce/nor L_0x55ab8cf6dab0;
L_0x55ab8cf6bb80 .reduce/nor L_0x55ab8cf6c3f0;
L_0x55ab8cf6bd30 .part L_0x55ab8cf6b6a0, 3, 29;
L_0x55ab8cf6be20 .concat [ 3 29 0 0], L_0x7fe792ab4bf8, L_0x55ab8cf6bd30;
L_0x55ab8cf6c2c0 .reduce/nor L_0x55ab8cf6dbb0;
L_0x55ab8cf6c520 .reduce/nor L_0x55ab8cf6b7e0;
L_0x55ab8cf6c630 .part v0x55ab8cebd180_0, 64, 32;
L_0x55ab8cf6c720 .part v0x55ab8cebce60_0, 3, 29;
L_0x55ab8cf6c7c0 .concat [ 3 29 0 0], L_0x7fe792ab4c88, L_0x55ab8cf6c720;
L_0x55ab8cf6c960 .functor MUXZ 32, L_0x55ab8cf6c7c0, L_0x55ab8cf6c630, v0x55ab8cebd220_0, C4<>;
L_0x55ab8cf6cae0 .part v0x55ab8cebd180_0, 0, 64;
L_0x55ab8cf6cc40 .functor MUXZ 64, L_0x55ab8cf6dd20, L_0x55ab8cf6cae0, v0x55ab8cebd220_0, C4<>;
L_0x55ab8cf6ce00 .part v0x55ab8cebd180_0, 96, 2;
L_0x55ab8cf6cf20 .functor MUXZ 2, v0x55ab8cebd040_0, L_0x55ab8cf6ce00, v0x55ab8cebd220_0, C4<>;
L_0x55ab8cf6d0e0 .part v0x55ab8cebd180_0, 98, 1;
L_0x55ab8cf6d2a0 .functor MUXZ 1, L_0x55ab8cf6dc20, L_0x55ab8cf6d0e0, v0x55ab8cebd220_0, C4<>;
L_0x55ab8cf6d3d0 .part v0x55ab8cebd180_0, 99, 1;
L_0x55ab8cf6d510 .functor MUXZ 1, L_0x7fe792ab4cd0, L_0x55ab8cf6d3d0, v0x55ab8cebd220_0, C4<>;
S_0x55ab8ceba450 .scope generate, "genblk1" "genblk1" 16 91, 16 91 0, S_0x55ab8ceb9f50;
 .timescale 0 0;
L_0x55ab8cf6a7c0 .functor OR 1, v0x55ab8cebb8f0_0, L_0x55ab8cf81050, C4<0>, C4<0>;
L_0x55ab8cf6a8d0 .functor AND 1, v0x55ab8cebb8f0_0, L_0x55ab8cf6a830, C4<1>, C4<1>;
v0x55ab8ceba5e0_0 .net *"_ivl_3", 0 0, L_0x55ab8cf6a830;  1 drivers
v0x55ab8ceba680_0 .net *"_ivl_4", 0 0, L_0x55ab8cf6a8d0;  1 drivers
L_0x55ab8cf6a830 .reduce/nor L_0x55ab8cf81050;
L_0x55ab8cf6b480 .functor MUXZ 32, L_0x55ab8cf810c0, v0x55ab8cebb670_0, L_0x55ab8cf6a8d0, C4<>;
S_0x55ab8ceba720 .scope generate, "genblk2" "genblk2" 16 211, 16 211 0, S_0x55ab8ceb9f50;
 .timescale 0 0;
L_0x55ab8cf6b520 .functor NOT 1, v0x55ab8cebd2c0_0, C4<0>, C4<0>, C4<0>;
L_0x55ab8cf6b590 .functor AND 1, L_0x55ab8cf6a7c0, L_0x55ab8cf6b520, C4<1>, C4<1>;
L_0x55ab8cf6b7e0 .functor BUFZ 1, L_0x55ab8cf6a7c0, C4<0>, C4<0>, C4<0>;
v0x55ab8ceba8b0_0 .net *"_ivl_0", 0 0, L_0x55ab8cf6b520;  1 drivers
v0x55ab8ceba950_0 .net *"_ivl_2", 0 0, L_0x55ab8cf6b590;  1 drivers
L_0x55ab8cf6b6a0 .functor MUXZ 32, v0x55ab8cebcfa0_0, L_0x55ab8cf6b480, L_0x55ab8cf6b590, C4<>;
S_0x55ab8cebd4e0 .scope module, "u_npc" "biriscv_npc" 13 132, 17 26 0, S_0x55ab8cd63840;
 .timescale 0 0;
    .port_info 0 /INPUT 1 "clk_i";
    .port_info 1 /INPUT 1 "rst_i";
    .port_info 2 /INPUT 1 "invalidate_i";
    .port_info 3 /INPUT 1 "branch_request_i";
    .port_info 4 /INPUT 1 "branch_is_taken_i";
    .port_info 5 /INPUT 1 "branch_is_not_taken_i";
    .port_info 6 /INPUT 32 "branch_source_i";
    .port_info 7 /INPUT 1 "branch_is_call_i";
    .port_info 8 /INPUT 1 "branch_is_ret_i";
    .port_info 9 /INPUT 1 "branch_is_jmp_i";
    .port_info 10 /INPUT 32 "branch_pc_i";
    .port_info 11 /INPUT 32 "pc_f_i";
    .port_info 12 /INPUT 1 "pc_accept_i";
    .port_info 13 /OUTPUT 32 "next_pc_f_o";
    .port_info 14 /OUTPUT 2 "next_taken_f_o";
P_0x55ab8cebd670 .param/l "BHT_ENABLE" 0 17 38, +C4<00000000000000000000000000000001>;
P_0x55ab8cebd6b0 .param/l "GSHARE_ENABLE" 0 17 37, +C4<00000000000000000000000000000000>;
P_0x55ab8cebd6f0 .param/l "NUM_BHT_ENTRIES" 0 17 34, +C4<00000000000000000000001000000000>;
P_0x55ab8cebd730 .param/l "NUM_BHT_ENTRIES_W" 0 17 35, +C4<00000000000000000000000000001001>;
P_0x55ab8cebd770 .param/l "NUM_BTB_ENTRIES" 0 17 32, +C4<00000000000000000000000000100000>;
P_0x55ab8cebd7b0 .param/l "NUM_BTB_ENTRIES_W" 0 17 33, +C4<00000000000000000000000000000101>;
P_0x55ab8cebd7f0 .param/l "NUM_RAS_ENTRIES" 0 17 39, +C4<00000000000000000000000000001000>;
P_0x55ab8cebd830 .param/l "NUM_RAS_ENTRIES_W" 0 17 40, +C4<00000000000000000000000000000011>;
P_0x55ab8cebd870 .param/l "RAS_ENABLE" 0 17 36, +C4<00000000000000000000000000000001>;
P_0x55ab8cebd8b0 .param/l "RAS_INVALID" 1 17 68, C4<00000000000000000000000000000001>;
P_0x55ab8cebd8f0 .param/l "SUPPORT_BRANCH_PREDICTION" 0 17 31, +C4<00000000000000000000000000000000>;
v0x55ab8cebdec0_0 .net "branch_is_call_i", 0 0, L_0x55ab8cf8b940;  alias, 1 drivers
v0x55ab8cebdf60_0 .net "branch_is_jmp_i", 0 0, L_0x55ab8cf81e10;  alias, 1 drivers
v0x55ab8cebe000_0 .net "branch_is_not_taken_i", 0 0, L_0x55ab8cf8b840;  alias, 1 drivers
v0x55ab8cebe0a0_0 .net "branch_is_ret_i", 0 0, L_0x55ab8cf8bcf0;  alias, 1 drivers
v0x55ab8cebe140_0 .net "branch_is_taken_i", 0 0, L_0x55ab8cf8b510;  alias, 1 drivers
v0x55ab8cebe1e0_0 .net "branch_pc_i", 31 0, L_0x55ab8cf8c3b0;  alias, 1 drivers
v0x55ab8cebe280_0 .net "branch_request_i", 0 0, L_0x55ab8cf8b310;  alias, 1 drivers
v0x55ab8cebe320_0 .net "branch_source_i", 31 0, L_0x55ab8cf8bf40;  alias, 1 drivers
v0x55ab8cebe3c0_0 .net "clk_i", 0 0, v0x55ab8cf10ee0_0;  alias, 1 drivers
L_0x7fe792aa90f0 .functor BUFT 1, C4<0>, C4<0>, C4<0>, C4<0>;
v0x55ab8cebe460_0 .net "invalidate_i", 0 0, L_0x7fe792aa90f0;  1 drivers
v0x55ab8cebe500_0 .net "next_pc_f_o", 31 0, L_0x55ab8cf22320;  alias, 1 drivers
v0x55ab8cebe5a0_0 .net "next_taken_f_o", 1 0, L_0x7fe792aa90a8;  alias, 1 drivers
v0x55ab8cebe640_0 .net "pc_accept_i", 0 0, L_0x55ab8cf6d640;  alias, 1 drivers
v0x55ab8cebe6e0_0 .net "pc_f_i", 31 0, L_0x55ab8cf6cbd0;  alias, 1 drivers
v0x55ab8cebe780_0 .net "rst_i", 0 0, v0x55ab8cf12130_0;  alias, 1 drivers
L_0x55ab8cf121d0 .part L_0x55ab8cf6cbd0, 3, 29;
S_0x55ab8cebdab0 .scope generate, "NO_BRANCH_PREDICTION" "NO_BRANCH_PREDICTION" 17 74, 17 74 0, S_0x55ab8cebd4e0;
 .timescale 0 0;
v0x55ab8cebdc40_0 .net *"_ivl_0", 28 0, L_0x55ab8cf121d0;  1 drivers
L_0x7fe792aa9018 .functor BUFT 1, C4<000>, C4<0>, C4<0>, C4<0>;
v0x55ab8cebdce0_0 .net/2u *"_ivl_1", 2 0, L_0x7fe792aa9018;  1 drivers
v0x55ab8cebdd80_0 .net *"_ivl_3", 31 0, L_0x55ab8cf12270;  1 drivers
L_0x7fe792aa9060 .functor BUFT 1, C4<00000000000000000000000000001000>, C4<0>, C4<0>, C4<0>;
v0x55ab8cebde20_0 .net/2u *"_ivl_5", 31 0, L_0x7fe792aa9060;  1 drivers
L_0x55ab8cf12270 .concat [ 3 29 0 0], L_0x7fe792aa9018, L_0x55ab8cf121d0;
L_0x55ab8cf22320 .arith/sum 32, L_0x55ab8cf12270, L_0x7fe792aa9060;
S_0x55ab8cec1560 .scope module, "u_issue" "biriscv_issue" 5 545, 18 26 0, S_0x55ab8cc7ea90;
 .timescale 0 0;
    .port_info 0 /INPUT 1 "clk_i";
    .port_info 1 /INPUT 1 "rst_i";
    .port_info 2 /INPUT 1 "fetch0_valid_i";
    .port_info 3 /INPUT 32 "fetch0_instr_i";
    .port_info 4 /INPUT 32 "fetch0_pc_i";
    .port_info 5 /INPUT 1 "fetch0_fault_fetch_i";
    .port_info 6 /INPUT 1 "fetch0_fault_page_i";
    .port_info 7 /INPUT 1 "fetch0_instr_exec_i";
    .port_info 8 /INPUT 1 "fetch0_instr_lsu_i";
    .port_info 9 /INPUT 1 "fetch0_instr_branch_i";
    .port_info 10 /INPUT 1 "fetch0_instr_mul_i";
    .port_info 11 /INPUT 1 "fetch0_instr_div_i";
    .port_info 12 /INPUT 1 "fetch0_instr_csr_i";
    .port_info 13 /INPUT 1 "fetch0_instr_rd_valid_i";
    .port_info 14 /INPUT 1 "fetch0_instr_invalid_i";
    .port_info 15 /INPUT 1 "fetch1_valid_i";
    .port_info 16 /INPUT 32 "fetch1_instr_i";
    .port_info 17 /INPUT 32 "fetch1_pc_i";
    .port_info 18 /INPUT 1 "fetch1_fault_fetch_i";
    .port_info 19 /INPUT 1 "fetch1_fault_page_i";
    .port_info 20 /INPUT 1 "fetch1_instr_exec_i";
    .port_info 21 /INPUT 1 "fetch1_instr_lsu_i";
    .port_info 22 /INPUT 1 "fetch1_instr_branch_i";
    .port_info 23 /INPUT 1 "fetch1_instr_mul_i";
    .port_info 24 /INPUT 1 "fetch1_instr_div_i";
    .port_info 25 /INPUT 1 "fetch1_instr_csr_i";
    .port_info 26 /INPUT 1 "fetch1_instr_rd_valid_i";
    .port_info 27 /INPUT 1 "fetch1_instr_invalid_i";
    .port_info 28 /INPUT 1 "branch_exec0_request_i";
    .port_info 29 /INPUT 1 "branch_exec0_is_taken_i";
    .port_info 30 /INPUT 1 "branch_exec0_is_not_taken_i";
    .port_info 31 /INPUT 32 "branch_exec0_source_i";
    .port_info 32 /INPUT 1 "branch_exec0_is_call_i";
    .port_info 33 /INPUT 1 "branch_exec0_is_ret_i";
    .port_info 34 /INPUT 1 "branch_exec0_is_jmp_i";
    .port_info 35 /INPUT 32 "branch_exec0_pc_i";
    .port_info 36 /INPUT 1 "branch_d_exec0_request_i";
    .port_info 37 /INPUT 32 "branch_d_exec0_pc_i";
    .port_info 38 /INPUT 2 "branch_d_exec0_priv_i";
    .port_info 39 /INPUT 1 "branch_exec1_request_i";
    .port_info 40 /INPUT 1 "branch_exec1_is_taken_i";
    .port_info 41 /INPUT 1 "branch_exec1_is_not_taken_i";
    .port_info 42 /INPUT 32 "branch_exec1_source_i";
    .port_info 43 /INPUT 1 "branch_exec1_is_call_i";
    .port_info 44 /INPUT 1 "branch_exec1_is_ret_i";
    .port_info 45 /INPUT 1 "branch_exec1_is_jmp_i";
    .port_info 46 /INPUT 32 "branch_exec1_pc_i";
    .port_info 47 /INPUT 1 "branch_d_exec1_request_i";
    .port_info 48 /INPUT 32 "branch_d_exec1_pc_i";
    .port_info 49 /INPUT 2 "branch_d_exec1_priv_i";
    .port_info 50 /INPUT 1 "branch_csr_request_i";
    .port_info 51 /INPUT 32 "branch_csr_pc_i";
    .port_info 52 /INPUT 2 "branch_csr_priv_i";
    .port_info 53 /INPUT 32 "writeback_exec0_value_i";
    .port_info 54 /INPUT 32 "writeback_exec1_value_i";
    .port_info 55 /INPUT 1 "writeback_mem_valid_i";
    .port_info 56 /INPUT 32 "writeback_mem_value_i";
    .port_info 57 /INPUT 6 "writeback_mem_exception_i";
    .port_info 58 /INPUT 32 "writeback_mul_value_i";
    .port_info 59 /INPUT 1 "writeback_div_valid_i";
    .port_info 60 /INPUT 32 "writeback_div_value_i";
    .port_info 61 /INPUT 32 "csr_result_e1_value_i";
    .port_info 62 /INPUT 1 "csr_result_e1_write_i";
    .port_info 63 /INPUT 32 "csr_result_e1_wdata_i";
    .port_info 64 /INPUT 6 "csr_result_e1_exception_i";
    .port_info 65 /INPUT 1 "lsu_stall_i";
    .port_info 66 /INPUT 1 "take_interrupt_i";
    .port_info 67 /OUTPUT 1 "fetch0_accept_o";
    .port_info 68 /OUTPUT 1 "fetch1_accept_o";
    .port_info 69 /OUTPUT 1 "branch_request_o";
    .port_info 70 /OUTPUT 32 "branch_pc_o";
    .port_info 71 /OUTPUT 2 "branch_priv_o";
    .port_info 72 /OUTPUT 1 "branch_info_request_o";
    .port_info 73 /OUTPUT 1 "branch_info_is_taken_o";
    .port_info 74 /OUTPUT 1 "branch_info_is_not_taken_o";
    .port_info 75 /OUTPUT 32 "branch_info_source_o";
    .port_info 76 /OUTPUT 1 "branch_info_is_call_o";
    .port_info 77 /OUTPUT 1 "branch_info_is_ret_o";
    .port_info 78 /OUTPUT 1 "branch_info_is_jmp_o";
    .port_info 79 /OUTPUT 32 "branch_info_pc_o";
    .port_info 80 /OUTPUT 1 "exec0_opcode_valid_o";
    .port_info 81 /OUTPUT 1 "exec1_opcode_valid_o";
    .port_info 82 /OUTPUT 1 "lsu_opcode_valid_o";
    .port_info 83 /OUTPUT 1 "csr_opcode_valid_o";
    .port_info 84 /OUTPUT 1 "mul_opcode_valid_o";
    .port_info 85 /OUTPUT 1 "div_opcode_valid_o";
    .port_info 86 /OUTPUT 32 "opcode0_opcode_o";
    .port_info 87 /OUTPUT 32 "opcode0_pc_o";
    .port_info 88 /OUTPUT 1 "opcode0_invalid_o";
    .port_info 89 /OUTPUT 5 "opcode0_rd_idx_o";
    .port_info 90 /OUTPUT 5 "opcode0_ra_idx_o";
    .port_info 91 /OUTPUT 5 "opcode0_rb_idx_o";
    .port_info 92 /OUTPUT 32 "opcode0_ra_operand_o";
    .port_info 93 /OUTPUT 32 "opcode0_rb_operand_o";
    .port_info 94 /OUTPUT 32 "opcode1_opcode_o";
    .port_info 95 /OUTPUT 32 "opcode1_pc_o";
    .port_info 96 /OUTPUT 1 "opcode1_invalid_o";
    .port_info 97 /OUTPUT 5 "opcode1_rd_idx_o";
    .port_info 98 /OUTPUT 5 "opcode1_ra_idx_o";
    .port_info 99 /OUTPUT 5 "opcode1_rb_idx_o";
    .port_info 100 /OUTPUT 32 "opcode1_ra_operand_o";
    .port_info 101 /OUTPUT 32 "opcode1_rb_operand_o";
    .port_info 102 /OUTPUT 32 "lsu_opcode_opcode_o";
    .port_info 103 /OUTPUT 32 "lsu_opcode_pc_o";
    .port_info 104 /OUTPUT 1 "lsu_opcode_invalid_o";
    .port_info 105 /OUTPUT 5 "lsu_opcode_rd_idx_o";
    .port_info 106 /OUTPUT 5 "lsu_opcode_ra_idx_o";
    .port_info 107 /OUTPUT 5 "lsu_opcode_rb_idx_o";
    .port_info 108 /OUTPUT 32 "lsu_opcode_ra_operand_o";
    .port_info 109 /OUTPUT 32 "lsu_opcode_rb_operand_o";
    .port_info 110 /OUTPUT 32 "mul_opcode_opcode_o";
    .port_info 111 /OUTPUT 32 "mul_opcode_pc_o";
    .port_info 112 /OUTPUT 1 "mul_opcode_invalid_o";
    .port_info 113 /OUTPUT 5 "mul_opcode_rd_idx_o";
    .port_info 114 /OUTPUT 5 "mul_opcode_ra_idx_o";
    .port_info 115 /OUTPUT 5 "mul_opcode_rb_idx_o";
    .port_info 116 /OUTPUT 32 "mul_opcode_ra_operand_o";
    .port_info 117 /OUTPUT 32 "mul_opcode_rb_operand_o";
    .port_info 118 /OUTPUT 32 "csr_opcode_opcode_o";
    .port_info 119 /OUTPUT 32 "csr_opcode_pc_o";
    .port_info 120 /OUTPUT 1 "csr_opcode_invalid_o";
    .port_info 121 /OUTPUT 5 "csr_opcode_rd_idx_o";
    .port_info 122 /OUTPUT 5 "csr_opcode_ra_idx_o";
    .port_info 123 /OUTPUT 5 "csr_opcode_rb_idx_o";
    .port_info 124 /OUTPUT 32 "csr_opcode_ra_operand_o";
    .port_info 125 /OUTPUT 32 "csr_opcode_rb_operand_o";
    .port_info 126 /OUTPUT 1 "csr_writeback_write_o";
    .port_info 127 /OUTPUT 12 "csr_writeback_waddr_o";
    .port_info 128 /OUTPUT 32 "csr_writeback_wdata_o";
    .port_info 129 /OUTPUT 6 "csr_writeback_exception_o";
    .port_info 130 /OUTPUT 32 "csr_writeback_exception_pc_o";
    .port_info 131 /OUTPUT 32 "csr_writeback_exception_addr_o";
    .port_info 132 /OUTPUT 1 "exec0_hold_o";
    .port_info 133 /OUTPUT 1 "exec1_hold_o";
    .port_info 134 /OUTPUT 1 "mul_hold_o";
    .port_info 135 /OUTPUT 1 "interrupt_inhibit_o";
P_0x55ab8c708630 .param/l "SUPPORT_DUAL_ISSUE" 0 18 32, +C4<00000000000000000000000000000001>;
P_0x55ab8c708670 .param/l "SUPPORT_LOAD_BYPASS" 0 18 33, +C4<00000000000000000000000000000001>;
P_0x55ab8c7086b0 .param/l "SUPPORT_MULDIV" 0 18 31, +C4<00000000000000000000000000000001>;
P_0x55ab8c7086f0 .param/l "SUPPORT_MUL_BYPASS" 0 18 34, +C4<00000000000000000000000000000001>;
P_0x55ab8c708730 .param/l "SUPPORT_REGFILE_XILINX" 0 18 35, +C4<00000000000000000000000000000000>;
L_0x55ab8cf81050 .functor OR 1, L_0x55ab8cf7c150, v0x55ab8cee3200_0, C4<0>, C4<0>;
L_0x55ab8cf81ab0 .functor BUFZ 1, L_0x55ab8cf5e6a0, C4<0>, C4<0>, C4<0>;
L_0x55ab8cf821a0 .functor BUFZ 1, L_0x55ab8cf61b20, C4<0>, C4<0>, C4<0>;
L_0x55ab8cf82210 .functor BUFZ 1, L_0x55ab8cf63ce0, C4<0>, C4<0>, C4<0>;
L_0x55ab8cf822d0 .functor BUFZ 1, L_0x55ab8cf65850, C4<0>, C4<0>, C4<0>;
L_0x55ab8cf82390 .functor BUFZ 1, L_0x55ab8cf66b80, C4<0>, C4<0>, C4<0>;
L_0x55ab8cf82450 .functor BUFZ 1, L_0x55ab8cf67d20, C4<0>, C4<0>, C4<0>;
L_0x55ab8cf824c0 .functor BUFZ 1, L_0x55ab8cf6a640, C4<0>, C4<0>, C4<0>;
L_0x55ab8cf82580 .functor BUFZ 1, L_0x55ab8cf55080, C4<0>, C4<0>, C4<0>;
L_0x55ab8cf86870 .functor BUFZ 1, L_0x55ab8cf8e790, C4<0>, C4<0>, C4<0>;
L_0x55ab8cf868e0 .functor BUFZ 1, L_0x55ab8cf8e790, C4<0>, C4<0>, C4<0>;
L_0x55ab8cf8abc0 .functor BUFZ 1, L_0x55ab8cf8e790, C4<0>, C4<0>, C4<0>;
L_0x55ab8cf8aca0 .functor OR 6, v0x55ab8cec5d80_0, v0x55ab8cececd0_0, C4<000000>, C4<000000>;
L_0x55ab8cf8b310 .functor BUFZ 1, v0x55ab8cee3200_0, C4<0>, C4<0>, C4<0>;
L_0x55ab8cf8ac30 .functor AND 1, L_0x55ab8cf87730, L_0x55ab8cf97680, C4<1>, C4<1>;
L_0x55ab8cf8b410 .functor AND 1, L_0x55ab8cf83370, L_0x55ab8cf94630, C4<1>, C4<1>;
L_0x55ab8cf8b510 .functor OR 1, L_0x55ab8cf8ac30, L_0x55ab8cf8b410, C4<0>, C4<0>;
L_0x55ab8cf8b610 .functor AND 1, L_0x55ab8cf87730, L_0x55ab8cf97780, C4<1>, C4<1>;
L_0x55ab8cf8b480 .functor AND 1, L_0x55ab8cf83370, L_0x55ab8cf946a0, C4<1>, C4<1>;
L_0x55ab8cf8b840 .functor OR 1, L_0x55ab8cf8b610, L_0x55ab8cf8b480, C4<0>, C4<0>;
L_0x55ab8cf8b710 .functor AND 1, L_0x55ab8cf87730, v0x55ab8cde71d0_0, C4<1>, C4<1>;
L_0x55ab8cf8b9f0 .functor AND 1, L_0x55ab8cf83370, v0x55ab8cd93e30_0, C4<1>, C4<1>;
L_0x55ab8cf8b940 .functor OR 1, L_0x55ab8cf8b710, L_0x55ab8cf8b9f0, C4<0>, C4<0>;
L_0x55ab8cf8bbb0 .functor AND 1, L_0x55ab8cf87730, v0x55ab8cce3520_0, C4<1>, C4<1>;
L_0x55ab8cf8ba60 .functor AND 1, L_0x55ab8cf83370, v0x55ab8cd99b30_0, C4<1>, C4<1>;
L_0x55ab8cf8bcf0 .functor OR 1, L_0x55ab8cf8bbb0, L_0x55ab8cf8ba60, C4<0>, C4<0>;
L_0x55ab8cf8bc20 .functor AND 1, L_0x55ab8cf87730, v0x55ab8cd29a50_0, C4<1>, C4<1>;
L_0x55ab8cf8bed0 .functor AND 1, L_0x55ab8cf83370, v0x55ab8cd9aab0_0, C4<1>, C4<1>;
L_0x55ab8cf81e10 .functor OR 1, L_0x55ab8cf8bc20, L_0x55ab8cf8bed0, C4<0>, C4<0>;
L_0x55ab8cf8c030 .functor AND 1, L_0x55ab8cf87730, L_0x55ab8cf97610, C4<1>, C4<1>;
L_0x55ab8cf8c2b0 .functor AND 1, L_0x55ab8cf87730, L_0x55ab8cf97610, C4<1>, C4<1>;
L_0x55ab8cf8c550 .functor OR 1, L_0x55ab8cf852d0, L_0x55ab8cf896f0, C4<0>, C4<0>;
L_0x55ab8cf8c1b0 .functor OR 1, L_0x55ab8cf821a0, L_0x55ab8cf822d0, C4<0>, C4<0>;
L_0x55ab8cf8c220 .functor OR 1, L_0x55ab8cf8c1b0, L_0x55ab8cf82210, C4<0>, C4<0>;
L_0x55ab8cf8c770 .functor OR 1, L_0x55ab8cf8c220, L_0x55ab8cf82390, C4<0>, C4<0>;
L_0x7fe792ab7790 .functor BUFT 1, C4<1>, C4<0>, C4<0>, C4<0>;
L_0x55ab8cf8c7e0 .functor AND 1, L_0x7fe792ab7790, L_0x55ab8cf8c770, C4<1>, C4<1>;
L_0x55ab8cf8c650 .functor OR 1, L_0x55ab8cf81520, L_0x55ab8cf81610, C4<0>, C4<0>;
L_0x55ab8cf8c6c0 .functor OR 1, L_0x55ab8cf8c650, L_0x55ab8cf818d0, C4<0>, C4<0>;
L_0x55ab8cf8c990 .functor AND 1, L_0x55ab8cf8c6c0, L_0x55ab8cf821a0, C4<1>, C4<1>;
L_0x55ab8cf8ca00 .functor OR 1, L_0x55ab8cf81520, L_0x55ab8cf81610, C4<0>, C4<0>;
L_0x55ab8cf8c850 .functor OR 1, L_0x55ab8cf8ca00, L_0x55ab8cf818d0, C4<0>, C4<0>;
L_0x55ab8cf8cc50 .functor AND 1, L_0x55ab8cf8c850, L_0x55ab8cf822d0, C4<1>, C4<1>;
L_0x55ab8cf8cb00 .functor OR 1, L_0x55ab8cf8c990, L_0x55ab8cf8cc50, C4<0>, C4<0>;
L_0x55ab8cf8cbc0 .functor OR 1, L_0x55ab8cf81520, L_0x55ab8cf818d0, C4<0>, C4<0>;
L_0x55ab8cf8cd50 .functor AND 1, L_0x55ab8cf8cbc0, L_0x55ab8cf82210, C4<1>, C4<1>;
L_0x55ab8cf8d0b0 .functor OR 1, L_0x55ab8cf8cb00, L_0x55ab8cf8cd50, C4<0>, C4<0>;
L_0x55ab8cf8cf40 .functor OR 1, L_0x55ab8cf81520, L_0x55ab8cf81610, C4<0>, C4<0>;
L_0x55ab8cf8cfb0 .functor AND 1, L_0x55ab8cf8cf40, L_0x55ab8cf82390, C4<1>, C4<1>;
L_0x55ab8cf8d120 .functor OR 1, L_0x55ab8cf8d0b0, L_0x55ab8cf8cfb0, C4<0>, C4<0>;
L_0x55ab8cf8d1e0 .functor AND 1, L_0x55ab8cf8c7e0, L_0x55ab8cf8d120, C4<1>, C4<1>;
L_0x55ab8cf8d4d0 .functor NOT 1, v0x55ab8cd81c20_0, C4<0>, C4<0>, C4<0>;
L_0x55ab8cf8d540 .functor AND 1, L_0x55ab8cf8d1e0, L_0x55ab8cf8d4d0, C4<1>, C4<1>;
L_0x55ab8cf8d760 .functor NOT 1, v0x55ab8cd81c20_0, C4<0>, C4<0>, C4<0>;
L_0x55ab8cf8d7d0 .functor AND 1, L_0x55ab8cf8d330, L_0x55ab8cf8d760, C4<1>, C4<1>;
L_0x55ab8cf8d5b0 .functor BUFZ 1, v0x55ab8cee49c0_0, C4<0>, C4<0>, C4<0>;
L_0x7fe792ab77d8 .functor BUFT 1, C4<1>, C4<0>, C4<0>, C4<0>;
L_0x55ab8cf8c450 .functor AND 1, L_0x7fe792ab77d8, L_0x55ab8cf8d620, C4<1>, C4<1>;
L_0x55ab8cf8d840 .functor AND 1, L_0x7fe792ab77d8, v0x55ab8cee49c0_0, C4<1>, C4<1>;
L_0x55ab8cf8d940 .functor OR 1, v0x55ab8cede3e0_0, L_0x55ab8cf81a10, C4<0>, C4<0>;
L_0x55ab8cf8dcf0 .functor BUFZ 1, v0x55ab8cee4e20_0, C4<0>, C4<0>, C4<0>;
L_0x55ab8cf8ddf0 .functor AND 1, v0x55ab8cee4e20_0, v0x55ab8cee4cc0_0, C4<1>, C4<1>;
L_0x55ab8cf8db10 .functor NOT 1, v0x55ab8cd81c20_0, C4<0>, C4<0>, C4<0>;
L_0x55ab8cf8e050 .functor AND 1, L_0x55ab8cf8ddf0, L_0x55ab8cf8db10, C4<1>, C4<1>;
L_0x55ab8cf8de60 .functor AND 1, v0x55ab8cee49c0_0, v0x55ab8cee4880_0, C4<1>, C4<1>;
L_0x55ab8cf8df20 .functor NOT 1, L_0x55ab8cf8e050, C4<0>, C4<0>, C4<0>;
L_0x55ab8cf8dfe0 .functor AND 1, L_0x55ab8cf8de60, L_0x55ab8cf8df20, C4<1>, C4<1>;
L_0x55ab8cf8e320 .functor NOT 1, v0x55ab8cd81c20_0, C4<0>, C4<0>, C4<0>;
L_0x55ab8cf8e0c0 .functor AND 1, L_0x55ab8cf8dfe0, L_0x55ab8cf8e320, C4<1>, C4<1>;
L_0x55ab8cf8e1d0 .functor AND 1, v0x55ab8cee83f0_0, v0x55ab8cee4880_0, C4<1>, C4<1>;
L_0x55ab8cf8e240 .functor OR 1, L_0x55ab8cf8e1d0, v0x55ab8cee8490_0, C4<0>, C4<0>;
L_0x55ab8cf8e610 .functor NOT 1, v0x55ab8cd81c20_0, C4<0>, C4<0>, C4<0>;
L_0x55ab8cf8e390 .functor AND 1, L_0x55ab8cf8e240, L_0x55ab8cf8e610, C4<1>, C4<1>;
L_0x55ab8cf8e4a0 .functor AND 1, v0x55ab8cee8490_0, v0x55ab8cee4880_0, C4<1>, C4<1>;
L_0x55ab8cf8e8d0 .functor OR 1, L_0x55ab8cf8e4a0, v0x55ab8cee4cc0_0, C4<0>, C4<0>;
L_0x55ab8cf8e940 .functor NOT 1, v0x55ab8cd81c20_0, C4<0>, C4<0>, C4<0>;
L_0x55ab8cf8e680 .functor AND 1, L_0x55ab8cf8e8d0, L_0x55ab8cf8e940, C4<1>, C4<1>;
L_0x55ab8cf8e790 .functor OR 1, L_0x55ab8cf85110, L_0x55ab8cf89530, C4<0>, C4<0>;
L_0x55ab8cf8ff10 .functor BUFZ 32, v0x55ab8cee4b20_0, C4<00000000000000000000000000000000>, C4<00000000000000000000000000000000>, C4<00000000000000000000000000000000>;
L_0x55ab8cf8e9b0 .functor BUFZ 5, L_0x55ab8cf81340, C4<00000>, C4<00000>, C4<00000>;
L_0x55ab8cf8eab0 .functor BUFZ 5, L_0x55ab8cf81200, C4<00000>, C4<00000>, C4<00000>;
L_0x55ab8cf8ebb0 .functor BUFZ 5, L_0x55ab8cf812a0, C4<00000>, C4<00000>, C4<00000>;
L_0x55ab8cf90120 .functor BUFZ 32, v0x55ab8cee4f80_0, C4<00000000000000000000000000000000>, C4<00000000000000000000000000000000>, C4<00000000000000000000000000000000>;
L_0x55ab8cf90850 .functor BUFZ 5, L_0x55ab8cf81fd0, C4<00000>, C4<00000>, C4<00000>;
L_0x55ab8cf904a0 .functor BUFZ 5, L_0x55ab8cf81d20, C4<00000>, C4<00000>, C4<00000>;
L_0x55ab8cf90510 .functor BUFZ 5, L_0x55ab8cf81e90, C4<00000>, C4<00000>, C4<00000>;
L_0x55ab8cf8daa0 .functor NOT 1, v0x55ab8cd81c20_0, C4<0>, C4<0>, C4<0>;
L_0x55ab8cf90aa0 .functor AND 1, v0x55ab8cee49c0_0, L_0x55ab8cf8daa0, C4<1>, C4<1>;
L_0x55ab8cf90c20 .functor BUFZ 32, L_0x55ab8cf8ff10, C4<00000000000000000000000000000000>, C4<00000000000000000000000000000000>, C4<00000000000000000000000000000000>;
L_0x55ab8cf90c90 .functor BUFZ 32, v0x55ab8cee4a60_0, C4<00000000000000000000000000000000>, C4<00000000000000000000000000000000>, C4<00000000000000000000000000000000>;
L_0x55ab8cf90e10 .functor BUFZ 5, L_0x55ab8cf8e9b0, C4<00000>, C4<00000>, C4<00000>;
L_0x55ab8cf90e80 .functor BUFZ 5, L_0x55ab8cf8eab0, C4<00000>, C4<00000>, C4<00000>;
L_0x55ab8cf91e50 .functor BUFZ 5, L_0x55ab8cf8ebb0, C4<00000>, C4<00000>, C4<00000>;
L_0x55ab8cf91ec0 .functor BUFZ 32, v0x55ab8cee1810_0, C4<00000000000000000000000000000000>, C4<00000000000000000000000000000000>, C4<00000000000000000000000000000000>;
L_0x55ab8cf91b40 .functor BUFZ 32, v0x55ab8cee1a50_0, C4<00000000000000000000000000000000>, C4<00000000000000000000000000000000>, C4<00000000000000000000000000000000>;
L_0x55ab8cf91cc0 .functor AND 1, v0x55ab8cee49c0_0, L_0x55ab8cf81b70, C4<1>, C4<1>;
v0x55ab8ced8a30_0 .net *"_ivl_103", 0 0, L_0x55ab8cf8afc0;  1 drivers
v0x55ab8ced8b10_0 .net *"_ivl_108", 0 0, L_0x55ab8cf8ac30;  1 drivers
v0x55ab8ced8bf0_0 .net *"_ivl_110", 0 0, L_0x55ab8cf8b410;  1 drivers
v0x55ab8ced8ce0_0 .net *"_ivl_114", 0 0, L_0x55ab8cf8b610;  1 drivers
v0x55ab8ced8dc0_0 .net *"_ivl_116", 0 0, L_0x55ab8cf8b480;  1 drivers
v0x55ab8ced8ea0_0 .net *"_ivl_120", 0 0, L_0x55ab8cf8b710;  1 drivers
v0x55ab8ced8f80_0 .net *"_ivl_122", 0 0, L_0x55ab8cf8b9f0;  1 drivers
v0x55ab8ced9060_0 .net *"_ivl_126", 0 0, L_0x55ab8cf8bbb0;  1 drivers
v0x55ab8ced9140_0 .net *"_ivl_128", 0 0, L_0x55ab8cf8ba60;  1 drivers
v0x55ab8ced92b0_0 .net *"_ivl_132", 0 0, L_0x55ab8cf8bc20;  1 drivers
v0x55ab8ced9390_0 .net *"_ivl_134", 0 0, L_0x55ab8cf8bed0;  1 drivers
v0x55ab8ced9470_0 .net *"_ivl_138", 0 0, L_0x55ab8cf8c030;  1 drivers
v0x55ab8ced9550_0 .net *"_ivl_142", 0 0, L_0x55ab8cf8c2b0;  1 drivers
v0x55ab8ced9630_0 .net *"_ivl_148", 0 0, L_0x55ab8cf8c1b0;  1 drivers
v0x55ab8ced9710_0 .net *"_ivl_150", 0 0, L_0x55ab8cf8c220;  1 drivers
v0x55ab8ced97f0_0 .net *"_ivl_155", 0 0, L_0x55ab8cf8c7e0;  1 drivers
v0x55ab8ced98b0_0 .net *"_ivl_156", 0 0, L_0x55ab8cf8c650;  1 drivers
v0x55ab8ced9990_0 .net *"_ivl_158", 0 0, L_0x55ab8cf8c6c0;  1 drivers
v0x55ab8ced9a70_0 .net *"_ivl_161", 0 0, L_0x55ab8cf8c990;  1 drivers
v0x55ab8ced9b30_0 .net *"_ivl_162", 0 0, L_0x55ab8cf8ca00;  1 drivers
v0x55ab8ced9c10_0 .net *"_ivl_164", 0 0, L_0x55ab8cf8c850;  1 drivers
v0x55ab8ced9cf0_0 .net *"_ivl_167", 0 0, L_0x55ab8cf8cc50;  1 drivers
v0x55ab8ced9db0_0 .net *"_ivl_169", 0 0, L_0x55ab8cf8cb00;  1 drivers
v0x55ab8ced9e70_0 .net *"_ivl_170", 0 0, L_0x55ab8cf8cbc0;  1 drivers
v0x55ab8ced9f50_0 .net *"_ivl_173", 0 0, L_0x55ab8cf8cd50;  1 drivers
v0x55ab8ceda010_0 .net *"_ivl_175", 0 0, L_0x55ab8cf8d0b0;  1 drivers
v0x55ab8ceda0d0_0 .net *"_ivl_176", 0 0, L_0x55ab8cf8cf40;  1 drivers
v0x55ab8ceda1b0_0 .net *"_ivl_179", 0 0, L_0x55ab8cf8cfb0;  1 drivers
v0x55ab8ceda270_0 .net *"_ivl_181", 0 0, L_0x55ab8cf8d120;  1 drivers
v0x55ab8ceda330_0 .net *"_ivl_183", 0 0, L_0x55ab8cf8d1e0;  1 drivers
v0x55ab8ceda3f0_0 .net *"_ivl_184", 0 0, L_0x55ab8cf8d4d0;  1 drivers
v0x55ab8ceda4d0_0 .net *"_ivl_188", 0 0, L_0x55ab8cf8d330;  1 drivers
v0x55ab8ceda5b0_0 .net *"_ivl_190", 0 0, L_0x55ab8cf8d760;  1 drivers
v0x55ab8ceda690_0 .net *"_ivl_196", 0 0, L_0x55ab8cf8d620;  1 drivers
v0x55ab8ceda770_0 .net *"_ivl_206", 0 0, L_0x55ab8cf8ddf0;  1 drivers
v0x55ab8ceda850_0 .net *"_ivl_208", 0 0, L_0x55ab8cf8db10;  1 drivers
v0x55ab8ceda930_0 .net *"_ivl_212", 0 0, L_0x55ab8cf8de60;  1 drivers
v0x55ab8cedaa10_0 .net *"_ivl_214", 0 0, L_0x55ab8cf8df20;  1 drivers
v0x55ab8cedaaf0_0 .net *"_ivl_216", 0 0, L_0x55ab8cf8dfe0;  1 drivers
v0x55ab8cedabd0_0 .net *"_ivl_218", 0 0, L_0x55ab8cf8e320;  1 drivers
v0x55ab8cedacb0_0 .net *"_ivl_222", 0 0, L_0x55ab8cf8e1d0;  1 drivers
v0x55ab8cedad90_0 .net *"_ivl_224", 0 0, L_0x55ab8cf8e240;  1 drivers
v0x55ab8cedae70_0 .net *"_ivl_226", 0 0, L_0x55ab8cf8e610;  1 drivers
v0x55ab8cedaf50_0 .net *"_ivl_230", 0 0, L_0x55ab8cf8e4a0;  1 drivers
v0x55ab8cedb030_0 .net *"_ivl_232", 0 0, L_0x55ab8cf8e8d0;  1 drivers
v0x55ab8cedb110_0 .net *"_ivl_234", 0 0, L_0x55ab8cf8e940;  1 drivers
v0x55ab8cedb1f0_0 .net *"_ivl_304", 0 0, L_0x55ab8cf8daa0;  1 drivers
v0x55ab8cedb2d0_0 .net *"_ivl_57", 0 0, L_0x55ab8cf825f0;  1 drivers
L_0x7fe792ab7868 .functor BUFT 1, C4<010001>, C4<0>, C4<0>, C4<0>;
v0x55ab8cedb3b0_0 .net/2u *"_ivl_58", 5 0, L_0x7fe792ab7868;  1 drivers
v0x55ab8cedb490_0 .net *"_ivl_61", 0 0, L_0x55ab8cf82690;  1 drivers
L_0x7fe792ab78b0 .functor BUFT 1, C4<011100>, C4<0>, C4<0>, C4<0>;
v0x55ab8cedb570_0 .net/2u *"_ivl_62", 5 0, L_0x7fe792ab78b0;  1 drivers
L_0x7fe792ab78f8 .functor BUFT 1, C4<000000>, C4<0>, C4<0>, C4<0>;
v0x55ab8cedb650_0 .net/2u *"_ivl_64", 5 0, L_0x7fe792ab78f8;  1 drivers
v0x55ab8cedb730_0 .net *"_ivl_66", 5 0, L_0x55ab8cf82820;  1 drivers
v0x55ab8cedb810_0 .net *"_ivl_77", 0 0, L_0x55ab8cf86a60;  1 drivers
L_0x7fe792ab79d0 .functor BUFT 1, C4<010001>, C4<0>, C4<0>, C4<0>;
v0x55ab8cedb8f0_0 .net/2u *"_ivl_78", 5 0, L_0x7fe792ab79d0;  1 drivers
v0x55ab8cedb9d0_0 .net *"_ivl_81", 0 0, L_0x55ab8cf86b00;  1 drivers
L_0x7fe792ab7a18 .functor BUFT 1, C4<011100>, C4<0>, C4<0>, C4<0>;
v0x55ab8cedbab0_0 .net/2u *"_ivl_82", 5 0, L_0x7fe792ab7a18;  1 drivers
L_0x7fe792ab7a60 .functor BUFT 1, C4<000000>, C4<0>, C4<0>, C4<0>;
v0x55ab8cedbb90_0 .net/2u *"_ivl_84", 5 0, L_0x7fe792ab7a60;  1 drivers
v0x55ab8cedbc70_0 .net *"_ivl_86", 5 0, L_0x55ab8cf82a00;  1 drivers
v0x55ab8cedbd50_0 .net *"_ivl_99", 0 0, L_0x55ab8cf8ad10;  1 drivers
v0x55ab8cedbe10_0 .net "branch_csr_pc_i", 31 0, L_0x55ab8cf7c790;  alias, 1 drivers
v0x55ab8cedbed0_0 .net "branch_csr_priv_i", 1 0, L_0x55ab8cf7ca20;  alias, 1 drivers
v0x55ab8cedbfa0_0 .net "branch_csr_request_i", 0 0, L_0x55ab8cf7c150;  alias, 1 drivers
v0x55ab8cedc070_0 .net "branch_d_exec0_pc_i", 31 0, v0x55ab8cd99430_0;  alias, 1 drivers
v0x55ab8cedc110_0 .net "branch_d_exec0_priv_i", 1 0, L_0x7fe792ab8090;  alias, 1 drivers
v0x55ab8cedc5c0_0 .net "branch_d_exec0_request_i", 0 0, L_0x55ab8cf94df0;  alias, 1 drivers
v0x55ab8cedc6b0_0 .net "branch_d_exec1_pc_i", 31 0, v0x55ab8cce12d0_0;  alias, 1 drivers
v0x55ab8cedc7a0_0 .net "branch_d_exec1_priv_i", 1 0, L_0x7fe792ab8480;  alias, 1 drivers
v0x55ab8cedc860_0 .net "branch_d_exec1_request_i", 0 0, L_0x55ab8cf97ed0;  alias, 1 drivers
v0x55ab8cedc950_0 .net "branch_exec0_is_call_i", 0 0, v0x55ab8cd93e30_0;  alias, 1 drivers
v0x55ab8cedc9f0_0 .net "branch_exec0_is_jmp_i", 0 0, v0x55ab8cd9aab0_0;  alias, 1 drivers
v0x55ab8cedca90_0 .net "branch_exec0_is_not_taken_i", 0 0, L_0x55ab8cf946a0;  alias, 1 drivers
v0x55ab8cedcb30_0 .net "branch_exec0_is_ret_i", 0 0, v0x55ab8cd99b30_0;  alias, 1 drivers
v0x55ab8cedcbd0_0 .net "branch_exec0_is_taken_i", 0 0, L_0x55ab8cf94630;  alias, 1 drivers
v0x55ab8cedcca0_0 .net "branch_exec0_pc_i", 31 0, v0x55ab8cd978f0_0;  alias, 1 drivers
v0x55ab8cedcd40_0 .net "branch_exec0_request_i", 0 0, L_0x55ab8cf945c0;  alias, 1 drivers
v0x55ab8cedcde0_0 .net "branch_exec0_source_i", 31 0, v0x55ab8cd97850_0;  alias, 1 drivers
v0x55ab8cedce80_0 .net "branch_exec1_is_call_i", 0 0, v0x55ab8cde71d0_0;  alias, 1 drivers
v0x55ab8cedcf50_0 .net "branch_exec1_is_jmp_i", 0 0, v0x55ab8cd29a50_0;  alias, 1 drivers
v0x55ab8cedd020_0 .net "branch_exec1_is_not_taken_i", 0 0, L_0x55ab8cf97780;  alias, 1 drivers
v0x55ab8cedd0f0_0 .net "branch_exec1_is_ret_i", 0 0, v0x55ab8cce3520_0;  alias, 1 drivers
v0x55ab8cedd190_0 .net "branch_exec1_is_taken_i", 0 0, L_0x55ab8cf97680;  alias, 1 drivers
v0x55ab8cedd260_0 .net "branch_exec1_pc_i", 31 0, v0x55ab8cdbf160_0;  alias, 1 drivers
v0x55ab8cedd300_0 .net "branch_exec1_request_i", 0 0, L_0x55ab8cf97610;  alias, 1 drivers
v0x55ab8cedd3a0_0 .net "branch_exec1_source_i", 31 0, v0x55ab8ccbdf00_0;  alias, 1 drivers
v0x55ab8cedd440_0 .net "branch_info_is_call_o", 0 0, L_0x55ab8cf8b940;  alias, 1 drivers
v0x55ab8cedd530_0 .net "branch_info_is_jmp_o", 0 0, L_0x55ab8cf81e10;  alias, 1 drivers
v0x55ab8cedd620_0 .net "branch_info_is_not_taken_o", 0 0, L_0x55ab8cf8b840;  alias, 1 drivers
v0x55ab8cedd710_0 .net "branch_info_is_ret_o", 0 0, L_0x55ab8cf8bcf0;  alias, 1 drivers
v0x55ab8cedd800_0 .net "branch_info_is_taken_o", 0 0, L_0x55ab8cf8b510;  alias, 1 drivers
v0x55ab8cedd8f0_0 .net "branch_info_pc_o", 31 0, L_0x55ab8cf8c3b0;  alias, 1 drivers
v0x55ab8cedd9e0_0 .net "branch_info_request_o", 0 0, L_0x55ab8cf8b310;  alias, 1 drivers
v0x55ab8ceddad0_0 .net "branch_info_source_o", 31 0, L_0x55ab8cf8bf40;  alias, 1 drivers
v0x55ab8ceddbc0_0 .net "branch_pc_o", 31 0, L_0x55ab8cf810c0;  alias, 1 drivers
v0x55ab8ceddc60_0 .net "branch_priv_o", 1 0, L_0x55ab8cf81160;  alias, 1 drivers
v0x55ab8ceddd00_0 .net "branch_request_o", 0 0, L_0x55ab8cf81050;  alias, 1 drivers
v0x55ab8ceddda0_0 .net "clk_i", 0 0, v0x55ab8cf10ee0_0;  alias, 1 drivers
v0x55ab8cedde40_0 .net "csr_opcode_invalid_o", 0 0, L_0x55ab8cf91cc0;  alias, 1 drivers
v0x55ab8ceddee0_0 .net "csr_opcode_opcode_o", 31 0, L_0x55ab8cf90c20;  alias, 1 drivers
v0x55ab8ceddf80_0 .net "csr_opcode_pc_o", 31 0, L_0x55ab8cf90c90;  alias, 1 drivers
v0x55ab8cede020_0 .net "csr_opcode_ra_idx_o", 4 0, L_0x55ab8cf90e80;  alias, 1 drivers
v0x55ab8cede0c0_0 .net "csr_opcode_ra_operand_o", 31 0, L_0x55ab8cf91ec0;  alias, 1 drivers
v0x55ab8cede160_0 .net "csr_opcode_rb_idx_o", 4 0, L_0x55ab8cf91e50;  alias, 1 drivers
v0x55ab8cede200_0 .net "csr_opcode_rb_operand_o", 31 0, L_0x55ab8cf91b40;  alias, 1 drivers
v0x55ab8cede2a0_0 .net "csr_opcode_rd_idx_o", 4 0, L_0x55ab8cf90e10;  alias, 1 drivers
v0x55ab8cede340_0 .net "csr_opcode_valid_o", 0 0, L_0x55ab8cf90aa0;  alias, 1 drivers
v0x55ab8cede3e0_0 .var "csr_pending_q", 0 0;
v0x55ab8cede480_0 .net "csr_result_e1_exception_i", 5 0, L_0x55ab8cf7c530;  alias, 1 drivers
v0x55ab8cede540_0 .net "csr_result_e1_value_i", 31 0, L_0x55ab8cf7c3a0;  alias, 1 drivers
v0x55ab8cede600_0 .net "csr_result_e1_wdata_i", 31 0, L_0x55ab8cf7b2f0;  alias, 1 drivers
v0x55ab8cede6c0_0 .net "csr_result_e1_write_i", 0 0, L_0x55ab8cf7b280;  alias, 1 drivers
v0x55ab8cede760_0 .net "csr_writeback_exception_addr_o", 31 0, L_0x55ab8cf8b060;  alias, 1 drivers
v0x55ab8cede870_0 .net "csr_writeback_exception_o", 5 0, L_0x55ab8cf8aca0;  alias, 1 drivers
v0x55ab8cede980_0 .net "csr_writeback_exception_pc_o", 31 0, L_0x55ab8cf8ae40;  alias, 1 drivers
v0x55ab8cedea90_0 .net "csr_writeback_waddr_o", 11 0, L_0x55ab8cf86590;  alias, 1 drivers
v0x55ab8cedeba0_0 .net "csr_writeback_wdata_o", 31 0, L_0x55ab8cf86630;  alias, 1 drivers
v0x55ab8cedec60_0 .net "csr_writeback_write_o", 0 0, v0x55ab8cec5390_0;  alias, 1 drivers
v0x55ab8ceded50_0 .net "div_opcode_valid_o", 0 0, L_0x55ab8cf8d840;  alias, 1 drivers
v0x55ab8cededf0_0 .var "div_pending_q", 0 0;
v0x55ab8cedee90_0 .net "dual_issue_ok_w", 0 0, L_0x55ab8cf8d540;  1 drivers
v0x55ab8cedef50_0 .net "dual_issue_w", 0 0, L_0x55ab8cf8e050;  1 drivers
v0x55ab8cedf010_0 .net "enable_dual_issue_w", 0 0, L_0x7fe792ab7790;  1 drivers
L_0x7fe792ab7820 .functor BUFT 1, C4<1>, C4<0>, C4<0>, C4<0>;
v0x55ab8cedf0d0_0 .net "enable_mul_bypass_w", 0 0, L_0x7fe792ab7820;  1 drivers
v0x55ab8cedf190_0 .net "enable_muldiv_w", 0 0, L_0x7fe792ab77d8;  1 drivers
v0x55ab8cedf250_0 .net "exec0_hold_o", 0 0, L_0x55ab8cf86870;  alias, 1 drivers
v0x55ab8cedf2f0_0 .net "exec0_opcode_valid_o", 0 0, L_0x55ab8cf8d5b0;  alias, 1 drivers
v0x55ab8cedf390_0 .net "exec1_hold_o", 0 0, L_0x55ab8cf8abc0;  alias, 1 drivers
v0x55ab8cedf430_0 .net "exec1_opcode_valid_o", 0 0, L_0x55ab8cf8dcf0;  alias, 1 drivers
v0x55ab8cedf4d0_0 .net "fetch0_accept_o", 0 0, L_0x55ab8cf8e390;  alias, 1 drivers
v0x55ab8cedfd80_0 .net "fetch0_fault_fetch_i", 0 0, L_0x55ab8cf25470;  alias, 1 drivers
v0x55ab8cedfe70_0 .net "fetch0_fault_page_i", 0 0, L_0x55ab8cf25340;  alias, 1 drivers
v0x55ab8cedff60_0 .net "fetch0_instr_branch_i", 0 0, L_0x55ab8cf44060;  alias, 1 drivers
v0x55ab8cee0000_0 .net "fetch0_instr_csr_i", 0 0, L_0x55ab8cf47320;  alias, 1 drivers
v0x55ab8cee00a0_0 .net "fetch0_instr_div_i", 0 0, L_0x55ab8cf44d40;  alias, 1 drivers
v0x55ab8cee0140_0 .net "fetch0_instr_exec_i", 0 0, L_0x55ab8cf3f2c0;  alias, 1 drivers
v0x55ab8cee01e0_0 .net "fetch0_instr_i", 31 0, L_0x55ab8cf24660;  alias, 1 drivers
v0x55ab8cee0310_0 .net "fetch0_instr_invalid_i", 0 0, L_0x55ab8cf33160;  alias, 1 drivers
v0x55ab8cee03b0_0 .net "fetch0_instr_lsu_i", 0 0, L_0x55ab8cf42440;  alias, 1 drivers
v0x55ab8cee0450_0 .net "fetch0_instr_mul_i", 0 0, L_0x55ab8cf43f00;  alias, 1 drivers
v0x55ab8cee04f0_0 .net "fetch0_instr_rd_valid_i", 0 0, L_0x55ab8cf3b8c0;  alias, 1 drivers
v0x55ab8cee0590_0 .net "fetch0_pc_i", 31 0, L_0x55ab8cf23cb0;  alias, 1 drivers
v0x55ab8cee0630_0 .net "fetch0_valid_i", 0 0, L_0x55ab8cf23050;  alias, 1 drivers
v0x55ab8cee0760_0 .net "fetch1_accept_o", 0 0, L_0x55ab8cf8e680;  alias, 1 drivers
v0x55ab8cee0800_0 .net "fetch1_fault_fetch_i", 0 0, L_0x55ab8cf256d0;  alias, 1 drivers
v0x55ab8cee08a0_0 .net "fetch1_fault_page_i", 0 0, L_0x55ab8cf255a0;  alias, 1 drivers
v0x55ab8cee0940_0 .net "fetch1_instr_branch_i", 0 0, L_0x55ab8cf65850;  alias, 1 drivers
v0x55ab8cee09e0_0 .net "fetch1_instr_csr_i", 0 0, L_0x55ab8cf6a640;  alias, 1 drivers
v0x55ab8cee0a80_0 .net "fetch1_instr_div_i", 0 0, L_0x55ab8cf67d20;  alias, 1 drivers
v0x55ab8cee0b20_0 .net "fetch1_instr_exec_i", 0 0, L_0x55ab8cf61b20;  alias, 1 drivers
v0x55ab8cee0bc0_0 .net "fetch1_instr_i", 31 0, L_0x55ab8cf24900;  alias, 1 drivers
v0x55ab8cee0cf0_0 .net "fetch1_instr_invalid_i", 0 0, L_0x55ab8cf55080;  alias, 1 drivers
v0x55ab8cee0d90_0 .net "fetch1_instr_lsu_i", 0 0, L_0x55ab8cf63ce0;  alias, 1 drivers
v0x55ab8cee0e30_0 .net "fetch1_instr_mul_i", 0 0, L_0x55ab8cf66b80;  alias, 1 drivers
v0x55ab8cee0ed0_0 .net "fetch1_instr_rd_valid_i", 0 0, L_0x55ab8cf5e6a0;  alias, 1 drivers
v0x55ab8cee0f70_0 .net "fetch1_pc_i", 31 0, L_0x55ab8cf24180;  alias, 1 drivers
v0x55ab8cee1010_0 .net "fetch1_valid_i", 0 0, L_0x55ab8cf23610;  alias, 1 drivers
v0x55ab8cee1140_0 .net "interrupt_inhibit_o", 0 0, L_0x55ab8cf8d940;  alias, 1 drivers
v0x55ab8cee11e0_0 .net "issue_a_branch_w", 0 0, L_0x55ab8cf81750;  1 drivers
v0x55ab8cee1280_0 .net "issue_a_csr_w", 0 0, L_0x55ab8cf81a10;  1 drivers
v0x55ab8cee1320_0 .net "issue_a_div_w", 0 0, L_0x55ab8cf81970;  1 drivers
v0x55ab8cee13c0_0 .net "issue_a_exec_w", 0 0, L_0x55ab8cf81520;  1 drivers
v0x55ab8cee1460_0 .net "issue_a_fault_w", 5 0, L_0x55ab8cf82960;  1 drivers
v0x55ab8cee1500_0 .net "issue_a_invalid_w", 0 0, L_0x55ab8cf81b70;  1 drivers
v0x55ab8cee15a0_0 .net "issue_a_lsu_w", 0 0, L_0x55ab8cf81610;  1 drivers
v0x55ab8cee1670_0 .net "issue_a_mul_w", 0 0, L_0x55ab8cf818d0;  1 drivers
v0x55ab8cee1740_0 .net "issue_a_ra_idx_w", 4 0, L_0x55ab8cf81200;  1 drivers
v0x55ab8cee1810_0 .var "issue_a_ra_value_r", 31 0;
v0x55ab8cee18b0_0 .net "issue_a_ra_value_w", 31 0, L_0x55ab8cf8fc00;  1 drivers
v0x55ab8cee1980_0 .net "issue_a_rb_idx_w", 4 0, L_0x55ab8cf812a0;  1 drivers
v0x55ab8cee1a50_0 .var "issue_a_rb_value_r", 31 0;
v0x55ab8cee1af0_0 .net "issue_a_rb_value_w", 31 0, L_0x55ab8cf8fa90;  1 drivers
v0x55ab8cee1be0_0 .net "issue_a_rd_idx_w", 4 0, L_0x55ab8cf81340;  1 drivers
v0x55ab8cee1cb0_0 .net "issue_a_sb_alloc_w", 0 0, L_0x55ab8cf81430;  1 drivers
v0x55ab8cee1d80_0 .net "issue_b_branch_w", 0 0, L_0x55ab8cf822d0;  1 drivers
v0x55ab8cee1e50_0 .net "issue_b_csr_w", 0 0, L_0x55ab8cf824c0;  1 drivers
v0x55ab8cee1ef0_0 .net "issue_b_div_w", 0 0, L_0x55ab8cf82450;  1 drivers
v0x55ab8cee1f90_0 .net "issue_b_exec_w", 0 0, L_0x55ab8cf821a0;  1 drivers
v0x55ab8cee2030_0 .net "issue_b_fault_w", 5 0, L_0x55ab8cf86d00;  1 drivers
v0x55ab8cee2120_0 .net "issue_b_invalid_w", 0 0, L_0x55ab8cf82580;  1 drivers
v0x55ab8cee21c0_0 .net "issue_b_lsu_w", 0 0, L_0x55ab8cf82210;  1 drivers
v0x55ab8cee2290_0 .net "issue_b_mul_w", 0 0, L_0x55ab8cf82390;  1 drivers
v0x55ab8cee2360_0 .net "issue_b_ra_idx_w", 4 0, L_0x55ab8cf81d20;  1 drivers
v0x55ab8cee2430_0 .var "issue_b_ra_value_r", 31 0;
v0x55ab8cee24d0_0 .net "issue_b_ra_value_w", 31 0, L_0x55ab8cf8fd80;  1 drivers
v0x55ab8cee25c0_0 .net "issue_b_rb_idx_w", 4 0, L_0x55ab8cf81e90;  1 drivers
v0x55ab8cee2690_0 .var "issue_b_rb_value_r", 31 0;
v0x55ab8cee2750_0 .net "issue_b_rb_value_w", 31 0, L_0x55ab8cf8fc70;  1 drivers
v0x55ab8cee2840_0 .net "issue_b_rd_idx_w", 4 0, L_0x55ab8cf81fd0;  1 drivers
v0x55ab8cee2910_0 .net "issue_b_sb_alloc_w", 0 0, L_0x55ab8cf81ab0;  1 drivers
v0x55ab8cee29e0_0 .net "lsu_opcode_invalid_o", 0 0, L_0x7fe792ab7c58;  alias, 1 drivers
v0x55ab8cee2a80_0 .net "lsu_opcode_opcode_o", 31 0, L_0x55ab8cf908c0;  alias, 1 drivers
v0x55ab8cee2b40_0 .net "lsu_opcode_pc_o", 31 0, L_0x55ab8cf90960;  alias, 1 drivers
v0x55ab8cee2c20_0 .net "lsu_opcode_ra_idx_o", 4 0, L_0x55ab8cf91020;  alias, 1 drivers
v0x55ab8cee2d00_0 .net "lsu_opcode_ra_operand_o", 31 0, L_0x55ab8cf91280;  alias, 1 drivers
v0x55ab8cee2de0_0 .net "lsu_opcode_rb_idx_o", 4 0, L_0x55ab8cf91150;  alias, 1 drivers
v0x55ab8cee2ec0_0 .net "lsu_opcode_rb_operand_o", 31 0, L_0x55ab8cf90a00;  alias, 1 drivers
v0x55ab8cee2fa0_0 .net "lsu_opcode_rd_idx_o", 4 0, L_0x55ab8cf8da00;  alias, 1 drivers
v0x55ab8cee3080_0 .net "lsu_opcode_valid_o", 0 0, L_0x55ab8cf8d7d0;  alias, 1 drivers
v0x55ab8cee3140_0 .net "lsu_stall_i", 0 0, L_0x55ab8cf757a0;  alias, 1 drivers
v0x55ab8cee3200_0 .var "mispredicted_r", 0 0;
v0x55ab8cee32c0_0 .net "mul_hold_o", 0 0, L_0x55ab8cf868e0;  alias, 1 drivers
v0x55ab8cee3380_0 .net "mul_opcode_invalid_o", 0 0, L_0x7fe792ab7ca0;  alias, 1 drivers
v0x55ab8cee3440_0 .net "mul_opcode_opcode_o", 31 0, L_0x55ab8cf91570;  alias, 1 drivers
v0x55ab8cee3520_0 .net "mul_opcode_pc_o", 31 0, L_0x55ab8cf91320;  alias, 1 drivers
v0x55ab8cee3600_0 .net "mul_opcode_ra_idx_o", 4 0, L_0x55ab8cf91770;  alias, 1 drivers
v0x55ab8cee36e0_0 .net "mul_opcode_ra_operand_o", 31 0, L_0x55ab8cf91610;  alias, 1 drivers
v0x55ab8cee37c0_0 .net "mul_opcode_rb_idx_o", 4 0, L_0x55ab8cf91810;  alias, 1 drivers
v0x55ab8cee38a0_0 .net "mul_opcode_rb_operand_o", 31 0, L_0x55ab8cf916b0;  alias, 1 drivers
v0x55ab8cee3980_0 .net "mul_opcode_rd_idx_o", 4 0, L_0x55ab8cf913c0;  alias, 1 drivers
v0x55ab8cee3a60_0 .net "mul_opcode_valid_o", 0 0, L_0x55ab8cf8c450;  alias, 1 drivers
v0x55ab8cee3b20_0 .net "opcode0_invalid_o", 0 0, L_0x7fe792ab7bc8;  alias, 1 drivers
v0x55ab8cee3bc0_0 .net "opcode0_opcode_o", 31 0, L_0x55ab8cf8ff10;  alias, 1 drivers
v0x55ab8cee3c80_0 .net "opcode0_pc_o", 31 0, v0x55ab8cee4a60_0;  alias, 1 drivers
v0x55ab8cee3d40_0 .net "opcode0_ra_idx_o", 4 0, L_0x55ab8cf8eab0;  alias, 1 drivers
v0x55ab8cee3e00_0 .net "opcode0_ra_operand_o", 31 0, v0x55ab8cee1810_0;  alias, 1 drivers
v0x55ab8cee3ec0_0 .net "opcode0_rb_idx_o", 4 0, L_0x55ab8cf8ebb0;  alias, 1 drivers
v0x55ab8cee3fd0_0 .net "opcode0_rb_operand_o", 31 0, v0x55ab8cee1a50_0;  alias, 1 drivers
v0x55ab8cee4090_0 .net "opcode0_rd_idx_o", 4 0, L_0x55ab8cf8e9b0;  alias, 1 drivers
v0x55ab8cee41a0_0 .net "opcode1_invalid_o", 0 0, L_0x7fe792ab7c10;  alias, 1 drivers
v0x55ab8cee4240_0 .net "opcode1_opcode_o", 31 0, L_0x55ab8cf90120;  alias, 1 drivers
v0x55ab8cee4330_0 .net "opcode1_pc_o", 31 0, v0x55ab8cee4ec0_0;  alias, 1 drivers
v0x55ab8cee4440_0 .net "opcode1_ra_idx_o", 4 0, L_0x55ab8cf904a0;  alias, 1 drivers
v0x55ab8cee4500_0 .net "opcode1_ra_operand_o", 31 0, v0x55ab8cee2430_0;  alias, 1 drivers
v0x55ab8cee4610_0 .net "opcode1_rb_idx_o", 4 0, L_0x55ab8cf90510;  alias, 1 drivers
v0x55ab8cee46d0_0 .net "opcode1_rb_operand_o", 31 0, v0x55ab8cee2690_0;  alias, 1 drivers
v0x55ab8cee47c0_0 .net "opcode1_rd_idx_o", 4 0, L_0x55ab8cf90850;  alias, 1 drivers
v0x55ab8cee4880_0 .var "opcode_a_accept_r", 0 0;
v0x55ab8cee4920_0 .var "opcode_a_fault_r", 1 0;
v0x55ab8cee49c0_0 .var "opcode_a_issue_r", 0 0;
v0x55ab8cee4a60_0 .var "opcode_a_pc_r", 31 0;
v0x55ab8cee4b20_0 .var "opcode_a_r", 31 0;
v0x55ab8cee4c00_0 .var "opcode_a_valid_r", 0 0;
v0x55ab8cee4cc0_0 .var "opcode_b_accept_r", 0 0;
v0x55ab8cee4d60_0 .var "opcode_b_fault_r", 1 0;
v0x55ab8cee4e20_0 .var "opcode_b_issue_r", 0 0;
v0x55ab8cee4ec0_0 .var "opcode_b_pc_r", 31 0;
v0x55ab8cee4f80_0 .var "opcode_b_r", 31 0;
v0x55ab8cee5060_0 .var "opcode_b_valid_r", 0 0;
v0x55ab8cee5120_0 .var "pc_x_q", 31 0;
v0x55ab8cee5200_0 .net "pipe0_branch_e1_w", 0 0, L_0x55ab8cf83370;  1 drivers
v0x55ab8cee52a0_0 .net "pipe0_csr_wb_w", 0 0, L_0x55ab8cf85700;  1 drivers
v0x55ab8cee5370_0 .net "pipe0_exception_wb_w", 5 0, v0x55ab8cec5d80_0;  1 drivers
v0x55ab8cee5440_0 .net "pipe0_load_e1_w", 0 0, L_0x55ab8cf82e80;  1 drivers
v0x55ab8cee5510_0 .net "pipe0_load_e2_w", 0 0, L_0x55ab8cf83fd0;  1 drivers
v0x55ab8cee55e0_0 .net "pipe0_mul_e1_w", 0 0, L_0x55ab8cf83280;  1 drivers
v0x55ab8cee56b0_0 .net "pipe0_mul_e2_w", 0 0, L_0x55ab8cf840c0;  1 drivers
v0x55ab8cee5780_0 .net "pipe0_opc_wb_w", 31 0, L_0x55ab8cf862f0;  1 drivers
v0x55ab8cee5850_0 .net "pipe0_opcode_e1_w", 31 0, L_0x55ab8cf83990;  1 drivers
v0x55ab8cee5920_0 .net "pipe0_operand_ra_e1_w", 31 0, L_0x55ab8cf83aa0;  1 drivers
v0x55ab8cee59f0_0 .net "pipe0_operand_rb_e1_w", 31 0, L_0x55ab8cf83b60;  1 drivers
v0x55ab8cee5ac0_0 .net "pipe0_pc_e1_w", 31 0, L_0x55ab8cf838d0;  1 drivers
v0x55ab8cee5b90_0 .net "pipe0_pc_wb_w", 31 0, v0x55ab8cec8ae0_0;  1 drivers
v0x55ab8cee5c60_0 .net "pipe0_ra_val_wb_w", 31 0, L_0x55ab8cf861e0;  1 drivers
v0x55ab8cee5d30_0 .net "pipe0_rb_val_wb_w", 31 0, L_0x55ab8cf86520;  1 drivers
v0x55ab8cee5e00_0 .net "pipe0_rd_e1_w", 4 0, L_0x55ab8cf837c0;  1 drivers
v0x55ab8cee5ed0_0 .net "pipe0_rd_e2_w", 4 0, L_0x55ab8cf84240;  1 drivers
v0x55ab8cee5fa0_0 .net "pipe0_rd_wb_w", 4 0, L_0x55ab8cf85ba0;  1 drivers
v0x55ab8cedf5c0_0 .net "pipe0_result_e2_w", 31 0, L_0x55ab8cf84980;  1 drivers
v0x55ab8cedf660_0 .net "pipe0_result_wb_w", 31 0, v0x55ab8cec91e0_0;  1 drivers
v0x55ab8cedf750_0 .net "pipe0_squash_e1_e2_w", 0 0, L_0x55ab8cf852d0;  1 drivers
v0x55ab8cedf7f0_0 .net "pipe0_stall_raw_w", 0 0, L_0x55ab8cf85110;  1 drivers
v0x55ab8cedf890_0 .net "pipe0_store_e1_w", 0 0, L_0x55ab8cf82fc0;  1 drivers
v0x55ab8cedf960_0 .net "pipe0_valid_wb_w", 0 0, L_0x55ab8cf855d0;  1 drivers
v0x55ab8cedfa30_0 .net "pipe1_branch_e1_w", 0 0, L_0x55ab8cf87730;  1 drivers
v0x55ab8cedfb00_0 .net "pipe1_exception_wb_w", 5 0, v0x55ab8cececd0_0;  1 drivers
v0x55ab8cedfbd0_0 .net "pipe1_load_e1_w", 0 0, L_0x55ab8cf87240;  1 drivers
v0x55ab8cedfca0_0 .net "pipe1_load_e2_w", 0 0, L_0x55ab8cf883f0;  1 drivers
v0x55ab8cee7050_0 .net "pipe1_mul_e1_w", 0 0, L_0x55ab8cf87640;  1 drivers
v0x55ab8cee7120_0 .net "pipe1_mul_e2_w", 0 0, L_0x55ab8cf884e0;  1 drivers
v0x55ab8cee71f0_0 .var "pipe1_mux_lsu_r", 0 0;
v0x55ab8cee7290_0 .var "pipe1_mux_mul_r", 0 0;
v0x55ab8cee7330_0 .net "pipe1_ok_w", 0 0, L_0x55ab8cf8c770;  1 drivers
v0x55ab8cee73d0_0 .net "pipe1_opc_wb_w", 31 0, L_0x55ab8cf8a640;  1 drivers
v0x55ab8cee74a0_0 .net "pipe1_opcode_e1_w", 31 0, L_0x55ab8cf87db0;  1 drivers
v0x55ab8cee7570_0 .net "pipe1_operand_ra_e1_w", 31 0, L_0x55ab8cf87ec0;  1 drivers
v0x55ab8cee7640_0 .net "pipe1_operand_rb_e1_w", 31 0, L_0x55ab8cf87f80;  1 drivers
v0x55ab8cee7710_0 .net "pipe1_pc_e1_w", 31 0, L_0x55ab8cf87cf0;  1 drivers
v0x55ab8cee77e0_0 .net "pipe1_pc_wb_w", 31 0, v0x55ab8ced13e0_0;  1 drivers
v0x55ab8cee78b0_0 .net "pipe1_ra_val_wb_w", 31 0, L_0x55ab8cf8a530;  1 drivers
v0x55ab8cee7980_0 .net "pipe1_rb_val_wb_w", 31 0, L_0x55ab8cf8a870;  1 drivers
v0x55ab8cee7a50_0 .net "pipe1_rd_e1_w", 4 0, L_0x55ab8cf87be0;  1 drivers
v0x55ab8cee7b20_0 .net "pipe1_rd_e2_w", 4 0, L_0x55ab8cf88660;  1 drivers
v0x55ab8cee7bf0_0 .net "pipe1_rd_wb_w", 4 0, L_0x55ab8cf89ef0;  1 drivers
v0x55ab8cee7ce0_0 .net "pipe1_result_e2_w", 31 0, L_0x55ab8cf88da0;  1 drivers
v0x55ab8cee7d80_0 .net "pipe1_result_wb_w", 31 0, v0x55ab8ced1ae0_0;  1 drivers
v0x55ab8cee7e70_0 .net "pipe1_squash_e1_e2_w", 0 0, L_0x55ab8cf896f0;  1 drivers
v0x55ab8cee7f60_0 .net "pipe1_stall_raw_w", 0 0, L_0x55ab8cf89530;  1 drivers
v0x55ab8cee8000_0 .net "pipe1_store_e1_w", 0 0, L_0x55ab8cf87380;  1 drivers
v0x55ab8cee80a0_0 .net "pipe1_valid_wb_w", 0 0, L_0x55ab8cf89920;  1 drivers
v0x55ab8cee8170_0 .var "priv_x_q", 1 0;
v0x55ab8cee8210_0 .net "rst_i", 0 0, v0x55ab8cf12130_0;  alias, 1 drivers
v0x55ab8cee82b0_0 .var "scoreboard_r", 31 0;
v0x55ab8cee8350_0 .net "single_issue_w", 0 0, L_0x55ab8cf8e0c0;  1 drivers
v0x55ab8cee83f0_0 .var "slot0_valid_r", 0 0;
v0x55ab8cee8490_0 .var "slot1_valid_r", 0 0;
v0x55ab8cee8530_0 .net "squash_w", 0 0, L_0x55ab8cf8c550;  1 drivers
v0x55ab8cee85d0_0 .net "stall_w", 0 0, L_0x55ab8cf8e790;  1 drivers
v0x55ab8cee86c0_0 .net "take_interrupt_i", 0 0, v0x55ab8cd81c20_0;  alias, 1 drivers
v0x55ab8cee8760_0 .net "writeback_div_valid_i", 0 0, v0x55ab8ce28e60_0;  alias, 1 drivers
v0x55ab8cee8800_0 .net "writeback_div_value_i", 31 0, L_0x55ab8cf80d00;  alias, 1 drivers
v0x55ab8cee88a0_0 .net "writeback_exec0_value_i", 31 0, L_0x55ab8cf94550;  alias, 1 drivers
v0x55ab8cee8990_0 .net "writeback_exec1_value_i", 31 0, L_0x55ab8cf97510;  alias, 1 drivers
v0x55ab8cee8aa0_0 .net "writeback_mem_exception_i", 5 0, L_0x55ab8cf780a0;  alias, 1 drivers
v0x55ab8cee8bb0_0 .net "writeback_mem_valid_i", 0 0, L_0x55ab8cf76f30;  alias, 1 drivers
v0x55ab8cee8ca0_0 .net "writeback_mem_value_i", 31 0, L_0x55ab8cf76ff0;  alias, 1 drivers
v0x55ab8cee8db0_0 .net "writeback_mul_value_i", 31 0, L_0x55ab8cf7ec50;  alias, 1 drivers
E_0x55ab8c67e870/0 .event anyedge, v0x55ab8ced7fe0_0, v0x55ab8ced8360_0, v0x55ab8cec8d80_0, v0x55ab8ced7f00_0;
E_0x55ab8c67e870/1 .event anyedge, v0x55ab8cec9100_0, v0x55ab8ced8280_0, v0x55ab8ced1680_0, v0x55ab8ced1a00_0;
E_0x55ab8c67e870/2 .event anyedge, v0x55ab8cec8ca0_0, v0x55ab8cec8e60_0, v0x55ab8ced15a0_0, v0x55ab8ced1760_0;
E_0x55ab8c67e870/3 .event anyedge, v0x55ab8cec8bc0_0, v0x55ab8cd97170_0, v0x55ab8ced14c0_0, v0x55ab8cc75f80_0;
E_0x55ab8c67e870 .event/or E_0x55ab8c67e870/0, E_0x55ab8c67e870/1, E_0x55ab8c67e870/2, E_0x55ab8c67e870/3;
E_0x55ab8c698ab0/0 .event anyedge, v0x55ab8ced7e40_0, v0x55ab8ced81a0_0, v0x55ab8cec8d80_0, v0x55ab8ced7d60_0;
E_0x55ab8c698ab0/1 .event anyedge, v0x55ab8cec9100_0, v0x55ab8ced80c0_0, v0x55ab8ced1680_0, v0x55ab8ced1a00_0;
E_0x55ab8c698ab0/2 .event anyedge, v0x55ab8cec8ca0_0, v0x55ab8cec8e60_0, v0x55ab8ced15a0_0, v0x55ab8ced1760_0;
E_0x55ab8c698ab0/3 .event anyedge, v0x55ab8cec8bc0_0, v0x55ab8cd97170_0, v0x55ab8ced14c0_0, v0x55ab8cc75f80_0;
E_0x55ab8c698ab0 .event/or E_0x55ab8c698ab0/0, E_0x55ab8c698ab0/1, E_0x55ab8c698ab0/2, E_0x55ab8c698ab0/3;
E_0x55ab8c7db2d0/0 .event anyedge, v0x55ab8cec7080_0, v0x55ab8cec7540_0, v0x55ab8cec8bc0_0, v0x55ab8cecf9c0_0;
E_0x55ab8c7db2d0/1 .event anyedge, v0x55ab8cecfe70_0, v0x55ab8ced14c0_0, v0x55ab8cec97e0_0, v0x55ab8ced20f0_0;
E_0x55ab8c7db2d0/2 .event anyedge, v0x55ab8cec6860_0, v0x55ab8cec6600_0, v0x55ab8cec6560_0, v0x55ab8cee3140_0;
E_0x55ab8c7db2d0/3 .event anyedge, v0x55ab8cec6f00_0, v0x55ab8cededf0_0, v0x55ab8cede3e0_0, v0x55ab8cee4c00_0;
E_0x55ab8c7db2d0/4 .event anyedge, v0x55ab8ced7d60_0, v0x55ab8cee82b0_0, v0x55ab8ced80c0_0, v0x55ab8cec6d60_0;
E_0x55ab8c7db2d0/5 .event anyedge, v0x55ab8cec5e60_0, v0x55ab8cec6e40_0, v0x55ab8cedee90_0, v0x55ab8cee5060_0;
E_0x55ab8c7db2d0/6 .event anyedge, v0x55ab8ced7f00_0, v0x55ab8ced8280_0, v0x55ab8cecf6d0_0, v0x55ab8cecf2b0_0;
E_0x55ab8c7db2d0/7 .event anyedge, v0x55ab8cecf370_0, v0x55ab8cecedb0_0, v0x55ab8cecf790_0;
E_0x55ab8c7db2d0 .event/or E_0x55ab8c7db2d0/0, E_0x55ab8c7db2d0/1, E_0x55ab8c7db2d0/2, E_0x55ab8c7db2d0/3, E_0x55ab8c7db2d0/4, E_0x55ab8c7db2d0/5, E_0x55ab8c7db2d0/6, E_0x55ab8c7db2d0/7;
E_0x55ab8c6aac60/0 .event anyedge, v0x55ab8cee83f0_0, v0x55ab8ceb4ee0_0, v0x55ab8ce927c0_0, v0x55ab8ceb75f0_0;
E_0x55ab8c6aac60/1 .event anyedge, v0x55ab8ceb8d20_0, v0x55ab8ceb8c80_0, v0x55ab8ceb4da0_0, v0x55ab8ceb7690_0;
E_0x55ab8c6aac60/2 .event anyedge, v0x55ab8ceb95e0_0, v0x55ab8ceb9540_0, v0x55ab8cee8490_0;
E_0x55ab8c6aac60 .event/or E_0x55ab8c6aac60/0, E_0x55ab8c6aac60/1, E_0x55ab8c6aac60/2;
E_0x55ab8ce15600/0 .event anyedge, v0x55ab8ccac270_0, v0x55ab8cee8530_0, v0x55ab8ce92900_0, v0x55ab8ceb75f0_0;
E_0x55ab8ce15600/1 .event anyedge, v0x55ab8cee5120_0, v0x55ab8ceb4ee0_0, v0x55ab8ceb7690_0;
E_0x55ab8ce15600 .event/or E_0x55ab8ce15600/0, E_0x55ab8ce15600/1;
L_0x55ab8cf810c0 .functor MUXZ 32, v0x55ab8cee5120_0, L_0x55ab8cf7c790, L_0x55ab8cf7c150, C4<>;
L_0x55ab8cf81160 .functor MUXZ 2, v0x55ab8cee8170_0, L_0x55ab8cf7ca20, L_0x55ab8cf7c150, C4<>;
L_0x55ab8cf81200 .part v0x55ab8cee4b20_0, 15, 5;
L_0x55ab8cf812a0 .part v0x55ab8cee4b20_0, 20, 5;
L_0x55ab8cf81340 .part v0x55ab8cee4b20_0, 7, 5;
L_0x55ab8cf81430 .functor MUXZ 1, L_0x55ab8cf5e6a0, L_0x55ab8cf3b8c0, v0x55ab8cee83f0_0, C4<>;
L_0x55ab8cf81520 .functor MUXZ 1, L_0x55ab8cf61b20, L_0x55ab8cf3f2c0, v0x55ab8cee83f0_0, C4<>;
L_0x55ab8cf81610 .functor MUXZ 1, L_0x55ab8cf63ce0, L_0x55ab8cf42440, v0x55ab8cee83f0_0, C4<>;
L_0x55ab8cf81750 .functor MUXZ 1, L_0x55ab8cf65850, L_0x55ab8cf44060, v0x55ab8cee83f0_0, C4<>;
L_0x55ab8cf818d0 .functor MUXZ 1, L_0x55ab8cf66b80, L_0x55ab8cf43f00, v0x55ab8cee83f0_0, C4<>;
L_0x55ab8cf81970 .functor MUXZ 1, L_0x55ab8cf67d20, L_0x55ab8cf44d40, v0x55ab8cee83f0_0, C4<>;
L_0x55ab8cf81a10 .functor MUXZ 1, L_0x55ab8cf6a640, L_0x55ab8cf47320, v0x55ab8cee83f0_0, C4<>;
L_0x55ab8cf81b70 .functor MUXZ 1, L_0x55ab8cf55080, L_0x55ab8cf33160, v0x55ab8cee83f0_0, C4<>;
L_0x55ab8cf81d20 .part v0x55ab8cee4f80_0, 15, 5;
L_0x55ab8cf81e90 .part v0x55ab8cee4f80_0, 20, 5;
L_0x55ab8cf81fd0 .part v0x55ab8cee4f80_0, 7, 5;
L_0x55ab8cf825f0 .part v0x55ab8cee4920_0, 0, 1;
L_0x55ab8cf82690 .part v0x55ab8cee4920_0, 1, 1;
L_0x55ab8cf82820 .functor MUXZ 6, L_0x7fe792ab78f8, L_0x7fe792ab78b0, L_0x55ab8cf82690, C4<>;
L_0x55ab8cf82960 .functor MUXZ 6, L_0x55ab8cf82820, L_0x7fe792ab7868, L_0x55ab8cf825f0, C4<>;
L_0x55ab8cf86a60 .part v0x55ab8cee4d60_0, 0, 1;
L_0x55ab8cf86b00 .part v0x55ab8cee4d60_0, 1, 1;
L_0x55ab8cf82a00 .functor MUXZ 6, L_0x7fe792ab7a60, L_0x7fe792ab7a18, L_0x55ab8cf86b00, C4<>;
L_0x55ab8cf86d00 .functor MUXZ 6, L_0x55ab8cf82a00, L_0x7fe792ab79d0, L_0x55ab8cf86a60, C4<>;
L_0x55ab8cf8ad10 .reduce/or v0x55ab8cec5d80_0;
L_0x55ab8cf8ae40 .functor MUXZ 32, v0x55ab8ced13e0_0, v0x55ab8cec8ae0_0, L_0x55ab8cf8ad10, C4<>;
L_0x55ab8cf8afc0 .reduce/or v0x55ab8cec5d80_0;
L_0x55ab8cf8b060 .functor MUXZ 32, v0x55ab8ced1ae0_0, v0x55ab8cec91e0_0, L_0x55ab8cf8afc0, C4<>;
L_0x55ab8cf8bf40 .functor MUXZ 32, v0x55ab8cd97850_0, v0x55ab8ccbdf00_0, L_0x55ab8cf8c030, C4<>;
L_0x55ab8cf8c3b0 .functor MUXZ 32, v0x55ab8cd978f0_0, v0x55ab8cdbf160_0, L_0x55ab8cf8c2b0, C4<>;
L_0x55ab8cf8d330 .functor MUXZ 1, v0x55ab8cee49c0_0, v0x55ab8cee4e20_0, v0x55ab8cee71f0_0, C4<>;
L_0x55ab8cf8d620 .functor MUXZ 1, v0x55ab8cee49c0_0, v0x55ab8cee4e20_0, v0x55ab8cee7290_0, C4<>;
L_0x55ab8cf908c0 .functor MUXZ 32, L_0x55ab8cf8ff10, L_0x55ab8cf90120, v0x55ab8cee71f0_0, C4<>;
L_0x55ab8cf90960 .functor MUXZ 32, v0x55ab8cee4a60_0, v0x55ab8cee4ec0_0, v0x55ab8cee71f0_0, C4<>;
L_0x55ab8cf8da00 .functor MUXZ 5, L_0x55ab8cf8e9b0, L_0x55ab8cf90850, v0x55ab8cee71f0_0, C4<>;
L_0x55ab8cf91020 .functor MUXZ 5, L_0x55ab8cf8eab0, L_0x55ab8cf904a0, v0x55ab8cee71f0_0, C4<>;
L_0x55ab8cf91150 .functor MUXZ 5, L_0x55ab8cf8ebb0, L_0x55ab8cf90510, v0x55ab8cee71f0_0, C4<>;
L_0x55ab8cf91280 .functor MUXZ 32, v0x55ab8cee1810_0, v0x55ab8cee2430_0, v0x55ab8cee71f0_0, C4<>;
L_0x55ab8cf90a00 .functor MUXZ 32, v0x55ab8cee1a50_0, v0x55ab8cee2690_0, v0x55ab8cee71f0_0, C4<>;
L_0x55ab8cf91570 .functor MUXZ 32, L_0x55ab8cf8ff10, L_0x55ab8cf90120, v0x55ab8cee7290_0, C4<>;
L_0x55ab8cf91320 .functor MUXZ 32, v0x55ab8cee4a60_0, v0x55ab8cee4ec0_0, v0x55ab8cee7290_0, C4<>;
L_0x55ab8cf913c0 .functor MUXZ 5, L_0x55ab8cf8e9b0, L_0x55ab8cf90850, v0x55ab8cee7290_0, C4<>;
L_0x55ab8cf91770 .functor MUXZ 5, L_0x55ab8cf8eab0, L_0x55ab8cf904a0, v0x55ab8cee7290_0, C4<>;
L_0x55ab8cf91810 .functor MUXZ 5, L_0x55ab8cf8ebb0, L_0x55ab8cf90510, v0x55ab8cee7290_0, C4<>;
L_0x55ab8cf91610 .functor MUXZ 32, v0x55ab8cee1810_0, v0x55ab8cee2430_0, v0x55ab8cee7290_0, C4<>;
L_0x55ab8cf916b0 .functor MUXZ 32, v0x55ab8cee1a50_0, v0x55ab8cee2690_0, v0x55ab8cee7290_0, C4<>;
S_0x55ab8cec2810 .scope module, "u_pipe0_ctrl" "biriscv_pipe_ctrl" 18 376, 19 25 0, S_0x55ab8cec1560;
 .timescale 0 0;
    .port_info 0 /INPUT 1 "clk_i";
    .port_info 1 /INPUT 1 "rst_i";
    .port_info 2 /INPUT 1 "issue_valid_i";
    .port_info 3 /INPUT 1 "issue_accept_i";
    .port_info 4 /INPUT 1 "issue_stall_i";
    .port_info 5 /INPUT 1 "issue_lsu_i";
    .port_info 6 /INPUT 1 "issue_csr_i";
    .port_info 7 /INPUT 1 "issue_div_i";
    .port_info 8 /INPUT 1 "issue_mul_i";
    .port_info 9 /INPUT 1 "issue_branch_i";
    .port_info 10 /INPUT 1 "issue_rd_valid_i";
    .port_info 11 /INPUT 5 "issue_rd_i";
    .port_info 12 /INPUT 6 "issue_exception_i";
    .port_info 13 /INPUT 1 "take_interrupt_i";
    .port_info 14 /INPUT 1 "issue_branch_taken_i";
    .port_info 15 /INPUT 32 "issue_branch_target_i";
    .port_info 16 /INPUT 32 "issue_pc_i";
    .port_info 17 /INPUT 32 "issue_opcode_i";
    .port_info 18 /INPUT 32 "issue_operand_ra_i";
    .port_info 19 /INPUT 32 "issue_operand_rb_i";
    .port_info 20 /INPUT 32 "alu_result_e1_i";
    .port_info 21 /INPUT 32 "csr_result_value_e1_i";
    .port_info 22 /INPUT 1 "csr_result_write_e1_i";
    .port_info 23 /INPUT 32 "csr_result_wdata_e1_i";
    .port_info 24 /INPUT 6 "csr_result_exception_e1_i";
    .port_info 25 /OUTPUT 1 "load_e1_o";
    .port_info 26 /OUTPUT 1 "store_e1_o";
    .port_info 27 /OUTPUT 1 "mul_e1_o";
    .port_info 28 /OUTPUT 1 "branch_e1_o";
    .port_info 29 /OUTPUT 5 "rd_e1_o";
    .port_info 30 /OUTPUT 32 "pc_e1_o";
    .port_info 31 /OUTPUT 32 "opcode_e1_o";
    .port_info 32 /OUTPUT 32 "operand_ra_e1_o";
    .port_info 33 /OUTPUT 32 "operand_rb_e1_o";
    .port_info 34 /INPUT 1 "mem_complete_i";
    .port_info 35 /INPUT 32 "mem_result_e2_i";
    .port_info 36 /INPUT 6 "mem_exception_e2_i";
    .port_info 37 /INPUT 32 "mul_result_e2_i";
    .port_info 38 /OUTPUT 1 "load_e2_o";
    .port_info 39 /OUTPUT 1 "mul_e2_o";
    .port_info 40 /OUTPUT 5 "rd_e2_o";
    .port_info 41 /OUTPUT 32 "result_e2_o";
    .port_info 42 /INPUT 1 "div_complete_i";
    .port_info 43 /INPUT 32 "div_result_i";
    .port_info 44 /OUTPUT 1 "valid_wb_o";
    .port_info 45 /OUTPUT 1 "csr_wb_o";
    .port_info 46 /OUTPUT 5 "rd_wb_o";
    .port_info 47 /OUTPUT 32 "result_wb_o";
    .port_info 48 /OUTPUT 32 "pc_wb_o";
    .port_info 49 /OUTPUT 32 "opcode_wb_o";
    .port_info 50 /OUTPUT 32 "operand_ra_wb_o";
    .port_info 51 /OUTPUT 32 "operand_rb_wb_o";
    .port_info 52 /OUTPUT 6 "exception_wb_o";
    .port_info 53 /OUTPUT 1 "csr_write_wb_o";
    .port_info 54 /OUTPUT 12 "csr_waddr_wb_o";
    .port_info 55 /OUTPUT 32 "csr_wdata_wb_o";
    .port_info 56 /OUTPUT 1 "stall_o";
    .port_info 57 /OUTPUT 1 "squash_e1_e2_o";
    .port_info 58 /INPUT 1 "squash_e1_e2_i";
    .port_info 59 /INPUT 1 "squash_wb_i";
P_0x55ab8ccb9d40 .param/l "SUPPORT_LOAD_BYPASS" 0 19 30, +C4<00000000000000000000000000000001>;
P_0x55ab8ccb9d80 .param/l "SUPPORT_MUL_BYPASS" 0 19 31, +C4<00000000000000000000000000000001>;
L_0x55ab8cf82ce0 .functor AND 1, L_0x55ab8cf94df0, L_0x55ab8cf82bf0, C4<1>, C4<1>;
L_0x55ab8cf837c0 .functor AND 5, L_0x55ab8cf83610, L_0x55ab8cf836b0, C4<11111>, C4<11111>;
L_0x55ab8cf838d0 .functor BUFZ 32, v0x55ab8cec8840_0, C4<00000000000000000000000000000000>, C4<00000000000000000000000000000000>, C4<00000000000000000000000000000000>;
L_0x55ab8cf83990 .functor BUFZ 32, v0x55ab8cec7b20_0, C4<00000000000000000000000000000000>, C4<00000000000000000000000000000000>, C4<00000000000000000000000000000000>;
L_0x55ab8cf83aa0 .functor BUFZ 32, v0x55ab8cec7f80_0, C4<00000000000000000000000000000000>, C4<00000000000000000000000000000000>, C4<00000000000000000000000000000000>;
L_0x55ab8cf83b60 .functor BUFZ 32, v0x55ab8cec83e0_0, C4<00000000000000000000000000000000>, C4<00000000000000000000000000000000>, C4<00000000000000000000000000000000>;
L_0x55ab8cf83c20 .functor NOT 1, L_0x55ab8cf8e790, C4<0>, C4<0>, C4<0>;
L_0x55ab8cf83c90 .functor AND 1, v0x55ab8ceca1f0_0, L_0x55ab8cf83c20, C4<1>, C4<1>;
L_0x55ab8cf83750 .functor OR 1, L_0x55ab8cf83da0, L_0x55ab8cf83e40, C4<0>, C4<0>;
L_0x55ab8cf84370 .functor AND 1, L_0x55ab8cf83c90, L_0x55ab8cf842d0, C4<1>, C4<1>;
L_0x55ab8cf84430 .functor NOT 1, L_0x55ab8cf85110, C4<0>, C4<0>, C4<0>;
L_0x55ab8cf844a0 .functor AND 1, L_0x55ab8cf84370, L_0x55ab8cf84430, C4<1>, C4<1>;
L_0x55ab8cf84240 .functor AND 5, L_0x55ab8cf84620, L_0x55ab8cf84840, C4<11111>, C4<11111>;
L_0x55ab8cf84980 .functor BUFZ 32, v0x55ab8cec9020_0, C4<00000000000000000000000000000000>, C4<00000000000000000000000000000000>, C4<00000000000000000000000000000000>;
L_0x55ab8cf845b0 .functor NOT 1, v0x55ab8ce28e60_0, C4<0>, C4<0>, C4<0>;
L_0x55ab8cf847a0 .functor AND 1, L_0x55ab8cf84a40, L_0x55ab8cf845b0, C4<1>, C4<1>;
L_0x55ab8cf84ae0 .functor OR 1, L_0x55ab8cf84cc0, L_0x55ab8cf84d60, C4<0>, C4<0>;
L_0x55ab8cf84f60 .functor NOT 1, L_0x55ab8cf76f30, C4<0>, C4<0>, C4<0>;
L_0x55ab8cf84c30 .functor AND 1, L_0x55ab8cf84ae0, L_0x55ab8cf84f60, C4<1>, C4<1>;
L_0x55ab8cf85110 .functor OR 1, L_0x55ab8cf847a0, L_0x55ab8cf84c30, C4<0>, C4<0>;
L_0x55ab8cf852d0 .functor OR 1, L_0x55ab8cf84fd0, v0x55ab8cec94e0_0, C4<0>, C4<0>;
L_0x55ab8cf84e00 .functor NOT 1, L_0x55ab8cf8e790, C4<0>, C4<0>, C4<0>;
L_0x55ab8cf85220 .functor AND 1, L_0x55ab8cf853d0, L_0x55ab8cf84e00, C4<1>, C4<1>;
L_0x55ab8cf85690 .functor NOT 1, L_0x55ab8cf8e790, C4<0>, C4<0>, C4<0>;
L_0x55ab8cf855d0 .functor AND 1, v0x55ab8ceca430_0, L_0x55ab8cf85690, C4<1>, C4<1>;
L_0x55ab8cf85910 .functor NOT 1, L_0x55ab8cf8e790, C4<0>, C4<0>, C4<0>;
L_0x55ab8cf85700 .functor AND 1, L_0x55ab8cf85820, L_0x55ab8cf85910, C4<1>, C4<1>;
L_0x55ab8cf85470 .functor AND 1, L_0x55ab8cf855d0, L_0x55ab8cf85b00, C4<1>, C4<1>;
L_0x55ab8cf85980 .functor NOT 1, L_0x55ab8cf85110, C4<0>, C4<0>, C4<0>;
L_0x55ab8cf859f0 .functor AND 1, L_0x55ab8cf85470, L_0x55ab8cf85980, C4<1>, C4<1>;
L_0x55ab8cf85ba0 .functor AND 5, L_0x55ab8cf85c80, L_0x55ab8cf85fe0, C4<11111>, C4<11111>;
L_0x55ab8cf862f0 .functor BUFZ 32, v0x55ab8cec7dc0_0, C4<00000000000000000000000000000000>, C4<00000000000000000000000000000000>, C4<00000000000000000000000000000000>;
L_0x55ab8cf861e0 .functor BUFZ 32, v0x55ab8cec8220_0, C4<00000000000000000000000000000000>, C4<00000000000000000000000000000000>, C4<00000000000000000000000000000000>;
L_0x55ab8cf86520 .functor BUFZ 32, v0x55ab8cec8680_0, C4<00000000000000000000000000000000>, C4<00000000000000000000000000000000>, C4<00000000000000000000000000000000>;
L_0x55ab8cf86630 .functor BUFZ 32, v0x55ab8cec51f0_0, C4<00000000000000000000000000000000>, C4<00000000000000000000000000000000>, C4<00000000000000000000000000000000>;
v0x55ab8cec3140_0 .net *"_ivl_1", 1 0, L_0x55ab8cf82b50;  1 drivers
v0x55ab8cec31e0_0 .net *"_ivl_101", 0 0, L_0x55ab8cf85820;  1 drivers
v0x55ab8cec3280_0 .net *"_ivl_102", 0 0, L_0x55ab8cf85910;  1 drivers
v0x55ab8cec3320_0 .net *"_ivl_107", 0 0, L_0x55ab8cf85b00;  1 drivers
v0x55ab8cec33c0_0 .net *"_ivl_109", 0 0, L_0x55ab8cf85470;  1 drivers
v0x55ab8cec3460_0 .net *"_ivl_110", 0 0, L_0x55ab8cf85980;  1 drivers
v0x55ab8cec3500_0 .net *"_ivl_113", 0 0, L_0x55ab8cf859f0;  1 drivers
v0x55ab8cec35a0_0 .net *"_ivl_114", 4 0, L_0x55ab8cf85c80;  1 drivers
v0x55ab8cec3640_0 .net *"_ivl_117", 4 0, L_0x55ab8cf85fe0;  1 drivers
L_0x7fe792ab7940 .functor BUFT 1, C4<00>, C4<0>, C4<0>, C4<0>;
v0x55ab8cec36e0_0 .net/2u *"_ivl_2", 1 0, L_0x7fe792ab7940;  1 drivers
v0x55ab8cec3780_0 .net *"_ivl_23", 0 0, L_0x55ab8cf83460;  1 drivers
v0x55ab8cec3820_0 .net *"_ivl_24", 4 0, L_0x55ab8cf83610;  1 drivers
v0x55ab8cec38c0_0 .net *"_ivl_27", 4 0, L_0x55ab8cf836b0;  1 drivers
v0x55ab8cec3960_0 .net *"_ivl_38", 0 0, L_0x55ab8cf83c20;  1 drivers
v0x55ab8cec3a00_0 .net *"_ivl_4", 0 0, L_0x55ab8cf82bf0;  1 drivers
v0x55ab8cec3aa0_0 .net *"_ivl_43", 0 0, L_0x55ab8cf83da0;  1 drivers
v0x55ab8cec3b40_0 .net *"_ivl_45", 0 0, L_0x55ab8cf83e40;  1 drivers
v0x55ab8cec3be0_0 .net *"_ivl_53", 0 0, L_0x55ab8cf842d0;  1 drivers
v0x55ab8cec3c80_0 .net *"_ivl_55", 0 0, L_0x55ab8cf84370;  1 drivers
v0x55ab8cec3d20_0 .net *"_ivl_56", 0 0, L_0x55ab8cf84430;  1 drivers
v0x55ab8cec3dc0_0 .net *"_ivl_59", 0 0, L_0x55ab8cf844a0;  1 drivers
v0x55ab8cec3e60_0 .net *"_ivl_60", 4 0, L_0x55ab8cf84620;  1 drivers
v0x55ab8cec3f00_0 .net *"_ivl_63", 4 0, L_0x55ab8cf84840;  1 drivers
v0x55ab8cec3fa0_0 .net *"_ivl_69", 0 0, L_0x55ab8cf84a40;  1 drivers
v0x55ab8cec4040_0 .net *"_ivl_70", 0 0, L_0x55ab8cf845b0;  1 drivers
v0x55ab8cec40e0_0 .net *"_ivl_73", 0 0, L_0x55ab8cf847a0;  1 drivers
v0x55ab8cec4180_0 .net *"_ivl_75", 0 0, L_0x55ab8cf84cc0;  1 drivers
v0x55ab8cec4220_0 .net *"_ivl_77", 0 0, L_0x55ab8cf84d60;  1 drivers
v0x55ab8cec42c0_0 .net *"_ivl_78", 0 0, L_0x55ab8cf84ae0;  1 drivers
v0x55ab8cec4360_0 .net *"_ivl_80", 0 0, L_0x55ab8cf84f60;  1 drivers
v0x55ab8cec4400_0 .net *"_ivl_82", 0 0, L_0x55ab8cf84c30;  1 drivers
v0x55ab8cec44a0_0 .net *"_ivl_91", 0 0, L_0x55ab8cf853d0;  1 drivers
v0x55ab8cec4540_0 .net *"_ivl_92", 0 0, L_0x55ab8cf84e00;  1 drivers
v0x55ab8cec47f0_0 .net *"_ivl_96", 0 0, L_0x55ab8cf85690;  1 drivers
v0x55ab8cec4890_0 .net "alu_e1_w", 0 0, L_0x55ab8cf82de0;  1 drivers
v0x55ab8cec4930_0 .net "alu_result_e1_i", 31 0, L_0x55ab8cf94550;  alias, 1 drivers
v0x55ab8cec49d0_0 .net "branch_e1_o", 0 0, L_0x55ab8cf83370;  alias, 1 drivers
v0x55ab8cec4a70_0 .net "branch_misaligned_w", 0 0, L_0x55ab8cf82ce0;  1 drivers
v0x55ab8cec4b10_0 .net "clk_i", 0 0, v0x55ab8cf10ee0_0;  alias, 1 drivers
v0x55ab8cec4bb0_0 .net "complete_wb_w", 0 0, L_0x55ab8cf85220;  1 drivers
v0x55ab8cec4c50_0 .net "csr_e1_w", 0 0, L_0x55ab8cf830b0;  1 drivers
v0x55ab8cec4cf0_0 .net "csr_result_exception_e1_i", 5 0, L_0x55ab8cf7c530;  alias, 1 drivers
v0x55ab8cec4d90_0 .net "csr_result_value_e1_i", 31 0, L_0x55ab8cf7c3a0;  alias, 1 drivers
v0x55ab8cec4e30_0 .net "csr_result_wdata_e1_i", 31 0, L_0x55ab8cf7b2f0;  alias, 1 drivers
v0x55ab8cec4ed0_0 .net "csr_result_write_e1_i", 0 0, L_0x55ab8cf7b280;  alias, 1 drivers
v0x55ab8cec4f70_0 .net "csr_waddr_wb_o", 11 0, L_0x55ab8cf86590;  alias, 1 drivers
v0x55ab8cec5010_0 .net "csr_wb_o", 0 0, L_0x55ab8cf85700;  alias, 1 drivers
v0x55ab8cec50b0_0 .var "csr_wdata_e2_q", 31 0;
v0x55ab8cec5150_0 .net "csr_wdata_wb_o", 31 0, L_0x55ab8cf86630;  alias, 1 drivers
v0x55ab8cec51f0_0 .var "csr_wdata_wb_q", 31 0;
v0x55ab8cec52d0_0 .var "csr_wr_e2_q", 0 0;
v0x55ab8cec5390_0 .var "csr_wr_wb_q", 0 0;
v0x55ab8cec5450_0 .net "csr_write_wb_o", 0 0, v0x55ab8cec5390_0;  alias, 1 drivers
v0x55ab8cec5520_0 .var "ctrl_e1_q", 9 0;
v0x55ab8cec55e0_0 .var "ctrl_e2_q", 9 0;
v0x55ab8cec56c0_0 .var "ctrl_wb_q", 9 0;
v0x55ab8cec57a0_0 .net "div_complete_i", 0 0, v0x55ab8ce28e60_0;  alias, 1 drivers
v0x55ab8cec5870_0 .net "div_e1_w", 0 0, L_0x55ab8cf831e0;  1 drivers
v0x55ab8cec5910_0 .net "div_result_i", 31 0, L_0x55ab8cf80d00;  alias, 1 drivers
v0x55ab8cec5a00_0 .var "exception_e1_q", 5 0;
v0x55ab8cec5ae0_0 .var "exception_e2_q", 5 0;
v0x55ab8cec5bc0_0 .var "exception_e2_r", 5 0;
v0x55ab8cec5ca0_0 .net "exception_wb_o", 5 0, v0x55ab8cec5d80_0;  alias, 1 drivers
v0x55ab8cec5d80_0 .var "exception_wb_q", 5 0;
v0x55ab8cec5e60_0 .net "issue_accept_i", 0 0, v0x55ab8cee4880_0;  1 drivers
v0x55ab8cec6330_0 .net "issue_branch_i", 0 0, L_0x55ab8cf81750;  alias, 1 drivers
v0x55ab8cec63f0_0 .net "issue_branch_taken_i", 0 0, L_0x55ab8cf94df0;  alias, 1 drivers
v0x55ab8cec6490_0 .net "issue_branch_target_i", 31 0, v0x55ab8cd99430_0;  alias, 1 drivers
v0x55ab8cec6560_0 .net "issue_csr_i", 0 0, L_0x55ab8cf81a10;  alias, 1 drivers
v0x55ab8cec6600_0 .net "issue_div_i", 0 0, L_0x55ab8cf81970;  alias, 1 drivers
v0x55ab8cec66c0_0 .net "issue_exception_i", 5 0, L_0x55ab8cf82960;  alias, 1 drivers
v0x55ab8cec67a0_0 .net "issue_lsu_i", 0 0, L_0x55ab8cf81610;  alias, 1 drivers
v0x55ab8cec6860_0 .net "issue_mul_i", 0 0, L_0x55ab8cf818d0;  alias, 1 drivers
v0x55ab8cec6920_0 .net "issue_opcode_i", 31 0, L_0x55ab8cf8ff10;  alias, 1 drivers
v0x55ab8cec6a30_0 .net "issue_operand_ra_i", 31 0, v0x55ab8cee1810_0;  alias, 1 drivers
v0x55ab8cec6b40_0 .net "issue_operand_rb_i", 31 0, v0x55ab8cee1a50_0;  alias, 1 drivers
v0x55ab8cec6c50_0 .net "issue_pc_i", 31 0, v0x55ab8cee4a60_0;  alias, 1 drivers
v0x55ab8cec6d60_0 .net "issue_rd_i", 4 0, L_0x55ab8cf81340;  alias, 1 drivers
v0x55ab8cec6e40_0 .net "issue_rd_valid_i", 0 0, L_0x55ab8cf81430;  alias, 1 drivers
v0x55ab8cec6f00_0 .net "issue_stall_i", 0 0, L_0x55ab8cf8e790;  alias, 1 drivers
v0x55ab8cec6fc0_0 .net "issue_valid_i", 0 0, v0x55ab8cee49c0_0;  1 drivers
v0x55ab8cec7080_0 .net "load_e1_o", 0 0, L_0x55ab8cf82e80;  alias, 1 drivers
v0x55ab8cec7140_0 .net "load_e2_o", 0 0, L_0x55ab8cf83fd0;  alias, 1 drivers
v0x55ab8cec7200_0 .net "load_store_e2_w", 0 0, L_0x55ab8cf83750;  1 drivers
v0x55ab8cec72c0_0 .net "mem_complete_i", 0 0, L_0x55ab8cf76f30;  alias, 1 drivers
v0x55ab8cec7380_0 .net "mem_exception_e2_i", 5 0, L_0x55ab8cf780a0;  alias, 1 drivers
v0x55ab8cec7460_0 .net "mem_result_e2_i", 31 0, L_0x55ab8cf76ff0;  alias, 1 drivers
v0x55ab8cec7540_0 .net "mul_e1_o", 0 0, L_0x55ab8cf83280;  alias, 1 drivers
v0x55ab8cec7600_0 .net "mul_e2_o", 0 0, L_0x55ab8cf840c0;  alias, 1 drivers
v0x55ab8cec76c0_0 .net "mul_result_e2_i", 31 0, L_0x55ab8cf7ec50;  alias, 1 drivers
v0x55ab8cec77a0_0 .var "npc_e1_q", 31 0;
v0x55ab8cec7880_0 .var "npc_e2_q", 31 0;
v0x55ab8cec7960_0 .var "npc_wb_q", 31 0;
v0x55ab8cec7a40_0 .net "opcode_e1_o", 31 0, L_0x55ab8cf83990;  alias, 1 drivers
v0x55ab8cec7b20_0 .var "opcode_e1_q", 31 0;
v0x55ab8cec7c00_0 .var "opcode_e2_q", 31 0;
v0x55ab8cec7ce0_0 .net "opcode_wb_o", 31 0, L_0x55ab8cf862f0;  alias, 1 drivers
v0x55ab8cec7dc0_0 .var "opcode_wb_q", 31 0;
v0x55ab8cec7ea0_0 .net "operand_ra_e1_o", 31 0, L_0x55ab8cf83aa0;  alias, 1 drivers
v0x55ab8cec7f80_0 .var "operand_ra_e1_q", 31 0;
v0x55ab8cec8060_0 .var "operand_ra_e2_q", 31 0;
v0x55ab8cec8140_0 .net "operand_ra_wb_o", 31 0, L_0x55ab8cf861e0;  alias, 1 drivers
v0x55ab8cec8220_0 .var "operand_ra_wb_q", 31 0;
v0x55ab8cec8300_0 .net "operand_rb_e1_o", 31 0, L_0x55ab8cf83b60;  alias, 1 drivers
v0x55ab8cec83e0_0 .var "operand_rb_e1_q", 31 0;
v0x55ab8cec84c0_0 .var "operand_rb_e2_q", 31 0;
v0x55ab8cec85a0_0 .net "operand_rb_wb_o", 31 0, L_0x55ab8cf86520;  alias, 1 drivers
v0x55ab8cec8680_0 .var "operand_rb_wb_q", 31 0;
v0x55ab8cec8760_0 .net "pc_e1_o", 31 0, L_0x55ab8cf838d0;  alias, 1 drivers
v0x55ab8cec8840_0 .var "pc_e1_q", 31 0;
v0x55ab8cec8920_0 .var "pc_e2_q", 31 0;
v0x55ab8cec8a00_0 .net "pc_wb_o", 31 0, v0x55ab8cec8ae0_0;  alias, 1 drivers
v0x55ab8cec8ae0_0 .var "pc_wb_q", 31 0;
v0x55ab8cec8bc0_0 .net "rd_e1_o", 4 0, L_0x55ab8cf837c0;  alias, 1 drivers
v0x55ab8cec8ca0_0 .net "rd_e2_o", 4 0, L_0x55ab8cf84240;  alias, 1 drivers
v0x55ab8cec8d80_0 .net "rd_wb_o", 4 0, L_0x55ab8cf85ba0;  alias, 1 drivers
v0x55ab8cec8e60_0 .net "result_e2_o", 31 0, L_0x55ab8cf84980;  alias, 1 drivers
v0x55ab8cec8f40_0 .var "result_e2_q", 31 0;
v0x55ab8cec9020_0 .var "result_e2_r", 31 0;
v0x55ab8cec9100_0 .net "result_wb_o", 31 0, v0x55ab8cec91e0_0;  alias, 1 drivers
v0x55ab8cec91e0_0 .var "result_wb_q", 31 0;
v0x55ab8cec92c0_0 .net "rst_i", 0 0, v0x55ab8cf12130_0;  alias, 1 drivers
v0x55ab8cec9360_0 .net "squash_e1_e2_i", 0 0, L_0x55ab8cf896f0;  alias, 1 drivers
v0x55ab8cec9420_0 .net "squash_e1_e2_o", 0 0, L_0x55ab8cf852d0;  alias, 1 drivers
v0x55ab8cec94e0_0 .var "squash_e1_e2_q", 0 0;
v0x55ab8cec95a0_0 .net "squash_e1_e2_w", 0 0, L_0x55ab8cf84fd0;  1 drivers
L_0x7fe792ab7988 .functor BUFT 1, C4<0>, C4<0>, C4<0>, C4<0>;
v0x55ab8cec9660_0 .net "squash_wb_i", 0 0, L_0x7fe792ab7988;  1 drivers
v0x55ab8cec9720_0 .net "stall_o", 0 0, L_0x55ab8cf85110;  alias, 1 drivers
v0x55ab8cec97e0_0 .net "store_e1_o", 0 0, L_0x55ab8cf82fc0;  alias, 1 drivers
v0x55ab8ceca0b0_0 .net "take_interrupt_i", 0 0, v0x55ab8cd81c20_0;  alias, 1 drivers
v0x55ab8ceca150_0 .var "valid_e1_q", 0 0;
v0x55ab8ceca1f0_0 .var "valid_e2_q", 0 0;
v0x55ab8ceca2b0_0 .net "valid_e2_w", 0 0, L_0x55ab8cf83c90;  1 drivers
v0x55ab8ceca370_0 .net "valid_wb_o", 0 0, L_0x55ab8cf855d0;  alias, 1 drivers
v0x55ab8ceca430_0 .var "valid_wb_q", 0 0;
E_0x55ab8cd28a70/0 .event anyedge, v0x55ab8ceca1f0_0, v0x55ab8cec55e0_0, v0x55ab8cec72c0_0, v0x55ab8cec7380_0;
E_0x55ab8cd28a70/1 .event anyedge, v0x55ab8cec5ae0_0;
E_0x55ab8cd28a70 .event/or E_0x55ab8cd28a70/0, E_0x55ab8cd28a70/1;
E_0x55ab8cd28ab0/0 .event anyedge, v0x55ab8cec8f40_0, v0x55ab8ceca2b0_0, v0x55ab8cec55e0_0, v0x55ab8cec7460_0;
E_0x55ab8cd28ab0/1 .event anyedge, v0x55ab8cec76c0_0;
E_0x55ab8cd28ab0 .event/or E_0x55ab8cd28ab0/0, E_0x55ab8cd28ab0/1;
L_0x55ab8cf82b50 .part v0x55ab8cd99430_0, 0, 2;
L_0x55ab8cf82bf0 .cmp/ne 2, L_0x55ab8cf82b50, L_0x7fe792ab7940;
L_0x55ab8cf82de0 .part v0x55ab8cec5520_0, 0, 1;
L_0x55ab8cf82e80 .part v0x55ab8cec5520_0, 1, 1;
L_0x55ab8cf82fc0 .part v0x55ab8cec5520_0, 2, 1;
L_0x55ab8cf830b0 .part v0x55ab8cec5520_0, 3, 1;
L_0x55ab8cf831e0 .part v0x55ab8cec5520_0, 4, 1;
L_0x55ab8cf83280 .part v0x55ab8cec5520_0, 5, 1;
L_0x55ab8cf83370 .part v0x55ab8cec5520_0, 6, 1;
L_0x55ab8cf83460 .part v0x55ab8cec5520_0, 7, 1;
LS_0x55ab8cf83610_0_0 .concat [ 1 1 1 1], L_0x55ab8cf83460, L_0x55ab8cf83460, L_0x55ab8cf83460, L_0x55ab8cf83460;
LS_0x55ab8cf83610_0_4 .concat [ 1 0 0 0], L_0x55ab8cf83460;
L_0x55ab8cf83610 .concat [ 4 1 0 0], LS_0x55ab8cf83610_0_0, LS_0x55ab8cf83610_0_4;
L_0x55ab8cf836b0 .part v0x55ab8cec7b20_0, 7, 5;
L_0x55ab8cf83da0 .part v0x55ab8cec55e0_0, 1, 1;
L_0x55ab8cf83e40 .part v0x55ab8cec55e0_0, 2, 1;
L_0x55ab8cf83fd0 .part v0x55ab8cec55e0_0, 1, 1;
L_0x55ab8cf840c0 .part v0x55ab8cec55e0_0, 5, 1;
L_0x55ab8cf842d0 .part v0x55ab8cec55e0_0, 7, 1;
LS_0x55ab8cf84620_0_0 .concat [ 1 1 1 1], L_0x55ab8cf844a0, L_0x55ab8cf844a0, L_0x55ab8cf844a0, L_0x55ab8cf844a0;
LS_0x55ab8cf84620_0_4 .concat [ 1 0 0 0], L_0x55ab8cf844a0;
L_0x55ab8cf84620 .concat [ 4 1 0 0], LS_0x55ab8cf84620_0_0, LS_0x55ab8cf84620_0_4;
L_0x55ab8cf84840 .part v0x55ab8cec7c00_0, 7, 5;
L_0x55ab8cf84a40 .part v0x55ab8cec5520_0, 4, 1;
L_0x55ab8cf84cc0 .part v0x55ab8cec55e0_0, 1, 1;
L_0x55ab8cf84d60 .part v0x55ab8cec55e0_0, 2, 1;
L_0x55ab8cf84fd0 .reduce/or v0x55ab8cec5bc0_0;
L_0x55ab8cf853d0 .part v0x55ab8cec56c0_0, 9, 1;
L_0x55ab8cf85820 .part v0x55ab8cec56c0_0, 3, 1;
L_0x55ab8cf85b00 .part v0x55ab8cec56c0_0, 7, 1;
LS_0x55ab8cf85c80_0_0 .concat [ 1 1 1 1], L_0x55ab8cf859f0, L_0x55ab8cf859f0, L_0x55ab8cf859f0, L_0x55ab8cf859f0;
LS_0x55ab8cf85c80_0_4 .concat [ 1 0 0 0], L_0x55ab8cf859f0;
L_0x55ab8cf85c80 .concat [ 4 1 0 0], LS_0x55ab8cf85c80_0_0, LS_0x55ab8cf85c80_0_4;
L_0x55ab8cf85fe0 .part v0x55ab8cec7dc0_0, 7, 5;
L_0x55ab8cf86590 .part v0x55ab8cec7dc0_0, 20, 12;
S_0x55ab8cecae60 .scope module, "u_pipe1_ctrl" "biriscv_pipe_ctrl" 18 498, 19 25 0, S_0x55ab8cec1560;
 .timescale 0 0;
    .port_info 0 /INPUT 1 "clk_i";
    .port_info 1 /INPUT 1 "rst_i";
    .port_info 2 /INPUT 1 "issue_valid_i";
    .port_info 3 /INPUT 1 "issue_accept_i";
    .port_info 4 /INPUT 1 "issue_stall_i";
    .port_info 5 /INPUT 1 "issue_lsu_i";
    .port_info 6 /INPUT 1 "issue_csr_i";
    .port_info 7 /INPUT 1 "issue_div_i";
    .port_info 8 /INPUT 1 "issue_mul_i";
    .port_info 9 /INPUT 1 "issue_branch_i";
    .port_info 10 /INPUT 1 "issue_rd_valid_i";
    .port_info 11 /INPUT 5 "issue_rd_i";
    .port_info 12 /INPUT 6 "issue_exception_i";
    .port_info 13 /INPUT 1 "take_interrupt_i";
    .port_info 14 /INPUT 1 "issue_branch_taken_i";
    .port_info 15 /INPUT 32 "issue_branch_target_i";
    .port_info 16 /INPUT 32 "issue_pc_i";
    .port_info 17 /INPUT 32 "issue_opcode_i";
    .port_info 18 /INPUT 32 "issue_operand_ra_i";
    .port_info 19 /INPUT 32 "issue_operand_rb_i";
    .port_info 20 /INPUT 32 "alu_result_e1_i";
    .port_info 21 /INPUT 32 "csr_result_value_e1_i";
    .port_info 22 /INPUT 1 "csr_result_write_e1_i";
    .port_info 23 /INPUT 32 "csr_result_wdata_e1_i";
    .port_info 24 /INPUT 6 "csr_result_exception_e1_i";
    .port_info 25 /OUTPUT 1 "load_e1_o";
    .port_info 26 /OUTPUT 1 "store_e1_o";
    .port_info 27 /OUTPUT 1 "mul_e1_o";
    .port_info 28 /OUTPUT 1 "branch_e1_o";
    .port_info 29 /OUTPUT 5 "rd_e1_o";
    .port_info 30 /OUTPUT 32 "pc_e1_o";
    .port_info 31 /OUTPUT 32 "opcode_e1_o";
    .port_info 32 /OUTPUT 32 "operand_ra_e1_o";
    .port_info 33 /OUTPUT 32 "operand_rb_e1_o";
    .port_info 34 /INPUT 1 "mem_complete_i";
    .port_info 35 /INPUT 32 "mem_result_e2_i";
    .port_info 36 /INPUT 6 "mem_exception_e2_i";
    .port_info 37 /INPUT 32 "mul_result_e2_i";
    .port_info 38 /OUTPUT 1 "load_e2_o";
    .port_info 39 /OUTPUT 1 "mul_e2_o";
    .port_info 40 /OUTPUT 5 "rd_e2_o";
    .port_info 41 /OUTPUT 32 "result_e2_o";
    .port_info 42 /INPUT 1 "div_complete_i";
    .port_info 43 /INPUT 32 "div_result_i";
    .port_info 44 /OUTPUT 1 "valid_wb_o";
    .port_info 45 /OUTPUT 1 "csr_wb_o";
    .port_info 46 /OUTPUT 5 "rd_wb_o";
    .port_info 47 /OUTPUT 32 "result_wb_o";
    .port_info 48 /OUTPUT 32 "pc_wb_o";
    .port_info 49 /OUTPUT 32 "opcode_wb_o";
    .port_info 50 /OUTPUT 32 "operand_ra_wb_o";
    .port_info 51 /OUTPUT 32 "operand_rb_wb_o";
    .port_info 52 /OUTPUT 6 "exception_wb_o";
    .port_info 53 /OUTPUT 1 "csr_write_wb_o";
    .port_info 54 /OUTPUT 12 "csr_waddr_wb_o";
    .port_info 55 /OUTPUT 32 "csr_wdata_wb_o";
    .port_info 56 /OUTPUT 1 "stall_o";
    .port_info 57 /OUTPUT 1 "squash_e1_e2_o";
    .port_info 58 /INPUT 1 "squash_e1_e2_i";
    .port_info 59 /INPUT 1 "squash_wb_i";
P_0x55ab8ccb9910 .param/l "SUPPORT_LOAD_BYPASS" 0 19 30, +C4<00000000000000000000000000000001>;
P_0x55ab8ccb9950 .param/l "SUPPORT_MUL_BYPASS" 0 19 31, +C4<00000000000000000000000000000001>;
L_0x55ab8cf870a0 .functor AND 1, L_0x55ab8cf97ed0, L_0x55ab8cf86fb0, C4<1>, C4<1>;
L_0x55ab8cf87be0 .functor AND 5, L_0x55ab8cf87a30, L_0x55ab8cf87ad0, C4<11111>, C4<11111>;
L_0x55ab8cf87cf0 .functor BUFZ 32, v0x55ab8ced1140_0, C4<00000000000000000000000000000000>, C4<00000000000000000000000000000000>, C4<00000000000000000000000000000000>;
L_0x55ab8cf87db0 .functor BUFZ 32, v0x55ab8ced0420_0, C4<00000000000000000000000000000000>, C4<00000000000000000000000000000000>, C4<00000000000000000000000000000000>;
L_0x55ab8cf87ec0 .functor BUFZ 32, v0x55ab8ced0880_0, C4<00000000000000000000000000000000>, C4<00000000000000000000000000000000>, C4<00000000000000000000000000000000>;
L_0x55ab8cf87f80 .functor BUFZ 32, v0x55ab8ced0ce0_0, C4<00000000000000000000000000000000>, C4<00000000000000000000000000000000>, C4<00000000000000000000000000000000>;
L_0x55ab8cf88040 .functor NOT 1, L_0x55ab8cf8e790, C4<0>, C4<0>, C4<0>;
L_0x55ab8cf880b0 .functor AND 1, v0x55ab8ced2b70_0, L_0x55ab8cf88040, C4<1>, C4<1>;
L_0x55ab8cf87b70 .functor OR 1, L_0x55ab8cf881c0, L_0x55ab8cf88260, C4<0>, C4<0>;
L_0x55ab8cf88790 .functor AND 1, L_0x55ab8cf880b0, L_0x55ab8cf886f0, C4<1>, C4<1>;
L_0x55ab8cf88850 .functor NOT 1, L_0x55ab8cf89530, C4<0>, C4<0>, C4<0>;
L_0x55ab8cf888c0 .functor AND 1, L_0x55ab8cf88790, L_0x55ab8cf88850, C4<1>, C4<1>;
L_0x55ab8cf88660 .functor AND 5, L_0x55ab8cf88a40, L_0x55ab8cf88c60, C4<11111>, C4<11111>;
L_0x55ab8cf88da0 .functor BUFZ 32, v0x55ab8ced1920_0, C4<00000000000000000000000000000000>, C4<00000000000000000000000000000000>, C4<00000000000000000000000000000000>;
L_0x55ab8cf889d0 .functor NOT 1, v0x55ab8ce28e60_0, C4<0>, C4<0>, C4<0>;
L_0x55ab8cf88bc0 .functor AND 1, L_0x55ab8cf88e60, L_0x55ab8cf889d0, C4<1>, C4<1>;
L_0x55ab8cf88f00 .functor OR 1, L_0x55ab8cf890e0, L_0x55ab8cf89180, C4<0>, C4<0>;
L_0x55ab8cf89380 .functor NOT 1, L_0x55ab8cf76f30, C4<0>, C4<0>, C4<0>;
L_0x55ab8cf89050 .functor AND 1, L_0x55ab8cf88f00, L_0x55ab8cf89380, C4<1>, C4<1>;
L_0x55ab8cf89530 .functor OR 1, L_0x55ab8cf88bc0, L_0x55ab8cf89050, C4<0>, C4<0>;
L_0x55ab8cf896f0 .functor OR 1, L_0x55ab8cf893f0, v0x55ab8ced1e00_0, C4<0>, C4<0>;
L_0x55ab8cf89220 .functor NOT 1, L_0x55ab8cf8e790, C4<0>, C4<0>, C4<0>;
L_0x55ab8cf89640 .functor AND 1, L_0x55ab8cf897b0, L_0x55ab8cf89220, C4<1>, C4<1>;
L_0x55ab8cf89a30 .functor NOT 1, L_0x55ab8cf8e790, C4<0>, C4<0>, C4<0>;
L_0x55ab8cf89920 .functor AND 1, v0x55ab8ced2db0_0, L_0x55ab8cf89a30, C4<1>, C4<1>;
L_0x55ab8cf89cb0 .functor NOT 1, L_0x55ab8cf8e790, C4<0>, C4<0>, C4<0>;
L_0x55ab8cf89aa0 .functor AND 1, L_0x55ab8cf89bc0, L_0x55ab8cf89cb0, C4<1>, C4<1>;
L_0x55ab8cf89850 .functor AND 1, L_0x55ab8cf89920, L_0x55ab8cf89e50, C4<1>, C4<1>;
L_0x55ab8cf89d20 .functor NOT 1, L_0x55ab8cf89530, C4<0>, C4<0>, C4<0>;
L_0x55ab8cf89d90 .functor AND 1, L_0x55ab8cf89850, L_0x55ab8cf89d20, C4<1>, C4<1>;
L_0x55ab8cf89ef0 .functor AND 5, L_0x55ab8cf89fd0, L_0x55ab8cf8a330, C4<11111>, C4<11111>;
L_0x55ab8cf8a640 .functor BUFZ 32, v0x55ab8ced06c0_0, C4<00000000000000000000000000000000>, C4<00000000000000000000000000000000>, C4<00000000000000000000000000000000>;
L_0x55ab8cf8a530 .functor BUFZ 32, v0x55ab8ced0b20_0, C4<00000000000000000000000000000000>, C4<00000000000000000000000000000000>, C4<00000000000000000000000000000000>;
L_0x55ab8cf8a870 .functor BUFZ 32, v0x55ab8ced0f80_0, C4<00000000000000000000000000000000>, C4<00000000000000000000000000000000>, C4<00000000000000000000000000000000>;
L_0x55ab8cf8aa10 .functor BUFZ 1, v0x55ab8cece270_0, C4<0>, C4<0>, C4<0>;
L_0x55ab8cf8a980 .functor BUFZ 32, v0x55ab8cece0d0_0, C4<00000000000000000000000000000000>, C4<00000000000000000000000000000000>, C4<00000000000000000000000000000000>;
v0x55ab8cecb720_0 .net *"_ivl_1", 1 0, L_0x55ab8cf86f10;  1 drivers
v0x55ab8cecb820_0 .net *"_ivl_101", 0 0, L_0x55ab8cf89bc0;  1 drivers
v0x55ab8cecb900_0 .net *"_ivl_102", 0 0, L_0x55ab8cf89cb0;  1 drivers
v0x55ab8cecb9f0_0 .net *"_ivl_107", 0 0, L_0x55ab8cf89e50;  1 drivers
v0x55ab8cecbad0_0 .net *"_ivl_109", 0 0, L_0x55ab8cf89850;  1 drivers
v0x55ab8cecbbe0_0 .net *"_ivl_110", 0 0, L_0x55ab8cf89d20;  1 drivers
v0x55ab8cecbcc0_0 .net *"_ivl_113", 0 0, L_0x55ab8cf89d90;  1 drivers
v0x55ab8cecbd80_0 .net *"_ivl_114", 4 0, L_0x55ab8cf89fd0;  1 drivers
v0x55ab8cecbe60_0 .net *"_ivl_117", 4 0, L_0x55ab8cf8a330;  1 drivers
L_0x7fe792ab7aa8 .functor BUFT 1, C4<00>, C4<0>, C4<0>, C4<0>;
v0x55ab8cecbf40_0 .net/2u *"_ivl_2", 1 0, L_0x7fe792ab7aa8;  1 drivers
v0x55ab8cecc020_0 .net *"_ivl_23", 0 0, L_0x55ab8cf87820;  1 drivers
v0x55ab8cecc100_0 .net *"_ivl_24", 4 0, L_0x55ab8cf87a30;  1 drivers
v0x55ab8cecc1e0_0 .net *"_ivl_27", 4 0, L_0x55ab8cf87ad0;  1 drivers
v0x55ab8cecc2c0_0 .net *"_ivl_38", 0 0, L_0x55ab8cf88040;  1 drivers
v0x55ab8cecc3a0_0 .net *"_ivl_4", 0 0, L_0x55ab8cf86fb0;  1 drivers
v0x55ab8cecc460_0 .net *"_ivl_43", 0 0, L_0x55ab8cf881c0;  1 drivers
v0x55ab8cecc540_0 .net *"_ivl_45", 0 0, L_0x55ab8cf88260;  1 drivers
v0x55ab8cecc620_0 .net *"_ivl_53", 0 0, L_0x55ab8cf886f0;  1 drivers
v0x55ab8cecc700_0 .net *"_ivl_55", 0 0, L_0x55ab8cf88790;  1 drivers
v0x55ab8cecc7c0_0 .net *"_ivl_56", 0 0, L_0x55ab8cf88850;  1 drivers
v0x55ab8cecc8a0_0 .net *"_ivl_59", 0 0, L_0x55ab8cf888c0;  1 drivers
v0x55ab8cecc960_0 .net *"_ivl_60", 4 0, L_0x55ab8cf88a40;  1 drivers
v0x55ab8cecca40_0 .net *"_ivl_63", 4 0, L_0x55ab8cf88c60;  1 drivers
v0x55ab8ceccb20_0 .net *"_ivl_69", 0 0, L_0x55ab8cf88e60;  1 drivers
v0x55ab8ceccc00_0 .net *"_ivl_70", 0 0, L_0x55ab8cf889d0;  1 drivers
v0x55ab8ceccce0_0 .net *"_ivl_73", 0 0, L_0x55ab8cf88bc0;  1 drivers
v0x55ab8ceccda0_0 .net *"_ivl_75", 0 0, L_0x55ab8cf890e0;  1 drivers
v0x55ab8cecce80_0 .net *"_ivl_77", 0 0, L_0x55ab8cf89180;  1 drivers
v0x55ab8ceccf60_0 .net *"_ivl_78", 0 0, L_0x55ab8cf88f00;  1 drivers
v0x55ab8cecd040_0 .net *"_ivl_80", 0 0, L_0x55ab8cf89380;  1 drivers
v0x55ab8cecd120_0 .net *"_ivl_82", 0 0, L_0x55ab8cf89050;  1 drivers
v0x55ab8cecd200_0 .net *"_ivl_91", 0 0, L_0x55ab8cf897b0;  1 drivers
v0x55ab8cecd2e0_0 .net *"_ivl_92", 0 0, L_0x55ab8cf89220;  1 drivers
v0x55ab8cecd3c0_0 .net *"_ivl_96", 0 0, L_0x55ab8cf89a30;  1 drivers
v0x55ab8cecd4a0_0 .net "alu_e1_w", 0 0, L_0x55ab8cf871a0;  1 drivers
v0x55ab8cecd560_0 .net "alu_result_e1_i", 31 0, L_0x55ab8cf97510;  alias, 1 drivers
v0x55ab8cecd620_0 .net "branch_e1_o", 0 0, L_0x55ab8cf87730;  alias, 1 drivers
v0x55ab8cecd6c0_0 .net "branch_misaligned_w", 0 0, L_0x55ab8cf870a0;  1 drivers
v0x55ab8cecd780_0 .net "clk_i", 0 0, v0x55ab8cf10ee0_0;  alias, 1 drivers
v0x55ab8cecd820_0 .net "complete_wb_w", 0 0, L_0x55ab8cf89640;  1 drivers
v0x55ab8cecd8e0_0 .net "csr_e1_w", 0 0, L_0x55ab8cf87470;  1 drivers
v0x55ab8cecd9a0_0 .net "csr_result_exception_e1_i", 5 0, L_0x55ab8cf7c530;  alias, 1 drivers
v0x55ab8cecda60_0 .net "csr_result_value_e1_i", 31 0, L_0x55ab8cf7c3a0;  alias, 1 drivers
v0x55ab8cecdb70_0 .net "csr_result_wdata_e1_i", 31 0, L_0x55ab8cf7b2f0;  alias, 1 drivers
v0x55ab8cecdc80_0 .net "csr_result_write_e1_i", 0 0, L_0x55ab8cf7b280;  alias, 1 drivers
v0x55ab8cecdd70_0 .net "csr_waddr_wb_o", 11 0, L_0x55ab8cf8a8e0;  1 drivers
v0x55ab8cecde50_0 .net "csr_wb_o", 0 0, L_0x55ab8cf89aa0;  1 drivers
v0x55ab8cecdf10_0 .var "csr_wdata_e2_q", 31 0;
v0x55ab8cecdff0_0 .net "csr_wdata_wb_o", 31 0, L_0x55ab8cf8a980;  1 drivers
v0x55ab8cece0d0_0 .var "csr_wdata_wb_q", 31 0;
v0x55ab8cece1b0_0 .var "csr_wr_e2_q", 0 0;
v0x55ab8cece270_0 .var "csr_wr_wb_q", 0 0;
v0x55ab8cece330_0 .net "csr_write_wb_o", 0 0, L_0x55ab8cf8aa10;  1 drivers
v0x55ab8cece3f0_0 .var "ctrl_e1_q", 9 0;
v0x55ab8cece4d0_0 .var "ctrl_e2_q", 9 0;
v0x55ab8cece5b0_0 .var "ctrl_wb_q", 9 0;
v0x55ab8cece690_0 .net "div_complete_i", 0 0, v0x55ab8ce28e60_0;  alias, 1 drivers
v0x55ab8cece780_0 .net "div_e1_w", 0 0, L_0x55ab8cf875a0;  1 drivers
v0x55ab8cece840_0 .net "div_result_i", 31 0, L_0x55ab8cf80d00;  alias, 1 drivers
v0x55ab8cece950_0 .var "exception_e1_q", 5 0;
v0x55ab8cecea30_0 .var "exception_e2_q", 5 0;
v0x55ab8ceceb10_0 .var "exception_e2_r", 5 0;
v0x55ab8cecebf0_0 .net "exception_wb_o", 5 0, v0x55ab8cececd0_0;  alias, 1 drivers
v0x55ab8cececd0_0 .var "exception_wb_q", 5 0;
v0x55ab8cecedb0_0 .net "issue_accept_i", 0 0, v0x55ab8cee4cc0_0;  1 drivers
v0x55ab8cecee70_0 .net "issue_branch_i", 0 0, L_0x55ab8cf822d0;  alias, 1 drivers
v0x55ab8cecef30_0 .net "issue_branch_taken_i", 0 0, L_0x55ab8cf97ed0;  alias, 1 drivers
v0x55ab8cecefd0_0 .net "issue_branch_target_i", 31 0, v0x55ab8cce12d0_0;  alias, 1 drivers
L_0x7fe792ab7af0 .functor BUFT 1, C4<0>, C4<0>, C4<0>, C4<0>;
v0x55ab8cecf070_0 .net "issue_csr_i", 0 0, L_0x7fe792ab7af0;  1 drivers
L_0x7fe792ab7b38 .functor BUFT 1, C4<0>, C4<0>, C4<0>, C4<0>;
v0x55ab8cecf110_0 .net "issue_div_i", 0 0, L_0x7fe792ab7b38;  1 drivers
v0x55ab8cecf1d0_0 .net "issue_exception_i", 5 0, L_0x55ab8cf86d00;  alias, 1 drivers
v0x55ab8cecf2b0_0 .net "issue_lsu_i", 0 0, L_0x55ab8cf82210;  alias, 1 drivers
v0x55ab8cecf370_0 .net "issue_mul_i", 0 0, L_0x55ab8cf82390;  alias, 1 drivers
v0x55ab8cecf430_0 .net "issue_opcode_i", 31 0, L_0x55ab8cf90120;  alias, 1 drivers
v0x55ab8cecf4f0_0 .net "issue_operand_ra_i", 31 0, v0x55ab8cee2430_0;  alias, 1 drivers
v0x55ab8cecf590_0 .net "issue_operand_rb_i", 31 0, v0x55ab8cee2690_0;  alias, 1 drivers
v0x55ab8cecf630_0 .net "issue_pc_i", 31 0, v0x55ab8cee4ec0_0;  alias, 1 drivers
v0x55ab8cecf6d0_0 .net "issue_rd_i", 4 0, L_0x55ab8cf81fd0;  alias, 1 drivers
v0x55ab8cecf790_0 .net "issue_rd_valid_i", 0 0, L_0x55ab8cf81ab0;  alias, 1 drivers
v0x55ab8cecf850_0 .net "issue_stall_i", 0 0, L_0x55ab8cf8e790;  alias, 1 drivers
v0x55ab8cecf920_0 .net "issue_valid_i", 0 0, v0x55ab8cee4e20_0;  1 drivers
v0x55ab8cecf9c0_0 .net "load_e1_o", 0 0, L_0x55ab8cf87240;  alias, 1 drivers
v0x55ab8cecfa80_0 .net "load_e2_o", 0 0, L_0x55ab8cf883f0;  alias, 1 drivers
v0x55ab8cecfb40_0 .net "load_store_e2_w", 0 0, L_0x55ab8cf87b70;  1 drivers
v0x55ab8cecfc00_0 .net "mem_complete_i", 0 0, L_0x55ab8cf76f30;  alias, 1 drivers
v0x55ab8cecfcd0_0 .net "mem_exception_e2_i", 5 0, L_0x55ab8cf780a0;  alias, 1 drivers
v0x55ab8cecfda0_0 .net "mem_result_e2_i", 31 0, L_0x55ab8cf76ff0;  alias, 1 drivers
v0x55ab8cecfe70_0 .net "mul_e1_o", 0 0, L_0x55ab8cf87640;  alias, 1 drivers
v0x55ab8cecff10_0 .net "mul_e2_o", 0 0, L_0x55ab8cf884e0;  alias, 1 drivers
v0x55ab8cecffd0_0 .net "mul_result_e2_i", 31 0, L_0x55ab8cf7ec50;  alias, 1 drivers
v0x55ab8ced00c0_0 .var "npc_e1_q", 31 0;
v0x55ab8ced0180_0 .var "npc_e2_q", 31 0;
v0x55ab8ced0260_0 .var "npc_wb_q", 31 0;
v0x55ab8ced0340_0 .net "opcode_e1_o", 31 0, L_0x55ab8cf87db0;  alias, 1 drivers
v0x55ab8ced0420_0 .var "opcode_e1_q", 31 0;
v0x55ab8ced0500_0 .var "opcode_e2_q", 31 0;
v0x55ab8ced05e0_0 .net "opcode_wb_o", 31 0, L_0x55ab8cf8a640;  alias, 1 drivers
v0x55ab8ced06c0_0 .var "opcode_wb_q", 31 0;
v0x55ab8ced07a0_0 .net "operand_ra_e1_o", 31 0, L_0x55ab8cf87ec0;  alias, 1 drivers
v0x55ab8ced0880_0 .var "operand_ra_e1_q", 31 0;
v0x55ab8ced0960_0 .var "operand_ra_e2_q", 31 0;
v0x55ab8ced0a40_0 .net "operand_ra_wb_o", 31 0, L_0x55ab8cf8a530;  alias, 1 drivers
v0x55ab8ced0b20_0 .var "operand_ra_wb_q", 31 0;
v0x55ab8ced0c00_0 .net "operand_rb_e1_o", 31 0, L_0x55ab8cf87f80;  alias, 1 drivers
v0x55ab8ced0ce0_0 .var "operand_rb_e1_q", 31 0;
v0x55ab8ced0dc0_0 .var "operand_rb_e2_q", 31 0;
v0x55ab8ced0ea0_0 .net "operand_rb_wb_o", 31 0, L_0x55ab8cf8a870;  alias, 1 drivers
v0x55ab8ced0f80_0 .var "operand_rb_wb_q", 31 0;
v0x55ab8ced1060_0 .net "pc_e1_o", 31 0, L_0x55ab8cf87cf0;  alias, 1 drivers
v0x55ab8ced1140_0 .var "pc_e1_q", 31 0;
v0x55ab8ced1220_0 .var "pc_e2_q", 31 0;
v0x55ab8ced1300_0 .net "pc_wb_o", 31 0, v0x55ab8ced13e0_0;  alias, 1 drivers
v0x55ab8ced13e0_0 .var "pc_wb_q", 31 0;
v0x55ab8ced14c0_0 .net "rd_e1_o", 4 0, L_0x55ab8cf87be0;  alias, 1 drivers
v0x55ab8ced15a0_0 .net "rd_e2_o", 4 0, L_0x55ab8cf88660;  alias, 1 drivers
v0x55ab8ced1680_0 .net "rd_wb_o", 4 0, L_0x55ab8cf89ef0;  alias, 1 drivers
v0x55ab8ced1760_0 .net "result_e2_o", 31 0, L_0x55ab8cf88da0;  alias, 1 drivers
v0x55ab8ced1840_0 .var "result_e2_q", 31 0;
v0x55ab8ced1920_0 .var "result_e2_r", 31 0;
v0x55ab8ced1a00_0 .net "result_wb_o", 31 0, v0x55ab8ced1ae0_0;  alias, 1 drivers
v0x55ab8ced1ae0_0 .var "result_wb_q", 31 0;
v0x55ab8ced1bc0_0 .net "rst_i", 0 0, v0x55ab8cf12130_0;  alias, 1 drivers
v0x55ab8ced1c60_0 .net "squash_e1_e2_i", 0 0, L_0x55ab8cf852d0;  alias, 1 drivers
v0x55ab8ced1d30_0 .net "squash_e1_e2_o", 0 0, L_0x55ab8cf896f0;  alias, 1 drivers
v0x55ab8ced1e00_0 .var "squash_e1_e2_q", 0 0;
v0x55ab8ced1ea0_0 .net "squash_e1_e2_w", 0 0, L_0x55ab8cf893f0;  1 drivers
v0x55ab8ced1f40_0 .net "squash_wb_i", 0 0, L_0x55ab8cf852d0;  alias, 1 drivers
v0x55ab8ced2030_0 .net "stall_o", 0 0, L_0x55ab8cf89530;  alias, 1 drivers
v0x55ab8ced20f0_0 .net "store_e1_o", 0 0, L_0x55ab8cf87380;  alias, 1 drivers
v0x55ab8ced29c0_0 .net "take_interrupt_i", 0 0, v0x55ab8cd81c20_0;  alias, 1 drivers
v0x55ab8ced2ab0_0 .var "valid_e1_q", 0 0;
v0x55ab8ced2b70_0 .var "valid_e2_q", 0 0;
v0x55ab8ced2c30_0 .net "valid_e2_w", 0 0, L_0x55ab8cf880b0;  1 drivers
v0x55ab8ced2cf0_0 .net "valid_wb_o", 0 0, L_0x55ab8cf89920;  alias, 1 drivers
v0x55ab8ced2db0_0 .var "valid_wb_q", 0 0;
E_0x55ab8ce7be70/0 .event anyedge, v0x55ab8ced2b70_0, v0x55ab8cece4d0_0, v0x55ab8cec72c0_0, v0x55ab8cec7380_0;
E_0x55ab8ce7be70/1 .event anyedge, v0x55ab8cecea30_0;
E_0x55ab8ce7be70 .event/or E_0x55ab8ce7be70/0, E_0x55ab8ce7be70/1;
E_0x55ab8cecb6b0/0 .event anyedge, v0x55ab8ced1840_0, v0x55ab8ced2c30_0, v0x55ab8cece4d0_0, v0x55ab8cec7460_0;
E_0x55ab8cecb6b0/1 .event anyedge, v0x55ab8cec76c0_0;
E_0x55ab8cecb6b0 .event/or E_0x55ab8cecb6b0/0, E_0x55ab8cecb6b0/1;
L_0x55ab8cf86f10 .part v0x55ab8cce12d0_0, 0, 2;
L_0x55ab8cf86fb0 .cmp/ne 2, L_0x55ab8cf86f10, L_0x7fe792ab7aa8;
L_0x55ab8cf871a0 .part v0x55ab8cece3f0_0, 0, 1;
L_0x55ab8cf87240 .part v0x55ab8cece3f0_0, 1, 1;
L_0x55ab8cf87380 .part v0x55ab8cece3f0_0, 2, 1;
L_0x55ab8cf87470 .part v0x55ab8cece3f0_0, 3, 1;
L_0x55ab8cf875a0 .part v0x55ab8cece3f0_0, 4, 1;
L_0x55ab8cf87640 .part v0x55ab8cece3f0_0, 5, 1;
L_0x55ab8cf87730 .part v0x55ab8cece3f0_0, 6, 1;
L_0x55ab8cf87820 .part v0x55ab8cece3f0_0, 7, 1;
LS_0x55ab8cf87a30_0_0 .concat [ 1 1 1 1], L_0x55ab8cf87820, L_0x55ab8cf87820, L_0x55ab8cf87820, L_0x55ab8cf87820;
LS_0x55ab8cf87a30_0_4 .concat [ 1 0 0 0], L_0x55ab8cf87820;
L_0x55ab8cf87a30 .concat [ 4 1 0 0], LS_0x55ab8cf87a30_0_0, LS_0x55ab8cf87a30_0_4;
L_0x55ab8cf87ad0 .part v0x55ab8ced0420_0, 7, 5;
L_0x55ab8cf881c0 .part v0x55ab8cece4d0_0, 1, 1;
L_0x55ab8cf88260 .part v0x55ab8cece4d0_0, 2, 1;
L_0x55ab8cf883f0 .part v0x55ab8cece4d0_0, 1, 1;
L_0x55ab8cf884e0 .part v0x55ab8cece4d0_0, 5, 1;
L_0x55ab8cf886f0 .part v0x55ab8cece4d0_0, 7, 1;
LS_0x55ab8cf88a40_0_0 .concat [ 1 1 1 1], L_0x55ab8cf888c0, L_0x55ab8cf888c0, L_0x55ab8cf888c0, L_0x55ab8cf888c0;
LS_0x55ab8cf88a40_0_4 .concat [ 1 0 0 0], L_0x55ab8cf888c0;
L_0x55ab8cf88a40 .concat [ 4 1 0 0], LS_0x55ab8cf88a40_0_0, LS_0x55ab8cf88a40_0_4;
L_0x55ab8cf88c60 .part v0x55ab8ced0500_0, 7, 5;
L_0x55ab8cf88e60 .part v0x55ab8cece3f0_0, 4, 1;
L_0x55ab8cf890e0 .part v0x55ab8cece4d0_0, 1, 1;
L_0x55ab8cf89180 .part v0x55ab8cece4d0_0, 2, 1;
L_0x55ab8cf893f0 .reduce/or v0x55ab8ceceb10_0;
L_0x55ab8cf897b0 .part v0x55ab8cece5b0_0, 9, 1;
L_0x55ab8cf89bc0 .part v0x55ab8cece5b0_0, 3, 1;
L_0x55ab8cf89e50 .part v0x55ab8cece5b0_0, 7, 1;
LS_0x55ab8cf89fd0_0_0 .concat [ 1 1 1 1], L_0x55ab8cf89d90, L_0x55ab8cf89d90, L_0x55ab8cf89d90, L_0x55ab8cf89d90;
LS_0x55ab8cf89fd0_0_4 .concat [ 1 0 0 0], L_0x55ab8cf89d90;
L_0x55ab8cf89fd0 .concat [ 4 1 0 0], LS_0x55ab8cf89fd0_0_0, LS_0x55ab8cf89fd0_0_4;
L_0x55ab8cf8a330 .part v0x55ab8ced06c0_0, 7, 5;
L_0x55ab8cf8a8e0 .part v0x55ab8ced06c0_0, 20, 12;
S_0x55ab8ced37e0 .scope module, "u_regfile" "biriscv_regfile" 18 750, 20 25 0, S_0x55ab8cec1560;
 .timescale 0 0;
    .port_info 0 /INPUT 1 "clk_i";
    .port_info 1 /INPUT 1 "rst_i";
    .port_info 2 /INPUT 5 "rd0_i";
    .port_info 3 /INPUT 5 "rd1_i";
    .port_info 4 /INPUT 32 "rd0_value_i";
    .port_info 5 /INPUT 32 "rd1_value_i";
    .port_info 6 /INPUT 5 "ra0_i";
    .port_info 7 /INPUT 5 "rb0_i";
    .port_info 8 /INPUT 5 "ra1_i";
    .port_info 9 /INPUT 5 "rb1_i";
    .port_info 10 /OUTPUT 32 "ra0_value_o";
    .port_info 11 /OUTPUT 32 "rb0_value_o";
    .port_info 12 /OUTPUT 32 "ra1_value_o";
    .port_info 13 /OUTPUT 32 "rb1_value_o";
P_0x55ab8ccb8d90 .param/l "SUPPORT_DUAL_ISSUE" 0 20 31, +C4<00000000000000000000000000000001>;
P_0x55ab8ccb8dd0 .param/l "SUPPORT_REGFILE_XILINX" 0 20 30, +C4<00000000000000000000000000000000>;
v0x55ab8ced7ca0_0 .net "clk_i", 0 0, v0x55ab8cf10ee0_0;  alias, 1 drivers
v0x55ab8ced7d60_0 .net "ra0_i", 4 0, L_0x55ab8cf81200;  alias, 1 drivers
v0x55ab8ced7e40_0 .net "ra0_value_o", 31 0, L_0x55ab8cf8fc00;  alias, 1 drivers
v0x55ab8ced7f00_0 .net "ra1_i", 4 0, L_0x55ab8cf81d20;  alias, 1 drivers
v0x55ab8ced7fe0_0 .net "ra1_value_o", 31 0, L_0x55ab8cf8fd80;  alias, 1 drivers
v0x55ab8ced80c0_0 .net "rb0_i", 4 0, L_0x55ab8cf812a0;  alias, 1 drivers
v0x55ab8ced81a0_0 .net "rb0_value_o", 31 0, L_0x55ab8cf8fa90;  alias, 1 drivers
v0x55ab8ced8280_0 .net "rb1_i", 4 0, L_0x55ab8cf81e90;  alias, 1 drivers
v0x55ab8ced8360_0 .net "rb1_value_o", 31 0, L_0x55ab8cf8fc70;  alias, 1 drivers
v0x55ab8ced8440_0 .net "rd0_i", 4 0, L_0x55ab8cf85ba0;  alias, 1 drivers
v0x55ab8ced8500_0 .net "rd0_value_i", 31 0, v0x55ab8cec91e0_0;  alias, 1 drivers
v0x55ab8ced85d0_0 .net "rd1_i", 4 0, L_0x55ab8cf89ef0;  alias, 1 drivers
v0x55ab8ced86a0_0 .net "rd1_value_i", 31 0, v0x55ab8ced1ae0_0;  alias, 1 drivers
v0x55ab8ced8770_0 .net "rst_i", 0 0, v0x55ab8cf12130_0;  alias, 1 drivers
S_0x55ab8ced3c80 .scope generate, "REGFILE" "REGFILE" 20 161, 20 161 0, S_0x55ab8ced37e0;
 .timescale 0 0;
L_0x55ab8cf8e800 .functor BUFZ 32, v0x55ab8ced4d30_0, C4<00000000000000000000000000000000>, C4<00000000000000000000000000000000>, C4<00000000000000000000000000000000>;
L_0x55ab8cf8ec20 .functor BUFZ 32, v0x55ab8ced57e0_0, C4<00000000000000000000000000000000>, C4<00000000000000000000000000000000>, C4<00000000000000000000000000000000>;
L_0x55ab8cf8ec90 .functor BUFZ 32, v0x55ab8ced5a80_0, C4<00000000000000000000000000000000>, C4<00000000000000000000000000000000>, C4<00000000000000000000000000000000>;
L_0x55ab8cf8ed00 .functor BUFZ 32, v0x55ab8ced5b60_0, C4<00000000000000000000000000000000>, C4<00000000000000000000000000000000>, C4<00000000000000000000000000000000>;
L_0x55ab8cf8ed70 .functor BUFZ 32, v0x55ab8ced5c40_0, C4<00000000000000000000000000000000>, C4<00000000000000000000000000000000>, C4<00000000000000000000000000000000>;
L_0x55ab8cf8ede0 .functor BUFZ 32, v0x55ab8ced5d20_0, C4<00000000000000000000000000000000>, C4<00000000000000000000000000000000>, C4<00000000000000000000000000000000>;
L_0x55ab8cf8ee50 .functor BUFZ 32, v0x55ab8ced5e00_0, C4<00000000000000000000000000000000>, C4<00000000000000000000000000000000>, C4<00000000000000000000000000000000>;
L_0x55ab8cf8eec0 .functor BUFZ 32, v0x55ab8ced5ee0_0, C4<00000000000000000000000000000000>, C4<00000000000000000000000000000000>, C4<00000000000000000000000000000000>;
L_0x55ab8cf8ef30 .functor BUFZ 32, v0x55ab8ced5fc0_0, C4<00000000000000000000000000000000>, C4<00000000000000000000000000000000>, C4<00000000000000000000000000000000>;
L_0x55ab8cf8efa0 .functor BUFZ 32, v0x55ab8ced4420_0, C4<00000000000000000000000000000000>, C4<00000000000000000000000000000000>, C4<00000000000000000000000000000000>;
L_0x55ab8cf8f010 .functor BUFZ 32, v0x55ab8ced4550_0, C4<00000000000000000000000000000000>, C4<00000000000000000000000000000000>, C4<00000000000000000000000000000000>;
L_0x55ab8cf8f080 .functor BUFZ 32, v0x55ab8ced4630_0, C4<00000000000000000000000000000000>, C4<00000000000000000000000000000000>, C4<00000000000000000000000000000000>;
L_0x55ab8cf8f160 .functor BUFZ 32, v0x55ab8ced4710_0, C4<00000000000000000000000000000000>, C4<00000000000000000000000000000000>, C4<00000000000000000000000000000000>;
L_0x55ab8cf8f1d0 .functor BUFZ 32, v0x55ab8ced47f0_0, C4<00000000000000000000000000000000>, C4<00000000000000000000000000000000>, C4<00000000000000000000000000000000>;
L_0x55ab8cf8f0f0 .functor BUFZ 32, v0x55ab8ced48d0_0, C4<00000000000000000000000000000000>, C4<00000000000000000000000000000000>, C4<00000000000000000000000000000000>;
L_0x55ab8cf8f2c0 .functor BUFZ 32, v0x55ab8ced49b0_0, C4<00000000000000000000000000000000>, C4<00000000000000000000000000000000>, C4<00000000000000000000000000000000>;
L_0x55ab8cf8f3c0 .functor BUFZ 32, v0x55ab8ced4a90_0, C4<00000000000000000000000000000000>, C4<00000000000000000000000000000000>, C4<00000000000000000000000000000000>;
L_0x55ab8cf8f430 .functor BUFZ 32, v0x55ab8ced4b70_0, C4<00000000000000000000000000000000>, C4<00000000000000000000000000000000>, C4<00000000000000000000000000000000>;
L_0x55ab8cf8f330 .functor BUFZ 32, v0x55ab8ced4c50_0, C4<00000000000000000000000000000000>, C4<00000000000000000000000000000000>, C4<00000000000000000000000000000000>;
L_0x55ab8cf8f540 .functor BUFZ 32, v0x55ab8ced4e10_0, C4<00000000000000000000000000000000>, C4<00000000000000000000000000000000>, C4<00000000000000000000000000000000>;
L_0x55ab8cf8f4a0 .functor BUFZ 32, v0x55ab8ced4ef0_0, C4<00000000000000000000000000000000>, C4<00000000000000000000000000000000>, C4<00000000000000000000000000000000>;
L_0x55ab8cf8f660 .functor BUFZ 32, v0x55ab8ced50e0_0, C4<00000000000000000000000000000000>, C4<00000000000000000000000000000000>, C4<00000000000000000000000000000000>;
L_0x55ab8cf8f5b0 .functor BUFZ 32, v0x55ab8ced51c0_0, C4<00000000000000000000000000000000>, C4<00000000000000000000000000000000>, C4<00000000000000000000000000000000>;
L_0x55ab8cf8f790 .functor BUFZ 32, v0x55ab8ced52a0_0, C4<00000000000000000000000000000000>, C4<00000000000000000000000000000000>, C4<00000000000000000000000000000000>;
L_0x55ab8cf8f6d0 .functor BUFZ 32, v0x55ab8ced5380_0, C4<00000000000000000000000000000000>, C4<00000000000000000000000000000000>, C4<00000000000000000000000000000000>;
L_0x55ab8cf8f8d0 .functor BUFZ 32, v0x55ab8ced5460_0, C4<00000000000000000000000000000000>, C4<00000000000000000000000000000000>, C4<00000000000000000000000000000000>;
L_0x55ab8cf8f800 .functor BUFZ 32, v0x55ab8ced5540_0, C4<00000000000000000000000000000000>, C4<00000000000000000000000000000000>, C4<00000000000000000000000000000000>;
L_0x55ab8cf8fa20 .functor BUFZ 32, v0x55ab8ced5620_0, C4<00000000000000000000000000000000>, C4<00000000000000000000000000000000>, C4<00000000000000000000000000000000>;
L_0x55ab8cf8f940 .functor BUFZ 32, v0x55ab8ced5700_0, C4<00000000000000000000000000000000>, C4<00000000000000000000000000000000>, C4<00000000000000000000000000000000>;
L_0x55ab8cf8f9b0 .functor BUFZ 32, v0x55ab8ced58c0_0, C4<00000000000000000000000000000000>, C4<00000000000000000000000000000000>, C4<00000000000000000000000000000000>;
L_0x55ab8cf8fb90 .functor BUFZ 32, v0x55ab8ced59a0_0, C4<00000000000000000000000000000000>, C4<00000000000000000000000000000000>, C4<00000000000000000000000000000000>;
L_0x55ab8cf8fc00 .functor BUFZ 32, v0x55ab8ced4070_0, C4<00000000000000000000000000000000>, C4<00000000000000000000000000000000>, C4<00000000000000000000000000000000>;
L_0x55ab8cf8fa90 .functor BUFZ 32, v0x55ab8ced4250_0, C4<00000000000000000000000000000000>, C4<00000000000000000000000000000000>, C4<00000000000000000000000000000000>;
L_0x55ab8cf8fd80 .functor BUFZ 32, v0x55ab8ced4170_0, C4<00000000000000000000000000000000>, C4<00000000000000000000000000000000>, C4<00000000000000000000000000000000>;
L_0x55ab8cf8fc70 .functor BUFZ 32, v0x55ab8ced4340_0, C4<00000000000000000000000000000000>, C4<00000000000000000000000000000000>, C4<00000000000000000000000000000000>;
v0x55ab8ced4070_0 .var "ra0_value_r", 31 0;
v0x55ab8ced4170_0 .var "ra1_value_r", 31 0;
v0x55ab8ced4250_0 .var "rb0_value_r", 31 0;
v0x55ab8ced4340_0 .var "rb1_value_r", 31 0;
v0x55ab8ced4420_0 .var "reg_r10_q", 31 0;
v0x55ab8ced4550_0 .var "reg_r11_q", 31 0;
v0x55ab8ced4630_0 .var "reg_r12_q", 31 0;
v0x55ab8ced4710_0 .var "reg_r13_q", 31 0;
v0x55ab8ced47f0_0 .var "reg_r14_q", 31 0;
v0x55ab8ced48d0_0 .var "reg_r15_q", 31 0;
v0x55ab8ced49b0_0 .var "reg_r16_q", 31 0;
v0x55ab8ced4a90_0 .var "reg_r17_q", 31 0;
v0x55ab8ced4b70_0 .var "reg_r18_q", 31 0;
v0x55ab8ced4c50_0 .var "reg_r19_q", 31 0;
v0x55ab8ced4d30_0 .var "reg_r1_q", 31 0;
v0x55ab8ced4e10_0 .var "reg_r20_q", 31 0;
v0x55ab8ced4ef0_0 .var "reg_r21_q", 31 0;
v0x55ab8ced50e0_0 .var "reg_r22_q", 31 0;
v0x55ab8ced51c0_0 .var "reg_r23_q", 31 0;
v0x55ab8ced52a0_0 .var "reg_r24_q", 31 0;
v0x55ab8ced5380_0 .var "reg_r25_q", 31 0;
v0x55ab8ced5460_0 .var "reg_r26_q", 31 0;
v0x55ab8ced5540_0 .var "reg_r27_q", 31 0;
v0x55ab8ced5620_0 .var "reg_r28_q", 31 0;
v0x55ab8ced5700_0 .var "reg_r29_q", 31 0;
v0x55ab8ced57e0_0 .var "reg_r2_q", 31 0;
v0x55ab8ced58c0_0 .var "reg_r30_q", 31 0;
v0x55ab8ced59a0_0 .var "reg_r31_q", 31 0;
v0x55ab8ced5a80_0 .var "reg_r3_q", 31 0;
v0x55ab8ced5b60_0 .var "reg_r4_q", 31 0;
v0x55ab8ced5c40_0 .var "reg_r5_q", 31 0;
v0x55ab8ced5d20_0 .var "reg_r6_q", 31 0;
v0x55ab8ced5e00_0 .var "reg_r7_q", 31 0;
v0x55ab8ced5ee0_0 .var "reg_r8_q", 31 0;
v0x55ab8ced5fc0_0 .var "reg_r9_q", 31 0;
L_0x7fe792ab7b80 .functor BUFT 1, C4<00000000000000000000000000000000>, C4<0>, C4<0>, C4<0>;
v0x55ab8ced60a0_0 .net "x0_zero_w", 31 0, L_0x7fe792ab7b80;  1 drivers
v0x55ab8ced6180_0 .net "x10_a0_w", 31 0, L_0x55ab8cf8efa0;  1 drivers
v0x55ab8ced6260_0 .net "x11_a1_w", 31 0, L_0x55ab8cf8f010;  1 drivers
v0x55ab8ced6340_0 .net "x12_a2_w", 31 0, L_0x55ab8cf8f080;  1 drivers
v0x55ab8ced6420_0 .net "x13_a3_w", 31 0, L_0x55ab8cf8f160;  1 drivers
v0x55ab8ced6500_0 .net "x14_a4_w", 31 0, L_0x55ab8cf8f1d0;  1 drivers
v0x55ab8ced65e0_0 .net "x15_a5_w", 31 0, L_0x55ab8cf8f0f0;  1 drivers
v0x55ab8ced66c0_0 .net "x16_a6_w", 31 0, L_0x55ab8cf8f2c0;  1 drivers
v0x55ab8ced67a0_0 .net "x17_a7_w", 31 0, L_0x55ab8cf8f3c0;  1 drivers
v0x55ab8ced6880_0 .net "x18_s2_w", 31 0, L_0x55ab8cf8f430;  1 drivers
v0x55ab8ced6960_0 .net "x19_s3_w", 31 0, L_0x55ab8cf8f330;  1 drivers
v0x55ab8ced6a40_0 .net "x1_ra_w", 31 0, L_0x55ab8cf8e800;  1 drivers
v0x55ab8ced6b20_0 .net "x20_s4_w", 31 0, L_0x55ab8cf8f540;  1 drivers
v0x55ab8ced6c00_0 .net "x21_s5_w", 31 0, L_0x55ab8cf8f4a0;  1 drivers
v0x55ab8ced6ce0_0 .net "x22_s6_w", 31 0, L_0x55ab8cf8f660;  1 drivers
v0x55ab8ced6dc0_0 .net "x23_s7_w", 31 0, L_0x55ab8cf8f5b0;  1 drivers
v0x55ab8ced6ea0_0 .net "x24_s8_w", 31 0, L_0x55ab8cf8f790;  1 drivers
v0x55ab8ced6f80_0 .net "x25_s9_w", 31 0, L_0x55ab8cf8f6d0;  1 drivers
v0x55ab8ced7060_0 .net "x26_s10_w", 31 0, L_0x55ab8cf8f8d0;  1 drivers
v0x55ab8ced7140_0 .net "x27_s11_w", 31 0, L_0x55ab8cf8f800;  1 drivers
v0x55ab8ced7220_0 .net "x28_t3_w", 31 0, L_0x55ab8cf8fa20;  1 drivers
v0x55ab8ced7300_0 .net "x29_t4_w", 31 0, L_0x55ab8cf8f940;  1 drivers
v0x55ab8ced73e0_0 .net "x2_sp_w", 31 0, L_0x55ab8cf8ec20;  1 drivers
v0x55ab8ced74c0_0 .net "x30_t5_w", 31 0, L_0x55ab8cf8f9b0;  1 drivers
v0x55ab8ced75a0_0 .net "x31_t6_w", 31 0, L_0x55ab8cf8fb90;  1 drivers
v0x55ab8ced7680_0 .net "x3_gp_w", 31 0, L_0x55ab8cf8ec90;  1 drivers
v0x55ab8ced7760_0 .net "x4_tp_w", 31 0, L_0x55ab8cf8ed00;  1 drivers
v0x55ab8ced7840_0 .net "x5_t0_w", 31 0, L_0x55ab8cf8ed70;  1 drivers
v0x55ab8ced7920_0 .net "x6_t1_w", 31 0, L_0x55ab8cf8ede0;  1 drivers
v0x55ab8ced7a00_0 .net "x7_t2_w", 31 0, L_0x55ab8cf8ee50;  1 drivers
v0x55ab8ced7ae0_0 .net "x8_s0_w", 31 0, L_0x55ab8cf8eec0;  1 drivers
v0x55ab8ced7bc0_0 .net "x9_s1_w", 31 0, L_0x55ab8cf8ef30;  1 drivers
E_0x55ab8ced3e60/0 .event anyedge, v0x55ab8ced7f00_0, v0x55ab8ced4d30_0, v0x55ab8ced57e0_0, v0x55ab8ced5a80_0;
E_0x55ab8ced3e60/1 .event anyedge, v0x55ab8ced5b60_0, v0x55ab8ced5c40_0, v0x55ab8ced5d20_0, v0x55ab8ced5e00_0;
E_0x55ab8ced3e60/2 .event anyedge, v0x55ab8ced5ee0_0, v0x55ab8ced5fc0_0, v0x55ab8ced4420_0, v0x55ab8ced4550_0;
E_0x55ab8ced3e60/3 .event anyedge, v0x55ab8ced4630_0, v0x55ab8ced4710_0, v0x55ab8ced47f0_0, v0x55ab8ced48d0_0;
E_0x55ab8ced3e60/4 .event anyedge, v0x55ab8ced49b0_0, v0x55ab8ced4a90_0, v0x55ab8ced4b70_0, v0x55ab8ced4c50_0;
E_0x55ab8ced3e60/5 .event anyedge, v0x55ab8ced4e10_0, v0x55ab8ced4ef0_0, v0x55ab8ced50e0_0, v0x55ab8ced51c0_0;
E_0x55ab8ced3e60/6 .event anyedge, v0x55ab8ced52a0_0, v0x55ab8ced5380_0, v0x55ab8ced5460_0, v0x55ab8ced5540_0;
E_0x55ab8ced3e60/7 .event anyedge, v0x55ab8ced5620_0, v0x55ab8ced5700_0, v0x55ab8ced58c0_0, v0x55ab8ced59a0_0;
E_0x55ab8ced3e60/8 .event anyedge, v0x55ab8ced8280_0;
E_0x55ab8ced3e60 .event/or E_0x55ab8ced3e60/0, E_0x55ab8ced3e60/1, E_0x55ab8ced3e60/2, E_0x55ab8ced3e60/3, E_0x55ab8ced3e60/4, E_0x55ab8ced3e60/5, E_0x55ab8ced3e60/6, E_0x55ab8ced3e60/7, E_0x55ab8ced3e60/8;
E_0x55ab8ced3ec0/0 .event anyedge, v0x55ab8ced7d60_0, v0x55ab8ced4d30_0, v0x55ab8ced57e0_0, v0x55ab8ced5a80_0;
E_0x55ab8ced3ec0/1 .event anyedge, v0x55ab8ced5b60_0, v0x55ab8ced5c40_0, v0x55ab8ced5d20_0, v0x55ab8ced5e00_0;
E_0x55ab8ced3ec0/2 .event anyedge, v0x55ab8ced5ee0_0, v0x55ab8ced5fc0_0, v0x55ab8ced4420_0, v0x55ab8ced4550_0;
E_0x55ab8ced3ec0/3 .event anyedge, v0x55ab8ced4630_0, v0x55ab8ced4710_0, v0x55ab8ced47f0_0, v0x55ab8ced48d0_0;
E_0x55ab8ced3ec0/4 .event anyedge, v0x55ab8ced49b0_0, v0x55ab8ced4a90_0, v0x55ab8ced4b70_0, v0x55ab8ced4c50_0;
E_0x55ab8ced3ec0/5 .event anyedge, v0x55ab8ced4e10_0, v0x55ab8ced4ef0_0, v0x55ab8ced50e0_0, v0x55ab8ced51c0_0;
E_0x55ab8ced3ec0/6 .event anyedge, v0x55ab8ced52a0_0, v0x55ab8ced5380_0, v0x55ab8ced5460_0, v0x55ab8ced5540_0;
E_0x55ab8ced3ec0/7 .event anyedge, v0x55ab8ced5620_0, v0x55ab8ced5700_0, v0x55ab8ced58c0_0, v0x55ab8ced59a0_0;
E_0x55ab8ced3ec0/8 .event anyedge, v0x55ab8ced80c0_0;
E_0x55ab8ced3ec0 .event/or E_0x55ab8ced3ec0/0, E_0x55ab8ced3ec0/1, E_0x55ab8ced3ec0/2, E_0x55ab8ced3ec0/3, E_0x55ab8ced3ec0/4, E_0x55ab8ced3ec0/5, E_0x55ab8ced3ec0/6, E_0x55ab8ced3ec0/7, E_0x55ab8ced3ec0/8;
E_0x55ab8ced4010 .event posedge, v0x55ab8c8df0e0_0;
S_0x55ab8cec16f0 .scope module, "u_lsu" "biriscv_lsu" 5 406, 21 26 0, S_0x55ab8cc7ea90;
 .timescale 0 0;
    .port_info 0 /INPUT 1 "clk_i";
    .port_info 1 /INPUT 1 "rst_i";
    .port_info 2 /INPUT 1 "opcode_valid_i";
    .port_info 3 /INPUT 32 "opcode_opcode_i";
    .port_info 4 /INPUT 32 "opcode_pc_i";
    .port_info 5 /INPUT 1 "opcode_invalid_i";
    .port_info 6 /INPUT 5 "opcode_rd_idx_i";
    .port_info 7 /INPUT 5 "opcode_ra_idx_i";
    .port_info 8 /INPUT 5 "opcode_rb_idx_i";
    .port_info 9 /INPUT 32 "opcode_ra_operand_i";
    .port_info 10 /INPUT 32 "opcode_rb_operand_i";
    .port_info 11 /INPUT 32 "mem_data_rd_i";
    .port_info 12 /INPUT 1 "mem_accept_i";
    .port_info 13 /INPUT 1 "mem_ack_i";
    .port_info 14 /INPUT 1 "mem_error_i";
    .port_info 15 /INPUT 11 "mem_resp_tag_i";
    .port_info 16 /INPUT 1 "mem_load_fault_i";
    .port_info 17 /INPUT 1 "mem_store_fault_i";
    .port_info 18 /OUTPUT 32 "mem_addr_o";
    .port_info 19 /OUTPUT 32 "mem_data_wr_o";
    .port_info 20 /OUTPUT 1 "mem_rd_o";
    .port_info 21 /OUTPUT 4 "mem_wr_o";
    .port_info 22 /OUTPUT 1 "mem_cacheable_o";
    .port_info 23 /OUTPUT 11 "mem_req_tag_o";
    .port_info 24 /OUTPUT 1 "mem_invalidate_o";
    .port_info 25 /OUTPUT 1 "mem_writeback_o";
    .port_info 26 /OUTPUT 1 "mem_flush_o";
    .port_info 27 /OUTPUT 1 "writeback_valid_o";
    .port_info 28 /OUTPUT 32 "writeback_value_o";
    .port_info 29 /OUTPUT 6 "writeback_exception_o";
    .port_info 30 /OUTPUT 1 "stall_o";
P_0x55ab8cec18d0 .param/l "MEM_CACHE_ADDR_MAX" 0 21 32, C4<10001111111111111111111111111111>;
P_0x55ab8cec1910 .param/l "MEM_CACHE_ADDR_MIN" 0 21 31, C4<10000000000000000000000000000000>;
L_0x55ab8cf6ee40 .functor OR 1, L_0x55ab8cf74d20, L_0x55ab8cf6eab0, C4<0>, C4<0>;
L_0x55ab8cf6ef40 .functor OR 1, L_0x55ab8cf6ee40, v0x55ab8cef8480_0, C4<0>, C4<0>;
L_0x55ab8cf6f040 .functor OR 1, L_0x55ab8cf6ef40, v0x55ab8cef7720_0, C4<0>, C4<0>;
L_0x55ab8cf6f140 .functor OR 1, L_0x55ab8cf6f040, v0x55ab8cef75a0_0, C4<0>, C4<0>;
L_0x55ab8cf6f240 .functor AND 1, L_0x55ab8cf6f140, L_0x55ab8cf6ebf0, C4<1>, C4<1>;
L_0x55ab8cf6f340 .functor NOT 1, L_0x55ab8cf6e9b0, C4<0>, C4<0>, C4<0>;
L_0x55ab8cf6f440 .functor AND 1, L_0x55ab8cf6e780, L_0x55ab8cf6f340, C4<1>, C4<1>;
L_0x55ab8cf6f540 .functor AND 1, L_0x55ab8cf6e780, L_0x55ab8cf6e9b0, C4<1>, C4<1>;
L_0x55ab8cf6f650 .functor AND 1, v0x55ab8cef8de0_0, L_0x55ab8cf6f5b0, C4<1>, C4<1>;
L_0x7fe792ab4da8 .functor BUFT 1, C4<00000000000000000111000001111111>, C4<0>, C4<0>, C4<0>;
L_0x55ab8cf6f6c0 .functor AND 32, L_0x55ab8cf908c0, L_0x7fe792ab4da8, C4<11111111111111111111111111111111>, C4<11111111111111111111111111111111>;
L_0x7fe792ab4e38 .functor BUFT 1, C4<00000000000000000111000001111111>, C4<0>, C4<0>, C4<0>;
L_0x55ab8cf6f7d0 .functor AND 32, L_0x55ab8cf908c0, L_0x7fe792ab4e38, C4<11111111111111111111111111111111>, C4<11111111111111111111111111111111>;
L_0x55ab8cf6f970 .functor OR 1, L_0x55ab8cf6f730, L_0x55ab8cf6f8d0, C4<0>, C4<0>;
L_0x7fe792ab4ec8 .functor BUFT 1, C4<00000000000000000111000001111111>, C4<0>, C4<0>, C4<0>;
L_0x55ab8cf6fa50 .functor AND 32, L_0x55ab8cf908c0, L_0x7fe792ab4ec8, C4<11111111111111111111111111111111>, C4<11111111111111111111111111111111>;
L_0x55ab8cf6fb60 .functor OR 1, L_0x55ab8cf6f970, L_0x55ab8cf6fac0, C4<0>, C4<0>;
L_0x7fe792ab4f58 .functor BUFT 1, C4<00000000000000000111000001111111>, C4<0>, C4<0>, C4<0>;
L_0x55ab8cf6f9e0 .functor AND 32, L_0x55ab8cf908c0, L_0x7fe792ab4f58, C4<11111111111111111111111111111111>, C4<11111111111111111111111111111111>;
L_0x55ab8cf6fc70 .functor OR 1, L_0x55ab8cf6fb60, L_0x55ab8cf6fbd0, C4<0>, C4<0>;
L_0x7fe792ab4fe8 .functor BUFT 1, C4<00000000000000000111000001111111>, C4<0>, C4<0>, C4<0>;
L_0x55ab8cf6fd70 .functor AND 32, L_0x55ab8cf908c0, L_0x7fe792ab4fe8, C4<11111111111111111111111111111111>, C4<11111111111111111111111111111111>;
L_0x55ab8cf6fe80 .functor OR 1, L_0x55ab8cf6fc70, L_0x55ab8cf6fde0, C4<0>, C4<0>;
L_0x7fe792ab5078 .functor BUFT 1, C4<00000000000000000111000001111111>, C4<0>, C4<0>, C4<0>;
L_0x55ab8cf6fce0 .functor AND 32, L_0x55ab8cf908c0, L_0x7fe792ab5078, C4<11111111111111111111111111111111>, C4<11111111111111111111111111111111>;
L_0x55ab8cf70210 .functor OR 1, L_0x55ab8cf6fe80, L_0x55ab8cf70080, C4<0>, C4<0>;
L_0x7fe792ab5108 .functor BUFT 1, C4<00000000000000000111000001111111>, C4<0>, C4<0>, C4<0>;
L_0x55ab8cf6ff90 .functor AND 32, L_0x55ab8cf908c0, L_0x7fe792ab5108, C4<11111111111111111111111111111111>, C4<11111111111111111111111111111111>;
L_0x7fe792ab5198 .functor BUFT 1, C4<00000000000000000111000001111111>, C4<0>, C4<0>, C4<0>;
L_0x55ab8cf70560 .functor AND 32, L_0x55ab8cf908c0, L_0x7fe792ab5198, C4<11111111111111111111111111111111>, C4<11111111111111111111111111111111>;
L_0x55ab8cf70780 .functor OR 1, L_0x55ab8cf70420, L_0x55ab8cf70320, C4<0>, C4<0>;
L_0x7fe792ab5228 .functor BUFT 1, C4<00000000000000000111000001111111>, C4<0>, C4<0>, C4<0>;
L_0x55ab8cf70840 .functor AND 32, L_0x55ab8cf908c0, L_0x7fe792ab5228, C4<11111111111111111111111111111111>, C4<11111111111111111111111111111111>;
L_0x55ab8cf70a70 .functor OR 1, L_0x55ab8cf70780, L_0x55ab8cf70620, C4<0>, C4<0>;
L_0x7fe792ab52b8 .functor BUFT 1, C4<00000000000000000111000001111111>, C4<0>, C4<0>, C4<0>;
L_0x55ab8cf70b80 .functor AND 32, L_0x55ab8cf908c0, L_0x7fe792ab52b8, C4<11111111111111111111111111111111>, C4<11111111111111111111111111111111>;
L_0x7fe792ab5348 .functor BUFT 1, C4<00000000000000000111000001111111>, C4<0>, C4<0>, C4<0>;
L_0x55ab8cf70e30 .functor AND 32, L_0x55ab8cf908c0, L_0x7fe792ab5348, C4<11111111111111111111111111111111>, C4<11111111111111111111111111111111>;
L_0x55ab8cf71030 .functor OR 1, L_0x55ab8cf70900, L_0x55ab8cf70ef0, C4<0>, C4<0>;
L_0x7fe792ab53d8 .functor BUFT 1, C4<00000000000000000111000001111111>, C4<0>, C4<0>, C4<0>;
L_0x55ab8cf70c40 .functor AND 32, L_0x55ab8cf908c0, L_0x7fe792ab53d8, C4<11111111111111111111111111111111>, C4<11111111111111111111111111111111>;
L_0x55ab8cf70dc0 .functor OR 1, L_0x55ab8cf71030, L_0x55ab8cf71230, C4<0>, C4<0>;
L_0x7fe792ab5468 .functor BUFT 1, C4<00000000000000000111000001111111>, C4<0>, C4<0>, C4<0>;
L_0x55ab8cf71140 .functor AND 32, L_0x55ab8cf908c0, L_0x7fe792ab5468, C4<11111111111111111111111111111111>, C4<11111111111111111111111111111111>;
L_0x7fe792ab54f8 .functor BUFT 1, C4<00000000000000000111000001111111>, C4<0>, C4<0>, C4<0>;
L_0x55ab8cf71650 .functor AND 32, L_0x55ab8cf908c0, L_0x7fe792ab54f8, C4<11111111111111111111111111111111>, C4<11111111111111111111111111111111>;
L_0x55ab8cf71900 .functor OR 1, L_0x55ab8cf71510, L_0x55ab8cf71410, C4<0>, C4<0>;
L_0x7fe792ab5588 .functor BUFT 1, C4<00000000000000000111000001111111>, C4<0>, C4<0>, C4<0>;
L_0x55ab8cf71a10 .functor AND 32, L_0x55ab8cf908c0, L_0x7fe792ab5588, C4<11111111111111111111111111111111>, C4<11111111111111111111111111111111>;
L_0x7fe792ab5618 .functor BUFT 1, C4<00000000000000000111000001111111>, C4<0>, C4<0>, C4<0>;
L_0x55ab8cf71c40 .functor AND 32, L_0x55ab8cf908c0, L_0x7fe792ab5618, C4<11111111111111111111111111111111>, C4<11111111111111111111111111111111>;
L_0x55ab8cf71870 .functor OR 1, L_0x55ab8cf71710, L_0x55ab8cf71d00, C4<0>, C4<0>;
L_0x7fe792ab56a8 .functor BUFT 1, C4<00000000000000000111000001111111>, C4<0>, C4<0>, C4<0>;
L_0x55ab8cf71ad0 .functor AND 32, L_0x55ab8cf908c0, L_0x7fe792ab56a8, C4<11111111111111111111111111111111>, C4<11111111111111111111111111111111>;
L_0x7fe792ab5738 .functor BUFT 1, C4<00000000000000000111000001111111>, C4<0>, C4<0>, C4<0>;
L_0x55ab8cf721a0 .functor AND 32, L_0x55ab8cf908c0, L_0x7fe792ab5738, C4<11111111111111111111111111111111>, C4<11111111111111111111111111111111>;
L_0x55ab8cf71e40 .functor OR 1, L_0x55ab8cf720b0, L_0x55ab8cf71f80, C4<0>, C4<0>;
L_0x7fe792ab57c8 .functor BUFT 1, C4<00000000000000000111000001111111>, C4<0>, C4<0>, C4<0>;
L_0x55ab8cf72540 .functor AND 32, L_0x55ab8cf908c0, L_0x7fe792ab57c8, C4<11111111111111111111111111111111>, C4<11111111111111111111111111111111>;
L_0x7fe792ab5858 .functor BUFT 1, C4<00000000000000000111000001111111>, C4<0>, C4<0>, C4<0>;
L_0x55ab8cf72750 .functor AND 32, L_0x55ab8cf908c0, L_0x7fe792ab5858, C4<11111111111111111111111111111111>, C4<11111111111111111111111111111111>;
L_0x7fe792ab58e8 .functor BUFT 1, C4<00000000000000000111000001111111>, C4<0>, C4<0>, C4<0>;
L_0x55ab8cf723f0 .functor AND 32, L_0x55ab8cf908c0, L_0x7fe792ab58e8, C4<11111111111111111111111111111111>, C4<11111111111111111111111111111111>;
L_0x7fe792ab5978 .functor BUFT 1, C4<00000000000000000111000001111111>, C4<0>, C4<0>, C4<0>;
L_0x55ab8cf72bc0 .functor AND 32, L_0x55ab8cf908c0, L_0x7fe792ab5978, C4<11111111111111111111111111111111>, C4<11111111111111111111111111111111>;
L_0x7fe792ab5a08 .functor BUFT 1, C4<00000000000000000111000001111111>, C4<0>, C4<0>, C4<0>;
L_0x55ab8cf72950 .functor AND 32, L_0x55ab8cf908c0, L_0x7fe792ab5a08, C4<11111111111111111111111111111111>, C4<11111111111111111111111111111111>;
L_0x55ab8cf73000 .functor OR 1, L_0x55ab8cf72c80, L_0x55ab8cf72a60, C4<0>, C4<0>;
L_0x7fe792ab5a98 .functor BUFT 1, C4<00000000000000000111000001111111>, C4<0>, C4<0>, C4<0>;
L_0x55ab8cf73110 .functor AND 32, L_0x55ab8cf908c0, L_0x7fe792ab5a98, C4<11111111111111111111111111111111>, C4<11111111111111111111111111111111>;
L_0x55ab8cf72dc0 .functor OR 1, L_0x55ab8cf73000, L_0x55ab8cf72e90, C4<0>, C4<0>;
L_0x7fe792ab5b28 .functor BUFT 1, C4<00000000000000000111000001111111>, C4<0>, C4<0>, C4<0>;
L_0x55ab8cf73480 .functor AND 32, L_0x55ab8cf908c0, L_0x7fe792ab5b28, C4<11111111111111111111111111111111>, C4<11111111111111111111111111111111>;
L_0x7fe792ab5bb8 .functor BUFT 1, C4<00000000000000000111000001111111>, C4<0>, C4<0>, C4<0>;
L_0x55ab8cf736d0 .functor AND 32, L_0x55ab8cf908c0, L_0x7fe792ab5bb8, C4<11111111111111111111111111111111>, C4<11111111111111111111111111111111>;
L_0x55ab8cf73310 .functor OR 1, L_0x55ab8cf731d0, L_0x55ab8cf73790, C4<0>, C4<0>;
L_0x7fe792ab5c48 .functor BUFT 1, C4<00000000000000000111000001111111>, C4<0>, C4<0>, C4<0>;
L_0x55ab8cf73540 .functor AND 32, L_0x55ab8cf908c0, L_0x7fe792ab5c48, C4<11111111111111111111111111111111>, C4<11111111111111111111111111111111>;
L_0x55ab8cf73c00 .functor OR 1, L_0x55ab8cf73310, L_0x55ab8cf73600, C4<0>, C4<0>;
L_0x7fe792ab5cd8 .functor BUFT 1, C4<00000000000000000111000001111111>, C4<0>, C4<0>, C4<0>;
L_0x55ab8cf739c0 .functor AND 32, L_0x55ab8cf908c0, L_0x7fe792ab5cd8, C4<11111111111111111111111111111111>, C4<11111111111111111111111111111111>;
L_0x55ab8cf73f60 .functor AND 1, L_0x55ab8cf73a80, L_0x55ab8cf74060, C4<1>, C4<1>;
L_0x7fe792ab5db0 .functor BUFT 1, C4<00000000000000000111000001111111>, C4<0>, C4<0>, C4<0>;
L_0x55ab8cf73d10 .functor AND 32, L_0x55ab8cf908c0, L_0x7fe792ab5db0, C4<11111111111111111111111111111111>, C4<11111111111111111111111111111111>;
L_0x55ab8cf746d0 .functor AND 1, L_0x55ab8cf73dd0, L_0x55ab8cf74150, C4<1>, C4<1>;
L_0x7fe792ab5e88 .functor BUFT 1, C4<00000000000000000111000001111111>, C4<0>, C4<0>, C4<0>;
L_0x55ab8cf742b0 .functor AND 32, L_0x55ab8cf908c0, L_0x7fe792ab5e88, C4<11111111111111111111111111111111>, C4<11111111111111111111111111111111>;
L_0x55ab8cf74a00 .functor AND 1, L_0x55ab8cf74370, L_0x55ab8cf74b30, C4<1>, C4<1>;
L_0x55ab8cf75090 .functor NOT 1, L_0x55ab8cf6f650, C4<0>, C4<0>, C4<0>;
L_0x55ab8cf74d20 .functor AND 1, v0x55ab8cef7ae0_0, L_0x55ab8cf75090, C4<1>, C4<1>;
L_0x55ab8cf752f0 .functor NOT 4, L_0x55ab8cf74de0, C4<0000>, C4<0000>, C4<0000>;
L_0x55ab8cf75100 .functor AND 4, v0x55ab8cef8200_0, L_0x55ab8cf752f0, C4<1111>, C4<1111>;
L_0x55ab8cf753d0 .functor OR 1, v0x55ab8cef8480_0, v0x55ab8cef7720_0, C4<0>, C4<0>;
L_0x55ab8cf75440 .functor OR 1, L_0x55ab8cf753d0, v0x55ab8cef75a0_0, C4<0>, C4<0>;
L_0x55ab8cf754b0 .functor OR 1, L_0x55ab8cf75440, L_0x55ab8cf74d20, C4<0>, C4<0>;
L_0x55ab8cf74f10 .functor OR 1, L_0x55ab8cf754b0, L_0x55ab8cf75920, C4<0>, C4<0>;
L_0x55ab8cf75020 .functor AND 1, L_0x55ab8cf74f10, L_0x55ab8cf75b20, C4<1>, C4<1>;
L_0x55ab8cf756e0 .functor OR 1, L_0x55ab8cf75020, L_0x55ab8cf6f650, C4<0>, C4<0>;
L_0x55ab8cf757a0 .functor OR 1, L_0x55ab8cf756e0, v0x55ab8cef7ee0_0, C4<0>, C4<0>;
L_0x55ab8cf75a60 .functor OR 1, L_0x55ab8cf74d20, L_0x55ab8cf759c0, C4<0>, C4<0>;
L_0x55ab8cf767d0 .functor OR 1, L_0x55ab8cf75a60, v0x55ab8cef8480_0, C4<0>, C4<0>;
L_0x55ab8cf75c60 .functor OR 1, L_0x55ab8cf767d0, v0x55ab8cef7720_0, C4<0>, C4<0>;
L_0x55ab8cf75d20 .functor OR 1, L_0x55ab8cf75c60, v0x55ab8cef75a0_0, C4<0>, C4<0>;
L_0x55ab8cf75de0 .functor AND 1, L_0x55ab8cf75d20, L_0x55ab8cf6ebf0, C4<1>, C4<1>;
L_0x55ab8cf76b10 .functor NOT 1, L_0x55ab8cf6f650, C4<0>, C4<0>, C4<0>;
L_0x55ab8cf76890 .functor AND 1, v0x55ab8cef7ee0_0, L_0x55ab8cf76b10, C4<1>, C4<1>;
L_0x55ab8cf769a0 .functor OR 1, L_0x55ab8cf75de0, L_0x55ab8cf76890, C4<0>, C4<0>;
L_0x55ab8cf76e20 .functor OR 1, L_0x55ab8cf6e780, v0x55ab8cef7fa0_0, C4<0>, C4<0>;
L_0x55ab8cf76f30 .functor OR 1, L_0x55ab8cf6e780, v0x55ab8cef7fa0_0, C4<0>, C4<0>;
L_0x55ab8cf76ff0 .functor BUFZ 32, v0x55ab8cef2c60_0, C4<00000000000000000000000000000000>, C4<00000000000000000000000000000000>, C4<00000000000000000000000000000000>;
L_0x55ab8cf76b80 .functor AND 1, v0x55ab8cef7fa0_0, L_0x55ab8cf77160, C4<1>, C4<1>;
L_0x55ab8cf76c40 .functor NOT 1, L_0x55ab8cf77160, C4<0>, C4<0>, C4<0>;
L_0x55ab8cf76cb0 .functor AND 1, v0x55ab8cef7fa0_0, L_0x55ab8cf76c40, C4<1>, C4<1>;
L_0x55ab8cf76db0 .functor AND 1, L_0x55ab8cf6e9b0, L_0x55ab8cf77160, C4<1>, C4<1>;
L_0x55ab8cf77700 .functor NOT 1, L_0x55ab8cf77160, C4<0>, C4<0>, C4<0>;
L_0x55ab8cf773a0 .functor AND 1, L_0x55ab8cf6e9b0, L_0x55ab8cf77700, C4<1>, C4<1>;
L_0x55ab8cf77410 .functor AND 1, L_0x55ab8cf6e9b0, L_0x7fe792ab4d60, C4<1>, C4<1>;
L_0x55ab8cf77480 .functor AND 1, L_0x55ab8cf6e9b0, L_0x7fe792ab4d18, C4<1>, C4<1>;
v0x55ab8ceebf60_0 .net *"_ivl_1", 0 0, L_0x55ab8cf6eab0;  1 drivers
v0x55ab8ceec040_0 .net *"_ivl_100", 31 0, L_0x55ab8cf70840;  1 drivers
L_0x7fe792ab5270 .functor BUFT 1, C4<00000000000000000010000000000011>, C4<0>, C4<0>, C4<0>;
v0x55ab8ceec120_0 .net/2u *"_ivl_102", 31 0, L_0x7fe792ab5270;  1 drivers
v0x55ab8ceec1e0_0 .net *"_ivl_104", 0 0, L_0x55ab8cf70620;  1 drivers
v0x55ab8ceec2a0_0 .net/2u *"_ivl_108", 31 0, L_0x7fe792ab52b8;  1 drivers
v0x55ab8ceec380_0 .net *"_ivl_110", 31 0, L_0x55ab8cf70b80;  1 drivers
L_0x7fe792ab5300 .functor BUFT 1, C4<00000000000000000000000000100011>, C4<0>, C4<0>, C4<0>;
v0x55ab8ceec460_0 .net/2u *"_ivl_112", 31 0, L_0x7fe792ab5300;  1 drivers
v0x55ab8ceec540_0 .net *"_ivl_114", 0 0, L_0x55ab8cf70900;  1 drivers
v0x55ab8ceec600_0 .net/2u *"_ivl_116", 31 0, L_0x7fe792ab5348;  1 drivers
v0x55ab8ceec6e0_0 .net *"_ivl_118", 31 0, L_0x55ab8cf70e30;  1 drivers
v0x55ab8ceec7c0_0 .net *"_ivl_12", 0 0, L_0x55ab8cf6f340;  1 drivers
L_0x7fe792ab5390 .functor BUFT 1, C4<00000000000000000001000000100011>, C4<0>, C4<0>, C4<0>;
v0x55ab8ceec8a0_0 .net/2u *"_ivl_120", 31 0, L_0x7fe792ab5390;  1 drivers
v0x55ab8ceec980_0 .net *"_ivl_122", 0 0, L_0x55ab8cf70ef0;  1 drivers
v0x55ab8ceeca40_0 .net *"_ivl_125", 0 0, L_0x55ab8cf71030;  1 drivers
v0x55ab8ceecb00_0 .net/2u *"_ivl_126", 31 0, L_0x7fe792ab53d8;  1 drivers
v0x55ab8ceecbe0_0 .net *"_ivl_128", 31 0, L_0x55ab8cf70c40;  1 drivers
L_0x7fe792ab5420 .functor BUFT 1, C4<00000000000000000010000000100011>, C4<0>, C4<0>, C4<0>;
v0x55ab8ceeccc0_0 .net/2u *"_ivl_130", 31 0, L_0x7fe792ab5420;  1 drivers
v0x55ab8ceeceb0_0 .net *"_ivl_132", 0 0, L_0x55ab8cf71230;  1 drivers
v0x55ab8ceecf70_0 .net/2u *"_ivl_136", 31 0, L_0x7fe792ab5468;  1 drivers
v0x55ab8ceed050_0 .net *"_ivl_138", 31 0, L_0x55ab8cf71140;  1 drivers
L_0x7fe792ab54b0 .functor BUFT 1, C4<00000000000000000000000000000011>, C4<0>, C4<0>, C4<0>;
v0x55ab8ceed130_0 .net/2u *"_ivl_140", 31 0, L_0x7fe792ab54b0;  1 drivers
v0x55ab8ceed210_0 .net *"_ivl_142", 0 0, L_0x55ab8cf71510;  1 drivers
v0x55ab8ceed2d0_0 .net/2u *"_ivl_144", 31 0, L_0x7fe792ab54f8;  1 drivers
v0x55ab8ceed3b0_0 .net *"_ivl_146", 31 0, L_0x55ab8cf71650;  1 drivers
L_0x7fe792ab5540 .functor BUFT 1, C4<00000000000000000100000000000011>, C4<0>, C4<0>, C4<0>;
v0x55ab8ceed490_0 .net/2u *"_ivl_148", 31 0, L_0x7fe792ab5540;  1 drivers
v0x55ab8ceed570_0 .net *"_ivl_150", 0 0, L_0x55ab8cf71410;  1 drivers
v0x55ab8ceed630_0 .net/2u *"_ivl_154", 31 0, L_0x7fe792ab5588;  1 drivers
v0x55ab8ceed710_0 .net *"_ivl_156", 31 0, L_0x55ab8cf71a10;  1 drivers
L_0x7fe792ab55d0 .functor BUFT 1, C4<00000000000000000001000000000011>, C4<0>, C4<0>, C4<0>;
v0x55ab8ceed7f0_0 .net/2u *"_ivl_158", 31 0, L_0x7fe792ab55d0;  1 drivers
v0x55ab8ceed8d0_0 .net *"_ivl_160", 0 0, L_0x55ab8cf71710;  1 drivers
v0x55ab8ceed990_0 .net/2u *"_ivl_162", 31 0, L_0x7fe792ab5618;  1 drivers
v0x55ab8ceeda70_0 .net *"_ivl_164", 31 0, L_0x55ab8cf71c40;  1 drivers
L_0x7fe792ab5660 .functor BUFT 1, C4<00000000000000000101000000000011>, C4<0>, C4<0>, C4<0>;
v0x55ab8ceedb50_0 .net/2u *"_ivl_166", 31 0, L_0x7fe792ab5660;  1 drivers
v0x55ab8ceedc30_0 .net *"_ivl_168", 0 0, L_0x55ab8cf71d00;  1 drivers
v0x55ab8ceedcf0_0 .net/2u *"_ivl_172", 31 0, L_0x7fe792ab56a8;  1 drivers
v0x55ab8ceeddd0_0 .net *"_ivl_174", 31 0, L_0x55ab8cf71ad0;  1 drivers
L_0x7fe792ab56f0 .functor BUFT 1, C4<00000000000000000010000000000011>, C4<0>, C4<0>, C4<0>;
v0x55ab8ceedeb0_0 .net/2u *"_ivl_176", 31 0, L_0x7fe792ab56f0;  1 drivers
v0x55ab8ceedf90_0 .net *"_ivl_178", 0 0, L_0x55ab8cf720b0;  1 drivers
v0x55ab8ceee050_0 .net/2u *"_ivl_180", 31 0, L_0x7fe792ab5738;  1 drivers
v0x55ab8ceee130_0 .net *"_ivl_182", 31 0, L_0x55ab8cf721a0;  1 drivers
L_0x7fe792ab5780 .functor BUFT 1, C4<00000000000000000110000000000011>, C4<0>, C4<0>, C4<0>;
v0x55ab8ceee210_0 .net/2u *"_ivl_184", 31 0, L_0x7fe792ab5780;  1 drivers
v0x55ab8ceee2f0_0 .net *"_ivl_186", 0 0, L_0x55ab8cf71f80;  1 drivers
v0x55ab8ceee3b0_0 .net *"_ivl_19", 0 0, L_0x55ab8cf6f5b0;  1 drivers
v0x55ab8ceee470_0 .net/2u *"_ivl_190", 31 0, L_0x7fe792ab57c8;  1 drivers
v0x55ab8ceee550_0 .net *"_ivl_192", 31 0, L_0x55ab8cf72540;  1 drivers
L_0x7fe792ab5810 .functor BUFT 1, C4<00000000000000000000000000100011>, C4<0>, C4<0>, C4<0>;
v0x55ab8ceee630_0 .net/2u *"_ivl_194", 31 0, L_0x7fe792ab5810;  1 drivers
v0x55ab8ceee710_0 .net/2u *"_ivl_198", 31 0, L_0x7fe792ab5858;  1 drivers
v0x55ab8ceee7f0_0 .net *"_ivl_200", 31 0, L_0x55ab8cf72750;  1 drivers
L_0x7fe792ab58a0 .functor BUFT 1, C4<00000000000000000001000000100011>, C4<0>, C4<0>, C4<0>;
v0x55ab8ceee8d0_0 .net/2u *"_ivl_202", 31 0, L_0x7fe792ab58a0;  1 drivers
v0x55ab8ceee9b0_0 .net/2u *"_ivl_206", 31 0, L_0x7fe792ab58e8;  1 drivers
v0x55ab8ceeea90_0 .net *"_ivl_208", 31 0, L_0x55ab8cf723f0;  1 drivers
L_0x7fe792ab5930 .functor BUFT 1, C4<00000000000000000010000000100011>, C4<0>, C4<0>, C4<0>;
v0x55ab8ceeeb70_0 .net/2u *"_ivl_210", 31 0, L_0x7fe792ab5930;  1 drivers
v0x55ab8ceeec50_0 .net/2u *"_ivl_214", 31 0, L_0x7fe792ab5978;  1 drivers
v0x55ab8ceeed30_0 .net *"_ivl_216", 31 0, L_0x55ab8cf72bc0;  1 drivers
L_0x7fe792ab59c0 .functor BUFT 1, C4<00000000000000000010000000100011>, C4<0>, C4<0>, C4<0>;
v0x55ab8ceeee10_0 .net/2u *"_ivl_218", 31 0, L_0x7fe792ab59c0;  1 drivers
v0x55ab8ceeeef0_0 .net/2u *"_ivl_22", 31 0, L_0x7fe792ab4da8;  1 drivers
v0x55ab8ceeefd0_0 .net *"_ivl_220", 0 0, L_0x55ab8cf72c80;  1 drivers
v0x55ab8ceef090_0 .net/2u *"_ivl_222", 31 0, L_0x7fe792ab5a08;  1 drivers
v0x55ab8ceef170_0 .net *"_ivl_224", 31 0, L_0x55ab8cf72950;  1 drivers
L_0x7fe792ab5a50 .functor BUFT 1, C4<00000000000000000010000000000011>, C4<0>, C4<0>, C4<0>;
v0x55ab8ceef250_0 .net/2u *"_ivl_226", 31 0, L_0x7fe792ab5a50;  1 drivers
v0x55ab8ceef330_0 .net *"_ivl_228", 0 0, L_0x55ab8cf72a60;  1 drivers
v0x55ab8ceef3f0_0 .net *"_ivl_231", 0 0, L_0x55ab8cf73000;  1 drivers
v0x55ab8ceef4b0_0 .net/2u *"_ivl_232", 31 0, L_0x7fe792ab5a98;  1 drivers
v0x55ab8ceef590_0 .net *"_ivl_234", 31 0, L_0x55ab8cf73110;  1 drivers
L_0x7fe792ab5ae0 .functor BUFT 1, C4<00000000000000000110000000000011>, C4<0>, C4<0>, C4<0>;
v0x55ab8ceef670_0 .net/2u *"_ivl_236", 31 0, L_0x7fe792ab5ae0;  1 drivers
v0x55ab8ceef750_0 .net *"_ivl_238", 0 0, L_0x55ab8cf72e90;  1 drivers
v0x55ab8ceef810_0 .net *"_ivl_24", 31 0, L_0x55ab8cf6f6c0;  1 drivers
v0x55ab8ceef8f0_0 .net/2u *"_ivl_242", 31 0, L_0x7fe792ab5b28;  1 drivers
v0x55ab8ceef9d0_0 .net *"_ivl_244", 31 0, L_0x55ab8cf73480;  1 drivers
L_0x7fe792ab5b70 .functor BUFT 1, C4<00000000000000000001000000100011>, C4<0>, C4<0>, C4<0>;
v0x55ab8ceefab0_0 .net/2u *"_ivl_246", 31 0, L_0x7fe792ab5b70;  1 drivers
v0x55ab8ceefb90_0 .net *"_ivl_248", 0 0, L_0x55ab8cf731d0;  1 drivers
v0x55ab8ceefc50_0 .net/2u *"_ivl_250", 31 0, L_0x7fe792ab5bb8;  1 drivers
v0x55ab8ceefd30_0 .net *"_ivl_252", 31 0, L_0x55ab8cf736d0;  1 drivers
L_0x7fe792ab5c00 .functor BUFT 1, C4<00000000000000000001000000000011>, C4<0>, C4<0>, C4<0>;
v0x55ab8ceefe10_0 .net/2u *"_ivl_254", 31 0, L_0x7fe792ab5c00;  1 drivers
v0x55ab8ceefef0_0 .net *"_ivl_256", 0 0, L_0x55ab8cf73790;  1 drivers
v0x55ab8ceeffb0_0 .net *"_ivl_259", 0 0, L_0x55ab8cf73310;  1 drivers
L_0x7fe792ab4df0 .functor BUFT 1, C4<00000000000000000000000000000011>, C4<0>, C4<0>, C4<0>;
v0x55ab8cef0070_0 .net/2u *"_ivl_26", 31 0, L_0x7fe792ab4df0;  1 drivers
v0x55ab8cef0150_0 .net/2u *"_ivl_260", 31 0, L_0x7fe792ab5c48;  1 drivers
v0x55ab8cef0230_0 .net *"_ivl_262", 31 0, L_0x55ab8cf73540;  1 drivers
L_0x7fe792ab5c90 .functor BUFT 1, C4<00000000000000000101000000000011>, C4<0>, C4<0>, C4<0>;
v0x55ab8cef0310_0 .net/2u *"_ivl_264", 31 0, L_0x7fe792ab5c90;  1 drivers
v0x55ab8cef03f0_0 .net *"_ivl_266", 0 0, L_0x55ab8cf73600;  1 drivers
v0x55ab8cef04b0_0 .net/2u *"_ivl_270", 31 0, L_0x7fe792ab5cd8;  1 drivers
v0x55ab8cef0590_0 .net *"_ivl_272", 31 0, L_0x55ab8cf739c0;  1 drivers
L_0x7fe792ab5d20 .functor BUFT 1, C4<00000000000000000001000001110011>, C4<0>, C4<0>, C4<0>;
v0x55ab8cef0670_0 .net/2u *"_ivl_274", 31 0, L_0x7fe792ab5d20;  1 drivers
v0x55ab8cef0750_0 .net *"_ivl_276", 0 0, L_0x55ab8cf73a80;  1 drivers
v0x55ab8cef0810_0 .net *"_ivl_279", 11 0, L_0x55ab8cf738d0;  1 drivers
v0x55ab8cef08f0_0 .net *"_ivl_28", 0 0, L_0x55ab8cf6f730;  1 drivers
L_0x7fe792ab5d68 .functor BUFT 1, C4<001110100000>, C4<0>, C4<0>, C4<0>;
v0x55ab8cef09b0_0 .net/2u *"_ivl_280", 11 0, L_0x7fe792ab5d68;  1 drivers
v0x55ab8cef0a90_0 .net *"_ivl_282", 0 0, L_0x55ab8cf74060;  1 drivers
v0x55ab8cef0b50_0 .net/2u *"_ivl_286", 31 0, L_0x7fe792ab5db0;  1 drivers
v0x55ab8cef0c30_0 .net *"_ivl_288", 31 0, L_0x55ab8cf73d10;  1 drivers
L_0x7fe792ab5df8 .functor BUFT 1, C4<00000000000000000001000001110011>, C4<0>, C4<0>, C4<0>;
v0x55ab8cef0d10_0 .net/2u *"_ivl_290", 31 0, L_0x7fe792ab5df8;  1 drivers
v0x55ab8cef0df0_0 .net *"_ivl_292", 0 0, L_0x55ab8cf73dd0;  1 drivers
v0x55ab8cef0eb0_0 .net *"_ivl_295", 11 0, L_0x55ab8cf744c0;  1 drivers
L_0x7fe792ab5e40 .functor BUFT 1, C4<001110100001>, C4<0>, C4<0>, C4<0>;
v0x55ab8cef0f90_0 .net/2u *"_ivl_296", 11 0, L_0x7fe792ab5e40;  1 drivers
v0x55ab8cef1070_0 .net *"_ivl_298", 0 0, L_0x55ab8cf74150;  1 drivers
v0x55ab8cef1130_0 .net *"_ivl_3", 0 0, L_0x55ab8cf6ee40;  1 drivers
v0x55ab8cef11f0_0 .net/2u *"_ivl_30", 31 0, L_0x7fe792ab4e38;  1 drivers
v0x55ab8cef12d0_0 .net/2u *"_ivl_302", 31 0, L_0x7fe792ab5e88;  1 drivers
v0x55ab8cef13b0_0 .net *"_ivl_304", 31 0, L_0x55ab8cf742b0;  1 drivers
L_0x7fe792ab5ed0 .functor BUFT 1, C4<00000000000000000001000001110011>, C4<0>, C4<0>, C4<0>;
v0x55ab8cef1490_0 .net/2u *"_ivl_306", 31 0, L_0x7fe792ab5ed0;  1 drivers
v0x55ab8cef1570_0 .net *"_ivl_308", 0 0, L_0x55ab8cf74370;  1 drivers
v0x55ab8cef1630_0 .net *"_ivl_311", 11 0, L_0x55ab8cf74560;  1 drivers
L_0x7fe792ab5f18 .functor BUFT 1, C4<001110100010>, C4<0>, C4<0>, C4<0>;
v0x55ab8cef1710_0 .net/2u *"_ivl_312", 11 0, L_0x7fe792ab5f18;  1 drivers
v0x55ab8cef17f0_0 .net *"_ivl_314", 0 0, L_0x55ab8cf74b30;  1 drivers
v0x55ab8cef18b0_0 .net *"_ivl_319", 29 0, L_0x55ab8cf747e0;  1 drivers
v0x55ab8cef1990_0 .net *"_ivl_32", 31 0, L_0x55ab8cf6f7d0;  1 drivers
L_0x7fe792ab5f60 .functor BUFT 1, C4<00>, C4<0>, C4<0>, C4<0>;
v0x55ab8cef1a70_0 .net/2u *"_ivl_320", 1 0, L_0x7fe792ab5f60;  1 drivers
v0x55ab8cef1b50_0 .net *"_ivl_326", 0 0, L_0x55ab8cf75090;  1 drivers
v0x55ab8cef1c30_0 .net *"_ivl_330", 3 0, L_0x55ab8cf74de0;  1 drivers
v0x55ab8cef1d10_0 .net *"_ivl_332", 3 0, L_0x55ab8cf752f0;  1 drivers
L_0x7fe792ab4e80 .functor BUFT 1, C4<00000000000000000001000000000011>, C4<0>, C4<0>, C4<0>;
v0x55ab8cef1df0_0 .net/2u *"_ivl_34", 31 0, L_0x7fe792ab4e80;  1 drivers
v0x55ab8cef1ed0_0 .net *"_ivl_347", 0 0, L_0x55ab8cf753d0;  1 drivers
v0x55ab8cef1f90_0 .net *"_ivl_349", 0 0, L_0x55ab8cf75440;  1 drivers
v0x55ab8cef2050_0 .net *"_ivl_351", 0 0, L_0x55ab8cf754b0;  1 drivers
L_0x7fe792ab5ff0 .functor BUFT 1, C4<0000>, C4<0>, C4<0>, C4<0>;
v0x55ab8cef2110_0 .net/2u *"_ivl_352", 3 0, L_0x7fe792ab5ff0;  1 drivers
v0x55ab8cef21f0_0 .net *"_ivl_354", 0 0, L_0x55ab8cf75920;  1 drivers
v0x55ab8cef22b0_0 .net *"_ivl_357", 0 0, L_0x55ab8cf74f10;  1 drivers
v0x55ab8cef2370_0 .net *"_ivl_359", 0 0, L_0x55ab8cf75b20;  1 drivers
v0x55ab8cef2430_0 .net *"_ivl_36", 0 0, L_0x55ab8cf6f8d0;  1 drivers
v0x55ab8cef24f0_0 .net *"_ivl_361", 0 0, L_0x55ab8cf75020;  1 drivers
v0x55ab8cef25b0_0 .net *"_ivl_363", 0 0, L_0x55ab8cf756e0;  1 drivers
v0x55ab8cef2670_0 .net *"_ivl_369", 0 0, L_0x55ab8cf759c0;  1 drivers
v0x55ab8cef2730_0 .net *"_ivl_371", 0 0, L_0x55ab8cf75a60;  1 drivers
v0x55ab8cef27f0_0 .net *"_ivl_373", 0 0, L_0x55ab8cf767d0;  1 drivers
v0x55ab8cef28b0_0 .net *"_ivl_375", 0 0, L_0x55ab8cf75c60;  1 drivers
v0x55ab8cef2970_0 .net *"_ivl_377", 0 0, L_0x55ab8cf75d20;  1 drivers
v0x55ab8cef2a30_0 .net *"_ivl_379", 0 0, L_0x55ab8cf75de0;  1 drivers
v0x55ab8cef2af0_0 .net *"_ivl_380", 0 0, L_0x55ab8cf76b10;  1 drivers
v0x55ab8cef33e0_0 .net *"_ivl_383", 0 0, L_0x55ab8cf76890;  1 drivers
v0x55ab8cef34a0_0 .net *"_ivl_39", 0 0, L_0x55ab8cf6f970;  1 drivers
v0x55ab8cef3560_0 .net/2u *"_ivl_40", 31 0, L_0x7fe792ab4ec8;  1 drivers
v0x55ab8cef3640_0 .net *"_ivl_400", 0 0, L_0x55ab8cf76c40;  1 drivers
v0x55ab8cef3720_0 .net *"_ivl_406", 0 0, L_0x55ab8cf77700;  1 drivers
L_0x7fe792ab61a0 .functor BUFT 1, C4<010100>, C4<0>, C4<0>, C4<0>;
v0x55ab8cef3800_0 .net/2u *"_ivl_414", 5 0, L_0x7fe792ab61a0;  1 drivers
L_0x7fe792ab61e8 .functor BUFT 1, C4<010110>, C4<0>, C4<0>, C4<0>;
v0x55ab8cef38e0_0 .net/2u *"_ivl_416", 5 0, L_0x7fe792ab61e8;  1 drivers
L_0x7fe792ab6230 .functor BUFT 1, C4<011101>, C4<0>, C4<0>, C4<0>;
v0x55ab8cef39c0_0 .net/2u *"_ivl_418", 5 0, L_0x7fe792ab6230;  1 drivers
v0x55ab8cef3aa0_0 .net *"_ivl_42", 31 0, L_0x55ab8cf6fa50;  1 drivers
L_0x7fe792ab6278 .functor BUFT 1, C4<011111>, C4<0>, C4<0>, C4<0>;
v0x55ab8cef3b80_0 .net/2u *"_ivl_420", 5 0, L_0x7fe792ab6278;  1 drivers
L_0x7fe792ab62c0 .functor BUFT 1, C4<010101>, C4<0>, C4<0>, C4<0>;
v0x55ab8cef3c60_0 .net/2u *"_ivl_422", 5 0, L_0x7fe792ab62c0;  1 drivers
L_0x7fe792ab6308 .functor BUFT 1, C4<010111>, C4<0>, C4<0>, C4<0>;
v0x55ab8cef3d40_0 .net/2u *"_ivl_424", 5 0, L_0x7fe792ab6308;  1 drivers
L_0x7fe792ab6350 .functor BUFT 1, C4<000000>, C4<0>, C4<0>, C4<0>;
v0x55ab8cef3e20_0 .net/2u *"_ivl_426", 5 0, L_0x7fe792ab6350;  1 drivers
v0x55ab8cef3f00_0 .net *"_ivl_428", 5 0, L_0x55ab8cf77580;  1 drivers
v0x55ab8cef3fe0_0 .net *"_ivl_430", 5 0, L_0x55ab8cf77a60;  1 drivers
v0x55ab8cef40c0_0 .net *"_ivl_432", 5 0, L_0x55ab8cf772a0;  1 drivers
v0x55ab8cef41a0_0 .net *"_ivl_434", 5 0, L_0x55ab8cf77d50;  1 drivers
v0x55ab8cef4280_0 .net *"_ivl_436", 5 0, L_0x55ab8cf77bf0;  1 drivers
L_0x7fe792ab4f10 .functor BUFT 1, C4<00000000000000000010000000000011>, C4<0>, C4<0>, C4<0>;
v0x55ab8cef4360_0 .net/2u *"_ivl_44", 31 0, L_0x7fe792ab4f10;  1 drivers
v0x55ab8cef4440_0 .net *"_ivl_46", 0 0, L_0x55ab8cf6fac0;  1 drivers
v0x55ab8cef4500_0 .net *"_ivl_49", 0 0, L_0x55ab8cf6fb60;  1 drivers
v0x55ab8cef45c0_0 .net *"_ivl_5", 0 0, L_0x55ab8cf6ef40;  1 drivers
v0x55ab8cef4680_0 .net/2u *"_ivl_50", 31 0, L_0x7fe792ab4f58;  1 drivers
v0x55ab8cef4760_0 .net *"_ivl_52", 31 0, L_0x55ab8cf6f9e0;  1 drivers
L_0x7fe792ab4fa0 .functor BUFT 1, C4<00000000000000000100000000000011>, C4<0>, C4<0>, C4<0>;
v0x55ab8cef4840_0 .net/2u *"_ivl_54", 31 0, L_0x7fe792ab4fa0;  1 drivers
v0x55ab8cef4920_0 .net *"_ivl_56", 0 0, L_0x55ab8cf6fbd0;  1 drivers
v0x55ab8cef49e0_0 .net *"_ivl_59", 0 0, L_0x55ab8cf6fc70;  1 drivers
v0x55ab8cef4aa0_0 .net/2u *"_ivl_60", 31 0, L_0x7fe792ab4fe8;  1 drivers
v0x55ab8cef4b80_0 .net *"_ivl_62", 31 0, L_0x55ab8cf6fd70;  1 drivers
L_0x7fe792ab5030 .functor BUFT 1, C4<00000000000000000101000000000011>, C4<0>, C4<0>, C4<0>;
v0x55ab8cef4c60_0 .net/2u *"_ivl_64", 31 0, L_0x7fe792ab5030;  1 drivers
v0x55ab8cef4d40_0 .net *"_ivl_66", 0 0, L_0x55ab8cf6fde0;  1 drivers
v0x55ab8cef4e00_0 .net *"_ivl_69", 0 0, L_0x55ab8cf6fe80;  1 drivers
v0x55ab8cef4ec0_0 .net *"_ivl_7", 0 0, L_0x55ab8cf6f040;  1 drivers
v0x55ab8cef4f80_0 .net/2u *"_ivl_70", 31 0, L_0x7fe792ab5078;  1 drivers
v0x55ab8cef5060_0 .net *"_ivl_72", 31 0, L_0x55ab8cf6fce0;  1 drivers
L_0x7fe792ab50c0 .functor BUFT 1, C4<00000000000000000110000000000011>, C4<0>, C4<0>, C4<0>;
v0x55ab8cef5140_0 .net/2u *"_ivl_74", 31 0, L_0x7fe792ab50c0;  1 drivers
v0x55ab8cef5220_0 .net *"_ivl_76", 0 0, L_0x55ab8cf70080;  1 drivers
v0x55ab8cef52e0_0 .net/2u *"_ivl_80", 31 0, L_0x7fe792ab5108;  1 drivers
v0x55ab8cef53c0_0 .net *"_ivl_82", 31 0, L_0x55ab8cf6ff90;  1 drivers
L_0x7fe792ab5150 .functor BUFT 1, C4<00000000000000000000000000000011>, C4<0>, C4<0>, C4<0>;
v0x55ab8cef54a0_0 .net/2u *"_ivl_84", 31 0, L_0x7fe792ab5150;  1 drivers
v0x55ab8cef5580_0 .net *"_ivl_86", 0 0, L_0x55ab8cf70420;  1 drivers
v0x55ab8cef5640_0 .net/2u *"_ivl_88", 31 0, L_0x7fe792ab5198;  1 drivers
v0x55ab8cef5720_0 .net *"_ivl_9", 0 0, L_0x55ab8cf6f140;  1 drivers
v0x55ab8cef57e0_0 .net *"_ivl_90", 31 0, L_0x55ab8cf70560;  1 drivers
L_0x7fe792ab51e0 .functor BUFT 1, C4<00000000000000000001000000000011>, C4<0>, C4<0>, C4<0>;
v0x55ab8cef58c0_0 .net/2u *"_ivl_92", 31 0, L_0x7fe792ab51e0;  1 drivers
v0x55ab8cef59a0_0 .net *"_ivl_94", 0 0, L_0x55ab8cf70320;  1 drivers
v0x55ab8cef5a60_0 .net *"_ivl_97", 0 0, L_0x55ab8cf70780;  1 drivers
v0x55ab8cef5b20_0 .net/2u *"_ivl_98", 31 0, L_0x7fe792ab5228;  1 drivers
v0x55ab8cef5c00_0 .var "addr_lsb_r", 1 0;
v0x55ab8cef5ce0_0 .net "clk_i", 0 0, v0x55ab8cf10ee0_0;  alias, 1 drivers
v0x55ab8cef5d80_0 .net "complete_err_e2_w", 0 0, L_0x55ab8cf6f540;  1 drivers
v0x55ab8cef5e40_0 .net "complete_ok_e2_w", 0 0, L_0x55ab8cf6f440;  1 drivers
v0x55ab8cef5f00_0 .net "dcache_flush_w", 0 0, L_0x55ab8cf73f60;  1 drivers
v0x55ab8cef5fc0_0 .net "dcache_invalidate_w", 0 0, L_0x55ab8cf74a00;  1 drivers
v0x55ab8cef6080_0 .net "dcache_writeback_w", 0 0, L_0x55ab8cf746d0;  1 drivers
v0x55ab8cef6140_0 .net "delay_lsu_e2_w", 0 0, L_0x55ab8cf6f650;  1 drivers
v0x55ab8cef6200_0 .net "fault_load_align_w", 0 0, L_0x55ab8cf76b80;  1 drivers
v0x55ab8cef62c0_0 .net "fault_load_bus_w", 0 0, L_0x55ab8cf76db0;  1 drivers
v0x55ab8cef6380_0 .net "fault_load_page_w", 0 0, L_0x55ab8cf77410;  1 drivers
v0x55ab8cef6440_0 .net "fault_store_align_w", 0 0, L_0x55ab8cf76cb0;  1 drivers
v0x55ab8cef6500_0 .net "fault_store_bus_w", 0 0, L_0x55ab8cf773a0;  1 drivers
v0x55ab8cef65c0_0 .net "fault_store_page_w", 0 0, L_0x55ab8cf77480;  1 drivers
v0x55ab8cef6680_0 .net "issue_lsu_e1_w", 0 0, L_0x55ab8cf6f240;  1 drivers
v0x55ab8cef6740_0 .var "load_byte_r", 0 0;
v0x55ab8cef6800_0 .var "load_half_r", 0 0;
v0x55ab8cef68c0_0 .net "load_inst_w", 0 0, L_0x55ab8cf70210;  1 drivers
v0x55ab8cef6980_0 .net "load_signed_inst_w", 0 0, L_0x55ab8cf70a70;  1 drivers
v0x55ab8cef6a40_0 .var "load_signed_r", 0 0;
v0x55ab8cef6b00_0 .net "mem_accept_i", 0 0, L_0x55ab8cf6ebf0;  alias, 1 drivers
v0x55ab8cef6bc0_0 .net "mem_ack_i", 0 0, L_0x55ab8cf6e780;  alias, 1 drivers
v0x55ab8cef6c80_0 .net "mem_addr_o", 31 0, L_0x55ab8cf74880;  alias, 1 drivers
v0x55ab8cef6d60_0 .var "mem_addr_q", 31 0;
v0x55ab8cef6e40_0 .var "mem_addr_r", 31 0;
v0x55ab8cef6f20_0 .net "mem_cacheable_o", 0 0, v0x55ab8cef6fe0_0;  alias, 1 drivers
v0x55ab8cef6fe0_0 .var "mem_cacheable_q", 0 0;
v0x55ab8cef70a0_0 .var "mem_data_r", 31 0;
v0x55ab8cef7180_0 .net "mem_data_rd_i", 31 0, L_0x55ab8cf6e880;  alias, 1 drivers
v0x55ab8cef7260_0 .net "mem_data_wr_o", 31 0, v0x55ab8cef7340_0;  alias, 1 drivers
v0x55ab8cef7340_0 .var "mem_data_wr_q", 31 0;
v0x55ab8cef7420_0 .net "mem_error_i", 0 0, L_0x55ab8cf6e9b0;  alias, 1 drivers
v0x55ab8cef74e0_0 .net "mem_flush_o", 0 0, v0x55ab8cef75a0_0;  alias, 1 drivers
v0x55ab8cef75a0_0 .var "mem_flush_q", 0 0;
v0x55ab8cef7660_0 .net "mem_invalidate_o", 0 0, v0x55ab8cef7720_0;  alias, 1 drivers
v0x55ab8cef7720_0 .var "mem_invalidate_q", 0 0;
v0x55ab8cef77e0_0 .net "mem_load_fault_i", 0 0, L_0x7fe792ab4d60;  alias, 1 drivers
v0x55ab8cef78a0_0 .var "mem_load_q", 0 0;
v0x55ab8cef7960_0 .var "mem_ls_q", 0 0;
v0x55ab8cef7a20_0 .net "mem_rd_o", 0 0, L_0x55ab8cf74d20;  alias, 1 drivers
v0x55ab8cef7ae0_0 .var "mem_rd_q", 0 0;
v0x55ab8cef7ba0_0 .var "mem_rd_r", 0 0;
v0x55ab8cef7c60_0 .net "mem_req_tag_o", 10 0, L_0x7fe792ab5fa8;  alias, 1 drivers
v0x55ab8cef7d40_0 .net "mem_resp_tag_i", 10 0, L_0x55ab8cf6e5f0;  alias, 1 drivers
v0x55ab8cef7e20_0 .net "mem_store_fault_i", 0 0, L_0x7fe792ab4d18;  alias, 1 drivers
v0x55ab8cef7ee0_0 .var "mem_unaligned_e1_q", 0 0;
v0x55ab8cef7fa0_0 .var "mem_unaligned_e2_q", 0 0;
v0x55ab8cef8060_0 .var "mem_unaligned_r", 0 0;
v0x55ab8cef8120_0 .net "mem_wr_o", 3 0, L_0x55ab8cf75100;  alias, 1 drivers
v0x55ab8cef8200_0 .var "mem_wr_q", 3 0;
v0x55ab8cef82e0_0 .var "mem_wr_r", 3 0;
v0x55ab8cef83c0_0 .net "mem_writeback_o", 0 0, v0x55ab8cef8480_0;  alias, 1 drivers
v0x55ab8cef8480_0 .var "mem_writeback_q", 0 0;
v0x55ab8cef8540_0 .var "mem_xb_q", 0 0;
v0x55ab8cef8600_0 .var "mem_xh_q", 0 0;
v0x55ab8cef86c0_0 .net "opcode_invalid_i", 0 0, L_0x7fe792ab7c58;  alias, 1 drivers
v0x55ab8cef8760_0 .net "opcode_opcode_i", 31 0, L_0x55ab8cf908c0;  alias, 1 drivers
v0x55ab8cef8830_0 .net "opcode_pc_i", 31 0, L_0x55ab8cf90960;  alias, 1 drivers
v0x55ab8cef8900_0 .net "opcode_ra_idx_i", 4 0, L_0x55ab8cf91020;  alias, 1 drivers
v0x55ab8cef89d0_0 .net "opcode_ra_operand_i", 31 0, L_0x55ab8cf91280;  alias, 1 drivers
v0x55ab8cef8aa0_0 .net "opcode_rb_idx_i", 4 0, L_0x55ab8cf91150;  alias, 1 drivers
v0x55ab8cef8b70_0 .net "opcode_rb_operand_i", 31 0, L_0x55ab8cf90a00;  alias, 1 drivers
v0x55ab8cef8c40_0 .net "opcode_rd_idx_i", 4 0, L_0x55ab8cf8da00;  alias, 1 drivers
v0x55ab8cef8d10_0 .net "opcode_valid_i", 0 0, L_0x55ab8cf8d7d0;  alias, 1 drivers
v0x55ab8cef8de0_0 .var "pending_lsu_e2_q", 0 0;
v0x55ab8cef8e80_0 .net "req_lb_w", 0 0, L_0x55ab8cf71900;  1 drivers
v0x55ab8cef8f20_0 .net "req_lh_w", 0 0, L_0x55ab8cf71870;  1 drivers
v0x55ab8cef8fe0_0 .net "req_lw_w", 0 0, L_0x55ab8cf71e40;  1 drivers
v0x55ab8cef90a0_0 .net "req_sb_w", 0 0, L_0x55ab8cf72260;  1 drivers
v0x55ab8cef9160_0 .net "req_sh_lh_w", 0 0, L_0x55ab8cf73c00;  1 drivers
v0x55ab8cef9220_0 .net "req_sh_w", 0 0, L_0x55ab8cf72810;  1 drivers
v0x55ab8cef92e0_0 .net "req_sw_lw_w", 0 0, L_0x55ab8cf72dc0;  1 drivers
v0x55ab8cef93a0_0 .net "req_sw_w", 0 0, L_0x55ab8cf72600;  1 drivers
v0x55ab8cef9460_0 .net "resp_addr_w", 31 0, L_0x55ab8cf76e90;  1 drivers
v0x55ab8cef9540_0 .net "resp_byte_w", 0 0, L_0x55ab8cf770c0;  1 drivers
v0x55ab8cef9600_0 .net "resp_half_w", 0 0, L_0x55ab8cf76700;  1 drivers
v0x55ab8cef96c0_0 .net "resp_load_w", 0 0, L_0x55ab8cf77160;  1 drivers
v0x55ab8cef9780_0 .net "resp_signed_w", 0 0, L_0x55ab8cf76660;  1 drivers
v0x55ab8cef9840_0 .net "rst_i", 0 0, v0x55ab8cf12130_0;  alias, 1 drivers
v0x55ab8cef98e0_0 .net "stall_o", 0 0, L_0x55ab8cf757a0;  alias, 1 drivers
v0x55ab8cef2bc0_0 .net "store_inst_w", 0 0, L_0x55ab8cf70dc0;  1 drivers
v0x55ab8cef2c60_0 .var "wb_result_r", 31 0;
v0x55ab8cef2d40_0 .net "writeback_exception_o", 5 0, L_0x55ab8cf780a0;  alias, 1 drivers
v0x55ab8cef2e00_0 .net "writeback_valid_o", 0 0, L_0x55ab8cf76f30;  alias, 1 drivers
v0x55ab8cef2ea0_0 .net "writeback_value_o", 31 0, L_0x55ab8cf76ff0;  alias, 1 drivers
E_0x55ab8cec1a90/0 .event anyedge, v0x55ab8cef9460_0, v0x55ab8cef9540_0, v0x55ab8cef9600_0, v0x55ab8cef9780_0;
E_0x55ab8cec1a90/1 .event anyedge, v0x55ab8cef6bc0_0, v0x55ab8cef7420_0, v0x55ab8cef7fa0_0, v0x55ab8cef96c0_0;
E_0x55ab8cec1a90/2 .event anyedge, v0x55ab8cef6740_0, v0x55ab8cef5c00_0, v0x55ab8cef7180_0, v0x55ab8cef6a40_0;
E_0x55ab8cec1a90/3 .event anyedge, v0x55ab8cef2c60_0, v0x55ab8cef6800_0;
E_0x55ab8cec1a90 .event/or E_0x55ab8cec1a90/0, E_0x55ab8cec1a90/1, E_0x55ab8cec1a90/2, E_0x55ab8cec1a90/3;
E_0x55ab8cec1af0/0 .event anyedge, v0x55ab8cee3080_0, v0x55ab8cee2a80_0, v0x55ab8cee2d00_0, v0x55ab8cef68c0_0;
E_0x55ab8cec1af0/1 .event anyedge, v0x55ab8cef92e0_0, v0x55ab8cef6e40_0, v0x55ab8cef9160_0, v0x55ab8cef8060_0;
E_0x55ab8cec1af0/2 .event anyedge, v0x55ab8cee2ec0_0;
E_0x55ab8cec1af0 .event/or E_0x55ab8cec1af0/0, E_0x55ab8cec1af0/1, E_0x55ab8cec1af0/2;
L_0x55ab8cf6eab0 .reduce/or L_0x55ab8cf75100;
L_0x55ab8cf6f5b0 .reduce/nor L_0x55ab8cf6f440;
L_0x55ab8cf6f730 .cmp/eq 32, L_0x55ab8cf6f6c0, L_0x7fe792ab4df0;
L_0x55ab8cf6f8d0 .cmp/eq 32, L_0x55ab8cf6f7d0, L_0x7fe792ab4e80;
L_0x55ab8cf6fac0 .cmp/eq 32, L_0x55ab8cf6fa50, L_0x7fe792ab4f10;
L_0x55ab8cf6fbd0 .cmp/eq 32, L_0x55ab8cf6f9e0, L_0x7fe792ab4fa0;
L_0x55ab8cf6fde0 .cmp/eq 32, L_0x55ab8cf6fd70, L_0x7fe792ab5030;
L_0x55ab8cf70080 .cmp/eq 32, L_0x55ab8cf6fce0, L_0x7fe792ab50c0;
L_0x55ab8cf70420 .cmp/eq 32, L_0x55ab8cf6ff90, L_0x7fe792ab5150;
L_0x55ab8cf70320 .cmp/eq 32, L_0x55ab8cf70560, L_0x7fe792ab51e0;
L_0x55ab8cf70620 .cmp/eq 32, L_0x55ab8cf70840, L_0x7fe792ab5270;
L_0x55ab8cf70900 .cmp/eq 32, L_0x55ab8cf70b80, L_0x7fe792ab5300;
L_0x55ab8cf70ef0 .cmp/eq 32, L_0x55ab8cf70e30, L_0x7fe792ab5390;
L_0x55ab8cf71230 .cmp/eq 32, L_0x55ab8cf70c40, L_0x7fe792ab5420;
L_0x55ab8cf71510 .cmp/eq 32, L_0x55ab8cf71140, L_0x7fe792ab54b0;
L_0x55ab8cf71410 .cmp/eq 32, L_0x55ab8cf71650, L_0x7fe792ab5540;
L_0x55ab8cf71710 .cmp/eq 32, L_0x55ab8cf71a10, L_0x7fe792ab55d0;
L_0x55ab8cf71d00 .cmp/eq 32, L_0x55ab8cf71c40, L_0x7fe792ab5660;
L_0x55ab8cf720b0 .cmp/eq 32, L_0x55ab8cf71ad0, L_0x7fe792ab56f0;
L_0x55ab8cf71f80 .cmp/eq 32, L_0x55ab8cf721a0, L_0x7fe792ab5780;
L_0x55ab8cf72260 .cmp/eq 32, L_0x55ab8cf72540, L_0x7fe792ab5810;
L_0x55ab8cf72810 .cmp/eq 32, L_0x55ab8cf72750, L_0x7fe792ab58a0;
L_0x55ab8cf72600 .cmp/eq 32, L_0x55ab8cf723f0, L_0x7fe792ab5930;
L_0x55ab8cf72c80 .cmp/eq 32, L_0x55ab8cf72bc0, L_0x7fe792ab59c0;
L_0x55ab8cf72a60 .cmp/eq 32, L_0x55ab8cf72950, L_0x7fe792ab5a50;
L_0x55ab8cf72e90 .cmp/eq 32, L_0x55ab8cf73110, L_0x7fe792ab5ae0;
L_0x55ab8cf731d0 .cmp/eq 32, L_0x55ab8cf73480, L_0x7fe792ab5b70;
L_0x55ab8cf73790 .cmp/eq 32, L_0x55ab8cf736d0, L_0x7fe792ab5c00;
L_0x55ab8cf73600 .cmp/eq 32, L_0x55ab8cf73540, L_0x7fe792ab5c90;
L_0x55ab8cf73a80 .cmp/eq 32, L_0x55ab8cf739c0, L_0x7fe792ab5d20;
L_0x55ab8cf738d0 .part L_0x55ab8cf908c0, 20, 12;
L_0x55ab8cf74060 .cmp/eq 12, L_0x55ab8cf738d0, L_0x7fe792ab5d68;
L_0x55ab8cf73dd0 .cmp/eq 32, L_0x55ab8cf73d10, L_0x7fe792ab5df8;
L_0x55ab8cf744c0 .part L_0x55ab8cf908c0, 20, 12;
L_0x55ab8cf74150 .cmp/eq 12, L_0x55ab8cf744c0, L_0x7fe792ab5e40;
L_0x55ab8cf74370 .cmp/eq 32, L_0x55ab8cf742b0, L_0x7fe792ab5ed0;
L_0x55ab8cf74560 .part L_0x55ab8cf908c0, 20, 12;
L_0x55ab8cf74b30 .cmp/eq 12, L_0x55ab8cf74560, L_0x7fe792ab5f18;
L_0x55ab8cf747e0 .part v0x55ab8cef6d60_0, 2, 30;
L_0x55ab8cf74880 .concat [ 2 30 0 0], L_0x7fe792ab5f60, L_0x55ab8cf747e0;
L_0x55ab8cf74de0 .concat [ 1 1 1 1], L_0x55ab8cf6f650, L_0x55ab8cf6f650, L_0x55ab8cf6f650, L_0x55ab8cf6f650;
L_0x55ab8cf75920 .cmp/ne 4, L_0x55ab8cf75100, L_0x7fe792ab5ff0;
L_0x55ab8cf75b20 .reduce/nor L_0x55ab8cf6ebf0;
LS_0x55ab8cf76570_0_0 .concat [ 1 1 1 1], v0x55ab8cef78a0_0, v0x55ab8cef8540_0, v0x55ab8cef8600_0, v0x55ab8cef7960_0;
LS_0x55ab8cf76570_0_4 .concat [ 32 0 0 0], v0x55ab8cef6d60_0;
L_0x55ab8cf76570 .concat [ 4 32 0 0], LS_0x55ab8cf76570_0_0, LS_0x55ab8cf76570_0_4;
L_0x55ab8cf759c0 .reduce/or L_0x55ab8cf75100;
L_0x55ab8cf76e90 .part L_0x55ab8cf764b0, 4, 32;
L_0x55ab8cf76660 .part L_0x55ab8cf764b0, 3, 1;
L_0x55ab8cf76700 .part L_0x55ab8cf764b0, 2, 1;
L_0x55ab8cf770c0 .part L_0x55ab8cf764b0, 1, 1;
L_0x55ab8cf77160 .part L_0x55ab8cf764b0, 0, 1;
L_0x55ab8cf77580 .functor MUXZ 6, L_0x7fe792ab6350, L_0x7fe792ab6308, L_0x55ab8cf773a0, C4<>;
L_0x55ab8cf77a60 .functor MUXZ 6, L_0x55ab8cf77580, L_0x7fe792ab62c0, L_0x55ab8cf76db0, C4<>;
L_0x55ab8cf772a0 .functor MUXZ 6, L_0x55ab8cf77a60, L_0x7fe792ab6278, L_0x55ab8cf77480, C4<>;
L_0x55ab8cf77d50 .functor MUXZ 6, L_0x55ab8cf772a0, L_0x7fe792ab6230, L_0x55ab8cf77410, C4<>;
L_0x55ab8cf77bf0 .functor MUXZ 6, L_0x55ab8cf77d50, L_0x7fe792ab61e8, L_0x55ab8cf76cb0, C4<>;
L_0x55ab8cf780a0 .functor MUXZ 6, L_0x55ab8cf77bf0, L_0x7fe792ab61a0, L_0x55ab8cf76b80, C4<>;
S_0x55ab8ceea750 .scope module, "u_lsu_request" "biriscv_lsu_fifo" 21 335, 21 422 0, S_0x55ab8cec16f0;
 .timescale 0 0;
    .port_info 0 /INPUT 1 "clk_i";
    .port_info 1 /INPUT 1 "rst_i";
    .port_info 2 /INPUT 36 "data_in_i";
    .port_info 3 /INPUT 1 "push_i";
    .port_info 4 /INPUT 1 "pop_i";
    .port_info 5 /OUTPUT 36 "data_out_o";
    .port_info 6 /OUTPUT 1 "accept_o";
    .port_info 7 /OUTPUT 1 "valid_o";
P_0x55ab8ced4f90 .param/l "ADDR_W" 0 21 429, +C4<00000000000000000000000000000001>;
P_0x55ab8ced4fd0 .param/l "COUNT_W" 1 21 451, +C4<000000000000000000000000000000010>;
P_0x55ab8ced5010 .param/l "DEPTH" 0 21 428, +C4<00000000000000000000000000000010>;
P_0x55ab8ced5050 .param/l "WIDTH" 0 21 427, +C4<00000000000000000000000000100100>;
L_0x55ab8cf764b0 .functor BUFZ 36, L_0x55ab8cf762d0, C4<000000000000000000000000000000000000>, C4<000000000000000000000000000000000000>, C4<000000000000000000000000000000000000>;
v0x55ab8ceeaae0_0 .net *"_ivl_0", 31 0, L_0x55ab8cf75860;  1 drivers
L_0x7fe792ab60c8 .functor BUFT 1, C4<000000000000000000000000000000>, C4<0>, C4<0>, C4<0>;
v0x55ab8ceeabe0_0 .net *"_ivl_11", 29 0, L_0x7fe792ab60c8;  1 drivers
L_0x7fe792ab6110 .functor BUFT 1, C4<00000000000000000000000000000010>, C4<0>, C4<0>, C4<0>;
v0x55ab8ceeacc0_0 .net/2u *"_ivl_12", 31 0, L_0x7fe792ab6110;  1 drivers
v0x55ab8ceead80_0 .net *"_ivl_16", 35 0, L_0x55ab8cf762d0;  1 drivers
v0x55ab8ceeae60_0 .net *"_ivl_18", 2 0, L_0x55ab8cf76370;  1 drivers
L_0x7fe792ab6158 .functor BUFT 1, C4<00>, C4<0>, C4<0>, C4<0>;
v0x55ab8ceeaf90_0 .net *"_ivl_21", 1 0, L_0x7fe792ab6158;  1 drivers
L_0x7fe792ab6038 .functor BUFT 1, C4<000000000000000000000000000000>, C4<0>, C4<0>, C4<0>;
v0x55ab8ceeb070_0 .net *"_ivl_3", 29 0, L_0x7fe792ab6038;  1 drivers
L_0x7fe792ab6080 .functor BUFT 1, C4<00000000000000000000000000000000>, C4<0>, C4<0>, C4<0>;
v0x55ab8ceeb150_0 .net/2u *"_ivl_4", 31 0, L_0x7fe792ab6080;  1 drivers
v0x55ab8ceeb230_0 .net *"_ivl_8", 31 0, L_0x55ab8cf76050;  1 drivers
v0x55ab8ceeb310_0 .net "accept_o", 0 0, L_0x55ab8cf76190;  1 drivers
v0x55ab8ceeb3d0_0 .net "clk_i", 0 0, v0x55ab8cf10ee0_0;  alias, 1 drivers
v0x55ab8ceeb470_0 .var "count_q", 1 0;
v0x55ab8ceeb550_0 .net "data_in_i", 35 0, L_0x55ab8cf76570;  1 drivers
v0x55ab8ceeb630_0 .net "data_out_o", 35 0, L_0x55ab8cf764b0;  1 drivers
v0x55ab8ceeb710_0 .var/i "i", 31 0;
v0x55ab8ceeb7f0_0 .net "pop_i", 0 0, L_0x55ab8cf76e20;  1 drivers
v0x55ab8ceeb8b0_0 .net "push_i", 0 0, L_0x55ab8cf769a0;  1 drivers
v0x55ab8ceeba80 .array "ram_q", 0 1, 35 0;
v0x55ab8ceebb40_0 .var "rd_ptr_q", 0 0;
v0x55ab8ceebc20_0 .net "rst_i", 0 0, v0x55ab8cf12130_0;  alias, 1 drivers
v0x55ab8ceebcc0_0 .net "valid_o", 0 0, L_0x55ab8cf75f10;  1 drivers
v0x55ab8ceebd80_0 .var "wr_ptr_q", 0 0;
L_0x55ab8cf75860 .concat [ 2 30 0 0], v0x55ab8ceeb470_0, L_0x7fe792ab6038;
L_0x55ab8cf75f10 .cmp/ne 32, L_0x55ab8cf75860, L_0x7fe792ab6080;
L_0x55ab8cf76050 .concat [ 2 30 0 0], v0x55ab8ceeb470_0, L_0x7fe792ab60c8;
L_0x55ab8cf76190 .cmp/ne 32, L_0x55ab8cf76050, L_0x7fe792ab6110;
L_0x55ab8cf762d0 .array/port v0x55ab8ceeba80, L_0x55ab8cf76370;
L_0x55ab8cf76370 .concat [ 1 2 0 0], v0x55ab8ceebb40_0, L_0x7fe792ab6158;
S_0x55ab8cefaa30 .scope module, "u_mmu" "biriscv_mmu" 5 338, 22 26 0, S_0x55ab8cc7ea90;
 .timescale 0 0;
    .port_info 0 /INPUT 1 "clk_i";
    .port_info 1 /INPUT 1 "rst_i";
    .port_info 2 /INPUT 2 "priv_d_i";
    .port_info 3 /INPUT 1 "sum_i";
    .port_info 4 /INPUT 1 "mxr_i";
    .port_info 5 /INPUT 1 "flush_i";
    .port_info 6 /INPUT 32 "satp_i";
    .port_info 7 /INPUT 1 "fetch_in_rd_i";
    .port_info 8 /INPUT 1 "fetch_in_flush_i";
    .port_info 9 /INPUT 1 "fetch_in_invalidate_i";
    .port_info 10 /INPUT 32 "fetch_in_pc_i";
    .port_info 11 /INPUT 2 "fetch_in_priv_i";
    .port_info 12 /INPUT 1 "fetch_out_accept_i";
    .port_info 13 /INPUT 1 "fetch_out_valid_i";
    .port_info 14 /INPUT 1 "fetch_out_error_i";
    .port_info 15 /INPUT 64 "fetch_out_inst_i";
    .port_info 16 /INPUT 32 "lsu_in_addr_i";
    .port_info 17 /INPUT 32 "lsu_in_data_wr_i";
    .port_info 18 /INPUT 1 "lsu_in_rd_i";
    .port_info 19 /INPUT 4 "lsu_in_wr_i";
    .port_info 20 /INPUT 1 "lsu_in_cacheable_i";
    .port_info 21 /INPUT 11 "lsu_in_req_tag_i";
    .port_info 22 /INPUT 1 "lsu_in_invalidate_i";
    .port_info 23 /INPUT 1 "lsu_in_writeback_i";
    .port_info 24 /INPUT 1 "lsu_in_flush_i";
    .port_info 25 /INPUT 32 "lsu_out_data_rd_i";
    .port_info 26 /INPUT 1 "lsu_out_accept_i";
    .port_info 27 /INPUT 1 "lsu_out_ack_i";
    .port_info 28 /INPUT 1 "lsu_out_error_i";
    .port_info 29 /INPUT 11 "lsu_out_resp_tag_i";
    .port_info 30 /OUTPUT 1 "fetch_in_accept_o";
    .port_info 31 /OUTPUT 1 "fetch_in_valid_o";
    .port_info 32 /OUTPUT 1 "fetch_in_error_o";
    .port_info 33 /OUTPUT 64 "fetch_in_inst_o";
    .port_info 34 /OUTPUT 1 "fetch_out_rd_o";
    .port_info 35 /OUTPUT 1 "fetch_out_flush_o";
    .port_info 36 /OUTPUT 1 "fetch_out_invalidate_o";
    .port_info 37 /OUTPUT 32 "fetch_out_pc_o";
    .port_info 38 /OUTPUT 1 "fetch_in_fault_o";
    .port_info 39 /OUTPUT 32 "lsu_in_data_rd_o";
    .port_info 40 /OUTPUT 1 "lsu_in_accept_o";
    .port_info 41 /OUTPUT 1 "lsu_in_ack_o";
    .port_info 42 /OUTPUT 1 "lsu_in_error_o";
    .port_info 43 /OUTPUT 11 "lsu_in_resp_tag_o";
    .port_info 44 /OUTPUT 32 "lsu_out_addr_o";
    .port_info 45 /OUTPUT 32 "lsu_out_data_wr_o";
    .port_info 46 /OUTPUT 1 "lsu_out_rd_o";
    .port_info 47 /OUTPUT 4 "lsu_out_wr_o";
    .port_info 48 /OUTPUT 1 "lsu_out_cacheable_o";
    .port_info 49 /OUTPUT 11 "lsu_out_req_tag_o";
    .port_info 50 /OUTPUT 1 "lsu_out_invalidate_o";
    .port_info 51 /OUTPUT 1 "lsu_out_writeback_o";
    .port_info 52 /OUTPUT 1 "lsu_out_flush_o";
    .port_info 53 /OUTPUT 1 "lsu_in_load_fault_o";
    .port_info 54 /OUTPUT 1 "lsu_in_store_fault_o";
P_0x55ab8cec45e0 .param/l "MEM_CACHE_ADDR_MAX" 0 22 32, C4<10001111111111111111111111111111>;
P_0x55ab8cec4620 .param/l "MEM_CACHE_ADDR_MIN" 0 22 31, C4<10000000000000000000000000000000>;
P_0x55ab8cec4660 .param/l "STATE_IDLE" 1 22 110, +C4<00000000000000000000000000000000>;
P_0x55ab8cec46a0 .param/l "STATE_LEVEL_FIRST" 1 22 111, +C4<00000000000000000000000000000001>;
P_0x55ab8cec46e0 .param/l "STATE_LEVEL_SECOND" 1 22 112, +C4<00000000000000000000000000000010>;
P_0x55ab8cec4720 .param/l "STATE_UPDATE" 1 22 113, +C4<00000000000000000000000000000011>;
P_0x55ab8cec4760 .param/l "STATE_W" 1 22 109, +C4<00000000000000000000000000000010>;
P_0x55ab8cec47a0 .param/l "SUPPORT_MMU" 0 22 33, +C4<00000000000000000000000000000000>;
v0x55ab8cefb6f0_0 .net "clk_i", 0 0, v0x55ab8cf10ee0_0;  alias, 1 drivers
v0x55ab8cefb9c0_0 .net "fetch_in_accept_o", 0 0, L_0x55ab8cf6dab0;  alias, 1 drivers
v0x55ab8cefbad0_0 .net "fetch_in_error_o", 0 0, L_0x55ab8cf6dc20;  alias, 1 drivers
v0x55ab8cefbbc0_0 .net "fetch_in_fault_o", 0 0, L_0x7fe792ab4cd0;  alias, 1 drivers
v0x55ab8cefbcb0_0 .net "fetch_in_flush_i", 0 0, L_0x55ab8cf6c0a0;  alias, 1 drivers
v0x55ab8cefbdf0_0 .net "fetch_in_inst_o", 63 0, L_0x55ab8cf6dd20;  alias, 1 drivers
v0x55ab8cefbee0_0 .net "fetch_in_invalidate_i", 0 0, L_0x7fe792ab4c40;  alias, 1 drivers
v0x55ab8cefbfd0_0 .net "fetch_in_pc_i", 31 0, L_0x55ab8cf6be20;  alias, 1 drivers
v0x55ab8cefc0c0_0 .net "fetch_in_priv_i", 1 0, L_0x55ab8cf6bfa0;  alias, 1 drivers
v0x55ab8cefc180_0 .net "fetch_in_rd_i", 0 0, L_0x55ab8cf6bc70;  alias, 1 drivers
v0x55ab8cefc270_0 .net "fetch_in_valid_o", 0 0, L_0x55ab8cf6dbb0;  alias, 1 drivers
v0x55ab8cefc360_0 .net "fetch_out_accept_i", 0 0, L_0x7fe792ab8750;  alias, 1 drivers
v0x55ab8cefc420_0 .net "fetch_out_error_i", 0 0, L_0x7fe792ab8798;  alias, 1 drivers
v0x55ab8cefc4e0_0 .net "fetch_out_flush_o", 0 0, L_0x55ab8cf6d8b0;  alias, 1 drivers
v0x55ab8cefc5a0_0 .net "fetch_out_inst_i", 63 0, v0x55ab8cf0dcd0_0;  alias, 1 drivers
v0x55ab8cefc680_0 .net "fetch_out_invalidate_o", 0 0, L_0x55ab8cf6d9b0;  alias, 1 drivers
v0x55ab8cefc740_0 .net "fetch_out_pc_o", 31 0, L_0x55ab8cf6d7b0;  alias, 1 drivers
v0x55ab8cefc820_0 .net "fetch_out_rd_o", 0 0, L_0x55ab8cf6d6b0;  alias, 1 drivers
v0x55ab8cefc8e0_0 .net "fetch_out_valid_i", 0 0, v0x55ab8cf10730_0;  alias, 1 drivers
v0x55ab8cefc9d0_0 .net "flush_i", 0 0, L_0x55ab8cf7cf30;  alias, 1 drivers
v0x55ab8cefca70_0 .net "lsu_in_accept_o", 0 0, L_0x55ab8cf6ebf0;  alias, 1 drivers
v0x55ab8cefcb10_0 .net "lsu_in_ack_o", 0 0, L_0x55ab8cf6e780;  alias, 1 drivers
v0x55ab8cefcbb0_0 .net "lsu_in_addr_i", 31 0, L_0x55ab8cf74880;  alias, 1 drivers
v0x55ab8cefcc50_0 .net "lsu_in_cacheable_i", 0 0, v0x55ab8cef6fe0_0;  alias, 1 drivers
v0x55ab8cefccf0_0 .net "lsu_in_data_rd_o", 31 0, L_0x55ab8cf6e880;  alias, 1 drivers
v0x55ab8cefcd90_0 .net "lsu_in_data_wr_i", 31 0, v0x55ab8cef7340_0;  alias, 1 drivers
v0x55ab8cefce30_0 .net "lsu_in_error_o", 0 0, L_0x55ab8cf6e9b0;  alias, 1 drivers
v0x55ab8cefced0_0 .net "lsu_in_flush_i", 0 0, v0x55ab8cef75a0_0;  alias, 1 drivers
v0x55ab8cefcf70_0 .net "lsu_in_invalidate_i", 0 0, v0x55ab8cef7720_0;  alias, 1 drivers
v0x55ab8cefd010_0 .net "lsu_in_load_fault_o", 0 0, L_0x7fe792ab4d60;  alias, 1 drivers
v0x55ab8cefd0b0_0 .net "lsu_in_rd_i", 0 0, L_0x55ab8cf74d20;  alias, 1 drivers
v0x55ab8cefd180_0 .net "lsu_in_req_tag_i", 10 0, L_0x7fe792ab5fa8;  alias, 1 drivers
v0x55ab8cefd250_0 .net "lsu_in_resp_tag_o", 10 0, L_0x55ab8cf6e5f0;  alias, 1 drivers
v0x55ab8cefd530_0 .net "lsu_in_store_fault_o", 0 0, L_0x7fe792ab4d18;  alias, 1 drivers
v0x55ab8cefd600_0 .net "lsu_in_wr_i", 3 0, L_0x55ab8cf75100;  alias, 1 drivers
v0x55ab8cefd6d0_0 .net "lsu_in_writeback_i", 0 0, v0x55ab8cef8480_0;  alias, 1 drivers
v0x55ab8cefd7a0_0 .net "lsu_out_accept_i", 0 0, L_0x7fe792ab8828;  alias, 1 drivers
v0x55ab8cefd840_0 .net "lsu_out_ack_i", 0 0, v0x55ab8cf0f2e0_0;  alias, 1 drivers
v0x55ab8cefd8e0_0 .net "lsu_out_addr_o", 31 0, L_0x55ab8cf6dff0;  alias, 1 drivers
v0x55ab8cefd980_0 .net "lsu_out_cacheable_o", 0 0, L_0x55ab8cf6e1f0;  alias, 1 drivers
v0x55ab8cefda20_0 .net "lsu_out_data_rd_i", 31 0, L_0x55ab8cf98b00;  alias, 1 drivers
v0x55ab8cefdac0_0 .net "lsu_out_data_wr_o", 31 0, L_0x55ab8cf6e0f0;  alias, 1 drivers
v0x55ab8cefdb60_0 .net "lsu_out_error_i", 0 0, L_0x7fe792ab87e0;  alias, 1 drivers
v0x55ab8cefdc00_0 .net "lsu_out_flush_o", 0 0, L_0x55ab8cf6e680;  alias, 1 drivers
v0x55ab8cefdca0_0 .net "lsu_out_invalidate_o", 0 0, L_0x55ab8cf6e260;  alias, 1 drivers
v0x55ab8cefdd60_0 .net "lsu_out_rd_o", 0 0, L_0x55ab8cf6dd90;  alias, 1 drivers
v0x55ab8cefde20_0 .net "lsu_out_req_tag_o", 10 0, L_0x55ab8cf6e4f0;  alias, 1 drivers
v0x55ab8cefdf00_0 .net "lsu_out_resp_tag_i", 10 0, v0x55ab8cf0fd30_0;  alias, 1 drivers
v0x55ab8cefdfe0_0 .net "lsu_out_wr_o", 3 0, L_0x55ab8cf6de90;  alias, 1 drivers
v0x55ab8cefe0c0_0 .net "lsu_out_writeback_o", 0 0, L_0x55ab8cf6e360;  alias, 1 drivers
v0x55ab8cefe180_0 .net "mxr_i", 0 0, L_0x55ab8cf7d390;  alias, 1 drivers
v0x55ab8cefe250_0 .net "priv_d_i", 1 0, L_0x55ab8cf7d030;  alias, 1 drivers
v0x55ab8cefe320_0 .net "rst_i", 0 0, v0x55ab8cf12130_0;  alias, 1 drivers
v0x55ab8cefe5d0_0 .net "satp_i", 31 0, L_0x55ab8cf7cec0;  alias, 1 drivers
v0x55ab8cefe6a0_0 .net "sum_i", 0 0, L_0x55ab8cf7c610;  alias, 1 drivers
S_0x55ab8cefb4f0 .scope generate, "genblk1" "genblk1" 22 119, 22 119 0, S_0x55ab8cefaa30;
 .timescale 0 0;
L_0x55ab8cf6d6b0 .functor BUFZ 1, L_0x55ab8cf6bc70, C4<0>, C4<0>, C4<0>;
L_0x55ab8cf6d7b0 .functor BUFZ 32, L_0x55ab8cf6be20, C4<00000000000000000000000000000000>, C4<00000000000000000000000000000000>, C4<00000000000000000000000000000000>;
L_0x55ab8cf6d8b0 .functor BUFZ 1, L_0x55ab8cf6c0a0, C4<0>, C4<0>, C4<0>;
L_0x55ab8cf6d9b0 .functor BUFZ 1, L_0x7fe792ab4c40, C4<0>, C4<0>, C4<0>;
L_0x55ab8cf6dab0 .functor BUFZ 1, L_0x7fe792ab8750, C4<0>, C4<0>, C4<0>;
L_0x55ab8cf6dbb0 .functor BUFZ 1, v0x55ab8cf10730_0, C4<0>, C4<0>, C4<0>;
L_0x55ab8cf6dc20 .functor BUFZ 1, L_0x7fe792ab8798, C4<0>, C4<0>, C4<0>;
L_0x55ab8cf6dd20 .functor BUFZ 64, v0x55ab8cf0dcd0_0, C4<0000000000000000000000000000000000000000000000000000000000000000>, C4<0000000000000000000000000000000000000000000000000000000000000000>, C4<0000000000000000000000000000000000000000000000000000000000000000>;
L_0x55ab8cf6dd90 .functor BUFZ 1, L_0x55ab8cf74d20, C4<0>, C4<0>, C4<0>;
L_0x55ab8cf6de90 .functor BUFZ 4, L_0x55ab8cf75100, C4<0000>, C4<0000>, C4<0000>;
L_0x55ab8cf6dff0 .functor BUFZ 32, L_0x55ab8cf74880, C4<00000000000000000000000000000000>, C4<00000000000000000000000000000000>, C4<00000000000000000000000000000000>;
L_0x55ab8cf6e0f0 .functor BUFZ 32, v0x55ab8cef7340_0, C4<00000000000000000000000000000000>, C4<00000000000000000000000000000000>, C4<00000000000000000000000000000000>;
L_0x55ab8cf6e260 .functor BUFZ 1, v0x55ab8cef7720_0, C4<0>, C4<0>, C4<0>;
L_0x55ab8cf6e360 .functor BUFZ 1, v0x55ab8cef8480_0, C4<0>, C4<0>, C4<0>;
L_0x55ab8cf6e1f0 .functor BUFZ 1, v0x55ab8cef6fe0_0, C4<0>, C4<0>, C4<0>;
L_0x55ab8cf6e4f0 .functor BUFZ 11, L_0x7fe792ab5fa8, C4<00000000000>, C4<00000000000>, C4<00000000000>;
L_0x55ab8cf6e680 .functor BUFZ 1, v0x55ab8cef75a0_0, C4<0>, C4<0>, C4<0>;
L_0x55ab8cf6e780 .functor BUFZ 1, v0x55ab8cf0f2e0_0, C4<0>, C4<0>, C4<0>;
L_0x55ab8cf6e5f0 .functor BUFZ 11, v0x55ab8cf0fd30_0, C4<00000000000>, C4<00000000000>, C4<00000000000>;
L_0x55ab8cf6e9b0 .functor BUFZ 1, L_0x7fe792ab87e0, C4<0>, C4<0>, C4<0>;
L_0x55ab8cf6e880 .functor BUFZ 32, L_0x55ab8cf98b00, C4<00000000000000000000000000000000>, C4<00000000000000000000000000000000>, C4<00000000000000000000000000000000>;
L_0x55ab8cf6ebf0 .functor BUFZ 1, L_0x7fe792ab8828, C4<0>, C4<0>, C4<0>;
S_0x55ab8cefee10 .scope module, "u_mul" "biriscv_multiplier" 5 494, 23 26 0, S_0x55ab8cc7ea90;
 .timescale 0 0;
    .port_info 0 /INPUT 1 "clk_i";
    .port_info 1 /INPUT 1 "rst_i";
    .port_info 2 /INPUT 1 "opcode_valid_i";
    .port_info 3 /INPUT 32 "opcode_opcode_i";
    .port_info 4 /INPUT 32 "opcode_pc_i";
    .port_info 5 /INPUT 1 "opcode_invalid_i";
    .port_info 6 /INPUT 5 "opcode_rd_idx_i";
    .port_info 7 /INPUT 5 "opcode_ra_idx_i";
    .port_info 8 /INPUT 5 "opcode_rb_idx_i";
    .port_info 9 /INPUT 32 "opcode_ra_operand_i";
    .port_info 10 /INPUT 32 "opcode_rb_operand_i";
    .port_info 11 /INPUT 1 "hold_i";
    .port_info 12 /OUTPUT 32 "writeback_value_o";
P_0x55ab8cd65e90 .param/l "MULT_STAGES" 1 23 53, +C4<00000000000000000000000000000010>;
L_0x7fe792ab6e90 .functor BUFT 1, C4<11111110000000000111000001111111>, C4<0>, C4<0>, C4<0>;
L_0x55ab8cf7c6b0 .functor AND 32, L_0x55ab8cf91570, L_0x7fe792ab6e90, C4<11111111111111111111111111111111>, C4<11111111111111111111111111111111>;
L_0x7fe792ab6f20 .functor BUFT 1, C4<11111110000000000111000001111111>, C4<0>, C4<0>, C4<0>;
L_0x55ab8cf7d580 .functor AND 32, L_0x55ab8cf91570, L_0x7fe792ab6f20, C4<11111111111111111111111111111111>, C4<11111111111111111111111111111111>;
L_0x55ab8cf7d7c0 .functor OR 1, L_0x55ab8cf7d0d0, L_0x55ab8cf7d680, C4<0>, C4<0>;
L_0x7fe792ab6fb0 .functor BUFT 1, C4<11111110000000000111000001111111>, C4<0>, C4<0>, C4<0>;
L_0x55ab8cf7d8d0 .functor AND 32, L_0x55ab8cf91570, L_0x7fe792ab6fb0, C4<11111111111111111111111111111111>, C4<11111111111111111111111111111111>;
L_0x55ab8cf7dad0 .functor OR 1, L_0x55ab8cf7d7c0, L_0x55ab8cf7d990, C4<0>, C4<0>;
L_0x7fe792ab7040 .functor BUFT 1, C4<11111110000000000111000001111111>, C4<0>, C4<0>, C4<0>;
L_0x55ab8cf7dbe0 .functor AND 32, L_0x55ab8cf91570, L_0x7fe792ab7040, C4<11111111111111111111111111111111>, C4<11111111111111111111111111111111>;
L_0x55ab8cf7dde0 .functor OR 1, L_0x55ab8cf7dad0, L_0x55ab8cf7dca0, C4<0>, C4<0>;
L_0x55ab8cf7ec50 .functor BUFZ 32, v0x55ab8cf01860_0, C4<00000000000000000000000000000000>, C4<00000000000000000000000000000000>, C4<00000000000000000000000000000000>;
v0x55ab8ceff380_0 .net/2u *"_ivl_0", 31 0, L_0x7fe792ab6e90;  1 drivers
v0x55ab8ceff480_0 .net *"_ivl_10", 31 0, L_0x55ab8cf7d580;  1 drivers
L_0x7fe792ab6f68 .functor BUFT 1, C4<00000010000000000001000000110011>, C4<0>, C4<0>, C4<0>;
v0x55ab8ceff560_0 .net/2u *"_ivl_12", 31 0, L_0x7fe792ab6f68;  1 drivers
v0x55ab8ceff650_0 .net *"_ivl_14", 0 0, L_0x55ab8cf7d680;  1 drivers
v0x55ab8ceff710_0 .net *"_ivl_17", 0 0, L_0x55ab8cf7d7c0;  1 drivers
v0x55ab8ceff820_0 .net/2u *"_ivl_18", 31 0, L_0x7fe792ab6fb0;  1 drivers
v0x55ab8ceff900_0 .net *"_ivl_2", 31 0, L_0x55ab8cf7c6b0;  1 drivers
v0x55ab8ceff9e0_0 .net *"_ivl_20", 31 0, L_0x55ab8cf7d8d0;  1 drivers
L_0x7fe792ab6ff8 .functor BUFT 1, C4<00000010000000000010000000110011>, C4<0>, C4<0>, C4<0>;
v0x55ab8ceffac0_0 .net/2u *"_ivl_22", 31 0, L_0x7fe792ab6ff8;  1 drivers
v0x55ab8ceffba0_0 .net *"_ivl_24", 0 0, L_0x55ab8cf7d990;  1 drivers
v0x55ab8ceffc60_0 .net *"_ivl_27", 0 0, L_0x55ab8cf7dad0;  1 drivers
v0x55ab8ceffd20_0 .net/2u *"_ivl_28", 31 0, L_0x7fe792ab7040;  1 drivers
v0x55ab8ceffe00_0 .net *"_ivl_30", 31 0, L_0x55ab8cf7dbe0;  1 drivers
L_0x7fe792ab7088 .functor BUFT 1, C4<00000010000000000011000000110011>, C4<0>, C4<0>, C4<0>;
v0x55ab8ceffee0_0 .net/2u *"_ivl_32", 31 0, L_0x7fe792ab7088;  1 drivers
v0x55ab8cefffc0_0 .net *"_ivl_34", 0 0, L_0x55ab8cf7dca0;  1 drivers
v0x55ab8cf00080_0 .net *"_ivl_39", 0 0, L_0x55ab8cf7def0;  1 drivers
L_0x7fe792ab6ed8 .functor BUFT 1, C4<00000010000000000000000000110011>, C4<0>, C4<0>, C4<0>;
v0x55ab8cf00160_0 .net/2u *"_ivl_4", 31 0, L_0x7fe792ab6ed8;  1 drivers
v0x55ab8cf00240_0 .net *"_ivl_40", 31 0, L_0x55ab8cf7df90;  1 drivers
v0x55ab8cf00320_0 .net *"_ivl_42", 64 0, L_0x55ab8cf7e320;  1 drivers
v0x55ab8cf00400_0 .net *"_ivl_45", 0 0, L_0x55ab8cf7e410;  1 drivers
v0x55ab8cf004e0_0 .net *"_ivl_46", 31 0, L_0x55ab8cf7e500;  1 drivers
v0x55ab8cf005c0_0 .net *"_ivl_48", 64 0, L_0x55ab8cf7eb10;  1 drivers
v0x55ab8cf006a0_0 .net *"_ivl_6", 0 0, L_0x55ab8cf7d0d0;  1 drivers
v0x55ab8cf00760_0 .net/2u *"_ivl_8", 31 0, L_0x7fe792ab6f20;  1 drivers
v0x55ab8cf00840_0 .net "clk_i", 0 0, v0x55ab8cf10ee0_0;  alias, 1 drivers
v0x55ab8cf008e0_0 .net "hold_i", 0 0, L_0x55ab8cf868e0;  alias, 1 drivers
v0x55ab8cf00980_0 .var "mulhi_sel_e1_q", 0 0;
v0x55ab8cf00a20_0 .net "mult_inst_w", 0 0, L_0x55ab8cf7dde0;  1 drivers
v0x55ab8cf00ae0_0 .net "mult_result_w", 64 0, L_0x55ab8cf7ebb0;  1 drivers
v0x55ab8cf00bc0_0 .net "opcode_invalid_i", 0 0, L_0x7fe792ab7ca0;  alias, 1 drivers
v0x55ab8cf00c90_0 .net "opcode_opcode_i", 31 0, L_0x55ab8cf91570;  alias, 1 drivers
v0x55ab8cf00d60_0 .net "opcode_pc_i", 31 0, L_0x55ab8cf91320;  alias, 1 drivers
v0x55ab8cf00e30_0 .net "opcode_ra_idx_i", 4 0, L_0x55ab8cf91770;  alias, 1 drivers
v0x55ab8cf01110_0 .net "opcode_ra_operand_i", 31 0, L_0x55ab8cf91610;  alias, 1 drivers
v0x55ab8cf011e0_0 .net "opcode_rb_idx_i", 4 0, L_0x55ab8cf91810;  alias, 1 drivers
v0x55ab8cf012b0_0 .net "opcode_rb_operand_i", 31 0, L_0x55ab8cf916b0;  alias, 1 drivers
v0x55ab8cf01380_0 .net "opcode_rd_idx_i", 4 0, L_0x55ab8cf913c0;  alias, 1 drivers
v0x55ab8cf01450_0 .net "opcode_valid_i", 0 0, L_0x55ab8cf8c450;  alias, 1 drivers
v0x55ab8cf01520_0 .var "operand_a_e1_q", 32 0;
v0x55ab8cf015c0_0 .var "operand_a_r", 32 0;
v0x55ab8cf016a0_0 .var "operand_b_e1_q", 32 0;
v0x55ab8cf01780_0 .var "operand_b_r", 32 0;
v0x55ab8cf01860_0 .var "result_e2_q", 31 0;
v0x55ab8cf01940_0 .var "result_e3_q", 31 0;
v0x55ab8cf01a20_0 .var "result_r", 31 0;
v0x55ab8cf01b00_0 .net "rst_i", 0 0, v0x55ab8cf12130_0;  alias, 1 drivers
v0x55ab8cf01ba0_0 .net "writeback_value_o", 31 0, L_0x55ab8cf7ec50;  alias, 1 drivers
E_0x55ab8ceff240 .event anyedge, v0x55ab8cf00980_0, v0x55ab8cf00ae0_0;
E_0x55ab8ceff2c0 .event anyedge, v0x55ab8cee3440_0, v0x55ab8cee38a0_0;
E_0x55ab8ceff320 .event anyedge, v0x55ab8cee3440_0, v0x55ab8cee36e0_0;
L_0x55ab8cf7d0d0 .cmp/eq 32, L_0x55ab8cf7c6b0, L_0x7fe792ab6ed8;
L_0x55ab8cf7d680 .cmp/eq 32, L_0x55ab8cf7d580, L_0x7fe792ab6f68;
L_0x55ab8cf7d990 .cmp/eq 32, L_0x55ab8cf7d8d0, L_0x7fe792ab6ff8;
L_0x55ab8cf7dca0 .cmp/eq 32, L_0x55ab8cf7dbe0, L_0x7fe792ab7088;
L_0x55ab8cf7def0 .part v0x55ab8cf01520_0, 32, 1;
LS_0x55ab8cf7df90_0_0 .concat [ 1 1 1 1], L_0x55ab8cf7def0, L_0x55ab8cf7def0, L_0x55ab8cf7def0, L_0x55ab8cf7def0;
LS_0x55ab8cf7df90_0_4 .concat [ 1 1 1 1], L_0x55ab8cf7def0, L_0x55ab8cf7def0, L_0x55ab8cf7def0, L_0x55ab8cf7def0;
LS_0x55ab8cf7df90_0_8 .concat [ 1 1 1 1], L_0x55ab8cf7def0, L_0x55ab8cf7def0, L_0x55ab8cf7def0, L_0x55ab8cf7def0;
LS_0x55ab8cf7df90_0_12 .concat [ 1 1 1 1], L_0x55ab8cf7def0, L_0x55ab8cf7def0, L_0x55ab8cf7def0, L_0x55ab8cf7def0;
LS_0x55ab8cf7df90_0_16 .concat [ 1 1 1 1], L_0x55ab8cf7def0, L_0x55ab8cf7def0, L_0x55ab8cf7def0, L_0x55ab8cf7def0;
LS_0x55ab8cf7df90_0_20 .concat [ 1 1 1 1], L_0x55ab8cf7def0, L_0x55ab8cf7def0, L_0x55ab8cf7def0, L_0x55ab8cf7def0;
LS_0x55ab8cf7df90_0_24 .concat [ 1 1 1 1], L_0x55ab8cf7def0, L_0x55ab8cf7def0, L_0x55ab8cf7def0, L_0x55ab8cf7def0;
LS_0x55ab8cf7df90_0_28 .concat [ 1 1 1 1], L_0x55ab8cf7def0, L_0x55ab8cf7def0, L_0x55ab8cf7def0, L_0x55ab8cf7def0;
LS_0x55ab8cf7df90_1_0 .concat [ 4 4 4 4], LS_0x55ab8cf7df90_0_0, LS_0x55ab8cf7df90_0_4, LS_0x55ab8cf7df90_0_8, LS_0x55ab8cf7df90_0_12;
LS_0x55ab8cf7df90_1_4 .concat [ 4 4 4 4], LS_0x55ab8cf7df90_0_16, LS_0x55ab8cf7df90_0_20, LS_0x55ab8cf7df90_0_24, LS_0x55ab8cf7df90_0_28;
L_0x55ab8cf7df90 .concat [ 16 16 0 0], LS_0x55ab8cf7df90_1_0, LS_0x55ab8cf7df90_1_4;
L_0x55ab8cf7e320 .concat [ 33 32 0 0], v0x55ab8cf01520_0, L_0x55ab8cf7df90;
L_0x55ab8cf7e410 .part v0x55ab8cf016a0_0, 32, 1;
LS_0x55ab8cf7e500_0_0 .concat [ 1 1 1 1], L_0x55ab8cf7e410, L_0x55ab8cf7e410, L_0x55ab8cf7e410, L_0x55ab8cf7e410;
LS_0x55ab8cf7e500_0_4 .concat [ 1 1 1 1], L_0x55ab8cf7e410, L_0x55ab8cf7e410, L_0x55ab8cf7e410, L_0x55ab8cf7e410;
LS_0x55ab8cf7e500_0_8 .concat [ 1 1 1 1], L_0x55ab8cf7e410, L_0x55ab8cf7e410, L_0x55ab8cf7e410, L_0x55ab8cf7e410;
LS_0x55ab8cf7e500_0_12 .concat [ 1 1 1 1], L_0x55ab8cf7e410, L_0x55ab8cf7e410, L_0x55ab8cf7e410, L_0x55ab8cf7e410;
LS_0x55ab8cf7e500_0_16 .concat [ 1 1 1 1], L_0x55ab8cf7e410, L_0x55ab8cf7e410, L_0x55ab8cf7e410, L_0x55ab8cf7e410;
LS_0x55ab8cf7e500_0_20 .concat [ 1 1 1 1], L_0x55ab8cf7e410, L_0x55ab8cf7e410, L_0x55ab8cf7e410, L_0x55ab8cf7e410;
LS_0x55ab8cf7e500_0_24 .concat [ 1 1 1 1], L_0x55ab8cf7e410, L_0x55ab8cf7e410, L_0x55ab8cf7e410, L_0x55ab8cf7e410;
LS_0x55ab8cf7e500_0_28 .concat [ 1 1 1 1], L_0x55ab8cf7e410, L_0x55ab8cf7e410, L_0x55ab8cf7e410, L_0x55ab8cf7e410;
LS_0x55ab8cf7e500_1_0 .concat [ 4 4 4 4], LS_0x55ab8cf7e500_0_0, LS_0x55ab8cf7e500_0_4, LS_0x55ab8cf7e500_0_8, LS_0x55ab8cf7e500_0_12;
LS_0x55ab8cf7e500_1_4 .concat [ 4 4 4 4], LS_0x55ab8cf7e500_0_16, LS_0x55ab8cf7e500_0_20, LS_0x55ab8cf7e500_0_24, LS_0x55ab8cf7e500_0_28;
L_0x55ab8cf7e500 .concat [ 16 16 0 0], LS_0x55ab8cf7e500_1_0, LS_0x55ab8cf7e500_1_4;
L_0x55ab8cf7eb10 .concat [ 33 32 0 0], v0x55ab8cf016a0_0, L_0x55ab8cf7e500;
L_0x55ab8cf7ebb0 .arith/mult 65, L_0x55ab8cf7e320, L_0x55ab8cf7eb10;
S_0x55ab8cf0cd90 .scope module, "u_mem" "tcm_mem" 3 108, 24 2 0, S_0x55ab8cc7bab0;
 .timescale 0 0;
    .port_info 0 /INPUT 1 "clk_i";
    .port_info 1 /INPUT 1 "rst_i";
    .port_info 2 /INPUT 1 "mem_i_rd_i";
    .port_info 3 /INPUT 1 "mem_i_flush_i";
    .port_info 4 /INPUT 1 "mem_i_invalidate_i";
    .port_info 5 /INPUT 32 "mem_i_pc_i";
    .port_info 6 /INPUT 32 "mem_d_addr_i";
    .port_info 7 /INPUT 32 "mem_d_data_wr_i";
    .port_info 8 /INPUT 1 "mem_d_rd_i";
    .port_info 9 /INPUT 4 "mem_d_wr_i";
    .port_info 10 /INPUT 1 "mem_d_cacheable_i";
    .port_info 11 /INPUT 11 "mem_d_req_tag_i";
    .port_info 12 /INPUT 1 "mem_d_invalidate_i";
    .port_info 13 /INPUT 1 "mem_d_writeback_i";
    .port_info 14 /INPUT 1 "mem_d_flush_i";
    .port_info 15 /OUTPUT 1 "mem_i_accept_o";
    .port_info 16 /OUTPUT 1 "mem_i_valid_o";
    .port_info 17 /OUTPUT 1 "mem_i_error_o";
    .port_info 18 /OUTPUT 64 "mem_i_inst_o";
    .port_info 19 /OUTPUT 32 "mem_d_data_rd_o";
    .port_info 20 /OUTPUT 1 "mem_d_accept_o";
    .port_info 21 /OUTPUT 1 "mem_d_ack_o";
    .port_info 22 /OUTPUT 1 "mem_d_error_o";
    .port_info 23 /OUTPUT 11 "mem_d_resp_tag_o";
L_0x7fe792ab8630 .functor BUFT 1, C4<00000000000000000000000000000000>, C4<0>, C4<0>, C4<0>;
v0x55ab8cf0e6f0_0 .net/2u *"_ivl_10", 31 0, L_0x7fe792ab8630;  1 drivers
v0x55ab8cf0e7f0_0 .net *"_ivl_12", 63 0, L_0x55ab8cf982e0;  1 drivers
L_0x7fe792ab8678 .functor BUFT 1, C4<00000000000000000000000000000000>, C4<0>, C4<0>, C4<0>;
v0x55ab8cf0e8d0_0 .net/2u *"_ivl_14", 31 0, L_0x7fe792ab8678;  1 drivers
v0x55ab8cf0e990_0 .net *"_ivl_16", 63 0, L_0x55ab8cf98380;  1 drivers
L_0x7fe792ab86c0 .functor BUFT 1, C4<0000>, C4<0>, C4<0>, C4<0>;
v0x55ab8cf0ea70_0 .net/2u *"_ivl_20", 3 0, L_0x7fe792ab86c0;  1 drivers
v0x55ab8cf0eb50_0 .net *"_ivl_22", 7 0, L_0x55ab8cf984c0;  1 drivers
L_0x7fe792ab8708 .functor BUFT 1, C4<0000>, C4<0>, C4<0>, C4<0>;
v0x55ab8cf0ec30_0 .net/2u *"_ivl_24", 3 0, L_0x7fe792ab8708;  1 drivers
v0x55ab8cf0ed10_0 .net *"_ivl_26", 7 0, L_0x55ab8cf98560;  1 drivers
v0x55ab8cf0edf0_0 .net *"_ivl_41", 31 0, L_0x55ab8cf98930;  1 drivers
v0x55ab8cf0ef60_0 .net *"_ivl_43", 31 0, L_0x55ab8cf989d0;  1 drivers
v0x55ab8cf0f040_0 .net "clk_i", 0 0, v0x55ab8cf10ee0_0;  alias, 1 drivers
v0x55ab8cf0f0e0_0 .net "data_r_w", 63 0, v0x55ab8cf0ddb0_0;  1 drivers
v0x55ab8cf0f1a0_0 .net "mem_d_accept_o", 0 0, L_0x7fe792ab8828;  alias, 1 drivers
v0x55ab8cf0f240_0 .net "mem_d_ack_o", 0 0, v0x55ab8cf0f2e0_0;  alias, 1 drivers
v0x55ab8cf0f2e0_0 .var "mem_d_ack_q", 0 0;
v0x55ab8cf0f380_0 .net "mem_d_addr_i", 31 0, L_0x55ab8cf6dff0;  alias, 1 drivers
v0x55ab8cf0f440_0 .net "mem_d_cacheable_i", 0 0, L_0x55ab8cf6e1f0;  alias, 1 drivers
v0x55ab8cf0f530_0 .net "mem_d_data_rd_o", 31 0, L_0x55ab8cf98b00;  alias, 1 drivers
v0x55ab8cf0f640_0 .net "mem_d_data_wr_i", 31 0, L_0x55ab8cf6e0f0;  alias, 1 drivers
v0x55ab8cf0f750_0 .net "mem_d_error_o", 0 0, L_0x7fe792ab87e0;  alias, 1 drivers
v0x55ab8cf0f840_0 .net "mem_d_flush_i", 0 0, L_0x55ab8cf6e680;  alias, 1 drivers
v0x55ab8cf0f930_0 .net "mem_d_invalidate_i", 0 0, L_0x55ab8cf6e260;  alias, 1 drivers
v0x55ab8cf0fa20_0 .net "mem_d_rd_i", 0 0, L_0x55ab8cf6dd90;  alias, 1 drivers
v0x55ab8cf0fb10_0 .net "mem_d_req_tag_i", 10 0, L_0x55ab8cf6e4f0;  alias, 1 drivers
v0x55ab8cf0fc20_0 .net "mem_d_resp_tag_o", 10 0, v0x55ab8cf0fd30_0;  alias, 1 drivers
v0x55ab8cf0fd30_0 .var "mem_d_tag_q", 10 0;
v0x55ab8cf0fe10_0 .net "mem_d_wr_i", 3 0, L_0x55ab8cf6de90;  alias, 1 drivers
v0x55ab8cf0ff20_0 .net "mem_d_writeback_i", 0 0, L_0x55ab8cf6e360;  alias, 1 drivers
v0x55ab8cf10010_0 .net "mem_i_accept_o", 0 0, L_0x7fe792ab8750;  alias, 1 drivers
v0x55ab8cf10100_0 .net "mem_i_error_o", 0 0, L_0x7fe792ab8798;  alias, 1 drivers
v0x55ab8cf101f0_0 .net "mem_i_flush_i", 0 0, L_0x55ab8cf6d8b0;  alias, 1 drivers
v0x55ab8cf102e0_0 .net "mem_i_inst_o", 63 0, v0x55ab8cf0dcd0_0;  alias, 1 drivers
v0x55ab8cf103a0_0 .net "mem_i_invalidate_i", 0 0, L_0x55ab8cf6d9b0;  alias, 1 drivers
v0x55ab8cf10490_0 .net "mem_i_pc_i", 31 0, L_0x55ab8cf6d7b0;  alias, 1 drivers
v0x55ab8cf105a0_0 .net "mem_i_rd_i", 0 0, L_0x55ab8cf6d6b0;  alias, 1 drivers
v0x55ab8cf10690_0 .net "mem_i_valid_o", 0 0, v0x55ab8cf10730_0;  alias, 1 drivers
v0x55ab8cf10730_0 .var "mem_i_valid_q", 0 0;
v0x55ab8cf107f0_0 .var "muxed_hi_q", 0 0;
v0x55ab8cf108b0_0 .net "muxed_hi_w", 0 0, L_0x55ab8cf98020;  1 drivers
v0x55ab8cf10970_0 .net "rst_i", 0 0, v0x55ab8cf12130_0;  alias, 1 drivers
L_0x55ab8cf98020 .part L_0x55ab8cf6dff0, 2, 1;
L_0x55ab8cf981a0 .part L_0x55ab8cf6d7b0, 3, 14;
L_0x55ab8cf98240 .part L_0x55ab8cf6dff0, 3, 14;
L_0x55ab8cf982e0 .concat [ 32 32 0 0], L_0x7fe792ab8630, L_0x55ab8cf6e0f0;
L_0x55ab8cf98380 .concat [ 32 32 0 0], L_0x55ab8cf6e0f0, L_0x7fe792ab8678;
L_0x55ab8cf98420 .functor MUXZ 64, L_0x55ab8cf98380, L_0x55ab8cf982e0, L_0x55ab8cf98020, C4<>;
L_0x55ab8cf984c0 .concat [ 4 4 0 0], L_0x7fe792ab86c0, L_0x55ab8cf6de90;
L_0x55ab8cf98560 .concat [ 4 4 0 0], L_0x55ab8cf6de90, L_0x7fe792ab8708;
L_0x55ab8cf986a0 .functor MUXZ 8, L_0x55ab8cf98560, L_0x55ab8cf984c0, L_0x55ab8cf98020, C4<>;
L_0x55ab8cf98930 .part v0x55ab8cf0ddb0_0, 32, 32;
L_0x55ab8cf989d0 .part v0x55ab8cf0ddb0_0, 0, 32;
L_0x55ab8cf98b00 .functor MUXZ 32, L_0x55ab8cf989d0, L_0x55ab8cf98930, v0x55ab8cf107f0_0, C4<>;
S_0x55ab8cf0d240 .scope module, "u_ram" "tcm_mem_ram" 24 40, 25 2 0, S_0x55ab8cf0cd90;
 .timescale 0 0;
    .port_info 0 /INPUT 1 "clk0_i";
    .port_info 1 /INPUT 1 "rst0_i";
    .port_info 2 /INPUT 14 "addr0_i";
    .port_info 3 /INPUT 64 "data0_i";
    .port_info 4 /INPUT 8 "wr0_i";
    .port_info 5 /INPUT 1 "clk1_i";
    .port_info 6 /INPUT 1 "rst1_i";
    .port_info 7 /INPUT 14 "addr1_i";
    .port_info 8 /INPUT 64 "data1_i";
    .port_info 9 /INPUT 8 "wr1_i";
    .port_info 10 /OUTPUT 64 "data0_o";
    .port_info 11 /OUTPUT 64 "data1_o";
v0x55ab8cf0d520_0 .net "addr0_i", 13 0, L_0x55ab8cf981a0;  1 drivers
v0x55ab8cf0d620_0 .net "addr1_i", 13 0, L_0x55ab8cf98240;  1 drivers
v0x55ab8cf0d700_0 .net "clk0_i", 0 0, v0x55ab8cf10ee0_0;  alias, 1 drivers
v0x55ab8cf0d7a0_0 .net "clk1_i", 0 0, v0x55ab8cf10ee0_0;  alias, 1 drivers
L_0x7fe792ab85a0 .functor BUFT 1, C4<0000000000000000000000000000000000000000000000000000000000000000>, C4<0>, C4<0>, C4<0>;
v0x55ab8cf0d840_0 .net "data0_i", 63 0, L_0x7fe792ab85a0;  1 drivers
v0x55ab8cf0d900_0 .net "data0_o", 63 0, v0x55ab8cf0dcd0_0;  alias, 1 drivers
v0x55ab8cf0d9c0_0 .net "data1_i", 63 0, L_0x55ab8cf98420;  1 drivers
v0x55ab8cf0daa0_0 .net "data1_o", 63 0, v0x55ab8cf0ddb0_0;  alias, 1 drivers
v0x55ab8cf0db80 .array "ram", 0 16383, 63 0;
v0x55ab8cf0dcd0_0 .var "ram_read0_q", 63 0;
v0x55ab8cf0ddb0_0 .var "ram_read1_q", 63 0;
v0x55ab8cf0de90_0 .net "rst0_i", 0 0, v0x55ab8cf12130_0;  alias, 1 drivers
v0x55ab8cf0df30_0 .net "rst1_i", 0 0, v0x55ab8cf12130_0;  alias, 1 drivers
L_0x7fe792ab85e8 .functor BUFT 1, C4<00000000>, C4<0>, C4<0>, C4<0>;
v0x55ab8cf0dfd0_0 .net "wr0_i", 7 0, L_0x7fe792ab85e8;  1 drivers
v0x55ab8cf0e0b0_0 .net "wr1_i", 7 0, L_0x55ab8cf986a0;  1 drivers
S_0x55ab8cf0e380 .scope task, "write" "write" 24 115, 24 115 0, S_0x55ab8cf0cd90;
 .timescale 0 0;
v0x55ab8cf0e530_0 .var "addr", 31 0;
v0x55ab8cf0e610_0 .var "data", 7 0;
TD_tb_top.u_mem.write ;
    %load/vec4 v0x55ab8cf0e530_0;
    %parti/s 3, 0, 2;
    %dup/vec4;
    %pushi/vec4 0, 0, 3;
    %cmp/u;
    %jmp/1 T_6.74, 6;
    %dup/vec4;
    %pushi/vec4 1, 0, 3;
    %cmp/u;
    %jmp/1 T_6.75, 6;
    %dup/vec4;
    %pushi/vec4 2, 0, 3;
    %cmp/u;
    %jmp/1 T_6.76, 6;
    %dup/vec4;
    %pushi/vec4 3, 0, 3;
    %cmp/u;
    %jmp/1 T_6.77, 6;
    %dup/vec4;
    %pushi/vec4 4, 0, 3;
    %cmp/u;
    %jmp/1 T_6.78, 6;
    %dup/vec4;
    %pushi/vec4 5, 0, 3;
    %cmp/u;
    %jmp/1 T_6.79, 6;
    %dup/vec4;
    %pushi/vec4 6, 0, 3;
    %cmp/u;
    %jmp/1 T_6.80, 6;
    %dup/vec4;
    %pushi/vec4 7, 0, 3;
    %cmp/u;
    %jmp/1 T_6.81, 6;
    %jmp T_6.82;
T_6.74 ;
    %load/vec4 v0x55ab8cf0e610_0;
    %load/vec4 v0x55ab8cf0e530_0;
    %pushi/vec4 8, 0, 32;
    %div;
    %ix/vec4 4;
    %flag_mov 8, 4;
    %ix/load 5, 0, 0;
    %flag_set/imm 4, 0;
    %flag_or 4, 8;
    %store/vec4a v0x55ab8cf0db80, 4, 5;
    %jmp T_6.82;
T_6.75 ;
    %load/vec4 v0x55ab8cf0e610_0;
    %load/vec4 v0x55ab8cf0e530_0;
    %pushi/vec4 8, 0, 32;
    %div;
    %ix/vec4 4;
    %flag_mov 8, 4;
    %ix/load 5, 8, 0;
    %flag_set/imm 4, 0;
    %flag_or 4, 8;
    %store/vec4a v0x55ab8cf0db80, 4, 5;
    %jmp T_6.82;
T_6.76 ;
    %load/vec4 v0x55ab8cf0e610_0;
    %load/vec4 v0x55ab8cf0e530_0;
    %pushi/vec4 8, 0, 32;
    %div;
    %ix/vec4 4;
    %flag_mov 8, 4;
    %ix/load 5, 16, 0;
    %flag_set/imm 4, 0;
    %flag_or 4, 8;
    %store/vec4a v0x55ab8cf0db80, 4, 5;
    %jmp T_6.82;
T_6.77 ;
    %load/vec4 v0x55ab8cf0e610_0;
    %load/vec4 v0x55ab8cf0e530_0;
    %pushi/vec4 8, 0, 32;
    %div;
    %ix/vec4 4;
    %flag_mov 8, 4;
    %ix/load 5, 24, 0;
    %flag_set/imm 4, 0;
    %flag_or 4, 8;
    %store/vec4a v0x55ab8cf0db80, 4, 5;
    %jmp T_6.82;
T_6.78 ;
    %load/vec4 v0x55ab8cf0e610_0;
    %load/vec4 v0x55ab8cf0e530_0;
    %pushi/vec4 8, 0, 32;
    %div;
    %ix/vec4 4;
    %flag_mov 8, 4;
    %ix/load 5, 32, 0;
    %flag_set/imm 4, 0;
    %flag_or 4, 8;
    %store/vec4a v0x55ab8cf0db80, 4, 5;
    %jmp T_6.82;
T_6.79 ;
    %load/vec4 v0x55ab8cf0e610_0;
    %load/vec4 v0x55ab8cf0e530_0;
    %pushi/vec4 8, 0, 32;
    %div;
    %ix/vec4 4;
    %flag_mov 8, 4;
    %ix/load 5, 40, 0;
    %flag_set/imm 4, 0;
    %flag_or 4, 8;
    %store/vec4a v0x55ab8cf0db80, 4, 5;
    %jmp T_6.82;
T_6.80 ;
    %load/vec4 v0x55ab8cf0e610_0;
    %load/vec4 v0x55ab8cf0e530_0;
    %pushi/vec4 8, 0, 32;
    %div;
    %ix/vec4 4;
    %flag_mov 8, 4;
    %ix/load 5, 48, 0;
    %flag_set/imm 4, 0;
    %flag_or 4, 8;
    %store/vec4a v0x55ab8cf0db80, 4, 5;
    %jmp T_6.82;
T_6.81 ;
    %load/vec4 v0x55ab8cf0e610_0;
    %load/vec4 v0x55ab8cf0e530_0;
    %pushi/vec4 8, 0, 32;
    %div;
    %ix/vec4 4;
    %flag_mov 8, 4;
    %ix/load 5, 56, 0;
    %flag_set/imm 4, 0;
    %flag_or 4, 8;
    %store/vec4a v0x55ab8cf0db80, 4, 5;
    %jmp T_6.82;
T_6.82 ;
    %pop/vec4 1;
    %end;
    .scope S_0x55ab8ceb4f80;
T_7 ;
    %wait E_0x55ab8c8315a0;
    %load/vec4 v0x55ab8ceb7eb0_0;
    %flag_set/vec4 8;
    %jmp/0xz  T_7.0, 8;
    %pushi/vec4 0, 0, 2;
    %assign/vec4 v0x55ab8ceb6e70_0, 0;
    %pushi/vec4 0, 0, 1;
    %assign/vec4 v0x55ab8ceb7e10_0, 0;
    %pushi/vec4 0, 0, 1;
    %assign/vec4 v0x55ab8ceb81d0_0, 0;
    %pushi/vec4 0, 0, 32;
    %store/vec4 v0x55ab8ceb7190_0, 0, 32;
T_7.2 ;
    %load/vec4 v0x55ab8ceb7190_0;
    %cmpi/s 2, 0, 32;
    %jmp/0xz T_7.3, 5;
    %pushi/vec4 0, 0, 64;
    %ix/getv/s 3, v0x55ab8ceb7190_0;
    %ix/load 4, 0, 0; Constant delay
    %assign/vec4/a/d v0x55ab8ceb7d70, 0, 4;
    %pushi/vec4 0, 0, 32;
    %ix/getv/s 3, v0x55ab8ceb7190_0;
    %ix/load 4, 0, 0; Constant delay
    %assign/vec4/a/d v0x55ab8ceb77d0, 0, 4;
    %pushi/vec4 0, 0, 2;
    %ix/getv/s 3, v0x55ab8ceb7190_0;
    %ix/load 4, 0, 0; Constant delay
    %assign/vec4/a/d v0x55ab8ceb7370, 0, 4;
    %pushi/vec4 0, 0, 2;
    %ix/getv/s 3, v0x55ab8ceb7190_0;
    %ix/load 4, 0, 0; Constant delay
    %assign/vec4/a/d v0x55ab8ceb7550, 0, 4;
    %pushi/vec4 0, 0, 1;
    %ix/getv/s 3, v0x55ab8ceb7190_0;
    %ix/load 4, 0, 0; Constant delay
    %assign/vec4/a/d v0x55ab8ceb7ff0, 0, 4;
    %pushi/vec4 0, 0, 1;
    %ix/getv/s 3, v0x55ab8ceb7190_0;
    %ix/load 4, 0, 0; Constant delay
    %assign/vec4/a/d v0x55ab8ceb8130, 0, 4;
    %load/vec4 v0x55ab8ceb7190_0;
    %addi 1, 0, 32;
    %store/vec4 v0x55ab8ceb7190_0, 0, 32;
    %jmp T_7.2;
T_7.3 ;
    %jmp T_7.1;
T_7.0 ;
    %load/vec4 v0x55ab8ceb70f0_0;
    %flag_set/vec4 8;
    %jmp/0xz  T_7.4, 8;
    %pushi/vec4 0, 0, 2;
    %assign/vec4 v0x55ab8ceb6e70_0, 0;
    %pushi/vec4 0, 0, 1;
    %assign/vec4 v0x55ab8ceb7e10_0, 0;
    %pushi/vec4 0, 0, 1;
    %assign/vec4 v0x55ab8ceb81d0_0, 0;
    %pushi/vec4 0, 0, 32;
    %store/vec4 v0x55ab8ceb7190_0, 0, 32;
T_7.6 ;
    %load/vec4 v0x55ab8ceb7190_0;
    %cmpi/s 2, 0, 32;
    %jmp/0xz T_7.7, 5;
    %pushi/vec4 0, 0, 2;
    %ix/getv/s 3, v0x55ab8ceb7190_0;
    %ix/load 4, 0, 0; Constant delay
    %assign/vec4/a/d v0x55ab8ceb7370, 0, 4;
    %pushi/vec4 0, 0, 2;
    %ix/getv/s 3, v0x55ab8ceb7190_0;
    %ix/load 4, 0, 0; Constant delay
    %assign/vec4/a/d v0x55ab8ceb7550, 0, 4;
    %load/vec4 v0x55ab8ceb7190_0;
    %addi 1, 0, 32;
    %store/vec4 v0x55ab8ceb7190_0, 0, 32;
    %jmp T_7.6;
T_7.7 ;
    %jmp T_7.5;
T_7.4 ;
    %load/vec4 v0x55ab8ceb7cd0_0;
    %flag_set/vec4 8;
    %jmp/0xz  T_7.8, 8;
    %load/vec4 v0x55ab8ceb7050_0;
    %load/vec4 v0x55ab8ceb81d0_0;
    %pad/u 3;
    %ix/vec4 3;
    %ix/load 4, 0, 0; Constant delay
    %assign/vec4/a/d v0x55ab8ceb7d70, 0, 4;
    %load/vec4 v0x55ab8ceb7730_0;
    %load/vec4 v0x55ab8ceb81d0_0;
    %pad/u 3;
    %ix/vec4 3;
    %ix/load 4, 0, 0; Constant delay
    %assign/vec4/a/d v0x55ab8ceb77d0, 0, 4;
    %load/vec4 v0x55ab8ceb7230_0;
    %load/vec4 v0x55ab8ceb81d0_0;
    %pad/u 3;
    %ix/vec4 3;
    %ix/load 4, 0, 0; Constant delay
    %assign/vec4/a/d v0x55ab8ceb7370, 0, 4;
    %load/vec4 v0x55ab8ceb7410_0;
    %load/vec4 v0x55ab8ceb81d0_0;
    %pad/u 3;
    %ix/vec4 3;
    %ix/load 4, 0, 0; Constant delay
    %assign/vec4/a/d v0x55ab8ceb7550, 0, 4;
    %pushi/vec4 1, 0, 1;
    %load/vec4 v0x55ab8ceb81d0_0;
    %pad/u 3;
    %ix/vec4 3;
    %ix/load 4, 0, 0; Constant delay
    %assign/vec4/a/d v0x55ab8ceb7ff0, 0, 4;
    %load/vec4 v0x55ab8ceb7b90_0;
    %parti/s 1, 0, 2;
    %inv;
    %load/vec4 v0x55ab8ceb81d0_0;
    %pad/u 3;
    %ix/vec4 3;
    %ix/load 4, 0, 0; Constant delay
    %assign/vec4/a/d v0x55ab8ceb8130, 0, 4;
    %load/vec4 v0x55ab8ceb81d0_0;
    %pad/u 2;
    %addi 1, 0, 2;
    %pad/u 1;
    %assign/vec4 v0x55ab8ceb81d0_0, 0;
T_7.8 ;
    %load/vec4 v0x55ab8ceb79b0_0;
    %flag_set/vec4 8;
    %jmp/0xz  T_7.10, 8;
    %pushi/vec4 0, 0, 1;
    %load/vec4 v0x55ab8ceb7e10_0;
    %pad/u 3;
    %ix/vec4 3;
    %ix/load 4, 0, 0; Constant delay
    %assign/vec4/a/d v0x55ab8ceb7ff0, 0, 4;
T_7.10 ;
    %load/vec4 v0x55ab8ceb7a50_0;
    %flag_set/vec4 8;
    %jmp/0xz  T_7.12, 8;
    %pushi/vec4 0, 0, 1;
    %load/vec4 v0x55ab8ceb7e10_0;
    %pad/u 3;
    %ix/vec4 3;
    %ix/load 4, 0, 0; Constant delay
    %assign/vec4/a/d v0x55ab8ceb8130, 0, 4;
T_7.12 ;
    %load/vec4 v0x55ab8ceb7af0_0;
    %flag_set/vec4 8;
    %jmp/0xz  T_7.14, 8;
    %load/vec4 v0x55ab8ceb7e10_0;
    %pad/u 2;
    %addi 1, 0, 2;
    %pad/u 1;
    %assign/vec4 v0x55ab8ceb7e10_0, 0;
T_7.14 ;
    %load/vec4 v0x55ab8ceb7cd0_0;
    %load/vec4 v0x55ab8ceb7af0_0;
    %inv;
    %and;
    %flag_set/vec4 8;
    %jmp/0xz  T_7.16, 8;
    %load/vec4 v0x55ab8ceb6e70_0;
    %addi 1, 0, 2;
    %assign/vec4 v0x55ab8ceb6e70_0, 0;
    %jmp T_7.17;
T_7.16 ;
    %load/vec4 v0x55ab8ceb7cd0_0;
    %inv;
    %load/vec4 v0x55ab8ceb7af0_0;
    %and;
    %flag_set/vec4 8;
    %jmp/0xz  T_7.18, 8;
    %load/vec4 v0x55ab8ceb6e70_0;
    %subi 1, 0, 2;
    %assign/vec4 v0x55ab8ceb6e70_0, 0;
T_7.18 ;
T_7.17 ;
T_7.5 ;
T_7.1 ;
    %jmp T_7;
    .thread T_7;
    .scope S_0x55ab8ceba450;
T_8 ;
    %wait E_0x55ab8c8315a0;
    %load/vec4 v0x55ab8cebd0e0_0;
    %flag_set/vec4 8;
    %jmp/0xz  T_8.0, 8;
    %pushi/vec4 0, 0, 1;
    %assign/vec4 v0x55ab8cebb8f0_0, 0;
    %pushi/vec4 0, 0, 32;
    %assign/vec4 v0x55ab8cebb670_0, 0;
    %jmp T_8.1;
T_8.0 ;
    %load/vec4 v0x55ab8cebb990_0;
    %flag_set/vec4 9;
    %flag_get/vec4 9;
    %jmp/0 T_8.4, 9;
    %load/vec4 v0x55ab8cebc3c0_0;
    %flag_set/vec4 9;
    %flag_get/vec4 9;
    %jmp/1 T_8.5, 9;
    %load/vec4 v0x55ab8cebb530_0;
    %nor/r;
    %or;
T_8.5;
    %and;
T_8.4;
    %flag_set/vec4 8;
    %jmp/0xz  T_8.2, 8;
    %load/vec4 v0x55ab8cebba30_0;
    %assign/vec4 v0x55ab8cebb8f0_0, 0;
    %load/vec4 v0x55ab8cebb710_0;
    %assign/vec4 v0x55ab8cebb670_0, 0;
    %jmp T_8.3;
T_8.2 ;
    %load/vec4 v0x55ab8cebc3c0_0;
    %inv;
    %flag_set/vec4 8;
    %jmp/0xz  T_8.6, 8;
    %pushi/vec4 0, 0, 1;
    %assign/vec4 v0x55ab8cebb8f0_0, 0;
    %pushi/vec4 0, 0, 32;
    %assign/vec4 v0x55ab8cebb670_0, 0;
T_8.6 ;
T_8.3 ;
T_8.1 ;
    %jmp T_8;
    .thread T_8;
    .scope S_0x55ab8ceb9f50;
T_9 ;
    %wait E_0x55ab8c8315a0;
    %load/vec4 v0x55ab8cebd0e0_0;
    %flag_set/vec4 8;
    %jmp/0xz  T_9.0, 8;
    %pushi/vec4 0, 0, 1;
    %assign/vec4 v0x55ab8cebb530_0, 0;
    %jmp T_9.1;
T_9.0 ;
    %pushi/vec4 1, 0, 1;
    %flag_set/vec4 9;
    %flag_get/vec4 9;
    %jmp/0 T_9.4, 9;
    %load/vec4 v0x55ab8cebba30_0;
    %and;
T_9.4;
    %flag_set/vec4 8;
    %jmp/0xz  T_9.2, 8;
    %pushi/vec4 1, 0, 1;
    %assign/vec4 v0x55ab8cebb530_0, 0;
T_9.2 ;
T_9.1 ;
    %jmp T_9;
    .thread T_9;
    .scope S_0x55ab8ceb9f50;
T_10 ;
    %wait E_0x55ab8c8315a0;
    %load/vec4 v0x55ab8cebd0e0_0;
    %flag_set/vec4 8;
    %jmp/0xz  T_10.0, 8;
    %pushi/vec4 0, 0, 1;
    %assign/vec4 v0x55ab8cebd2c0_0, 0;
    %jmp T_10.1;
T_10.0 ;
    %load/vec4 v0x55ab8cebd360_0;
    %assign/vec4 v0x55ab8cebd2c0_0, 0;
T_10.1 ;
    %jmp T_10;
    .thread T_10;
    .scope S_0x55ab8ceb9f50;
T_11 ;
    %wait E_0x55ab8c8315a0;
    %load/vec4 v0x55ab8cebd0e0_0;
    %flag_set/vec4 8;
    %jmp/0xz  T_11.0, 8;
    %pushi/vec4 0, 0, 1;
    %assign/vec4 v0x55ab8cebc500_0, 0;
    %jmp T_11.1;
T_11.0 ;
    %load/vec4 v0x55ab8cebcb40_0;
    %flag_set/vec4 9;
    %flag_get/vec4 9;
    %jmp/0 T_11.4, 9;
    %load/vec4 v0x55ab8cebc320_0;
    %and;
T_11.4;
    %flag_set/vec4 8;
    %jmp/0xz  T_11.2, 8;
    %pushi/vec4 1, 0, 1;
    %assign/vec4 v0x55ab8cebc500_0, 0;
    %jmp T_11.3;
T_11.2 ;
    %load/vec4 v0x55ab8cebcbe0_0;
    %flag_set/vec4 8;
    %jmp/0xz  T_11.5, 8;
    %pushi/vec4 0, 0, 1;
    %assign/vec4 v0x55ab8cebc500_0, 0;
T_11.5 ;
T_11.3 ;
T_11.1 ;
    %jmp T_11;
    .thread T_11;
    .scope S_0x55ab8ceb9f50;
T_12 ;
    %wait E_0x55ab8c8315a0;
    %load/vec4 v0x55ab8cebd0e0_0;
    %flag_set/vec4 8;
    %jmp/0xz  T_12.0, 8;
    %pushi/vec4 0, 0, 1;
    %assign/vec4 v0x55ab8cebc780_0, 0;
    %jmp T_12.1;
T_12.0 ;
    %load/vec4 v0x55ab8cebc6e0_0;
    %flag_set/vec4 9;
    %flag_get/vec4 9;
    %jmp/0 T_12.4, 9;
    %load/vec4 v0x55ab8cebc320_0;
    %nor/r;
    %and;
T_12.4;
    %flag_set/vec4 8;
    %jmp/0xz  T_12.2, 8;
    %pushi/vec4 1, 0, 1;
    %assign/vec4 v0x55ab8cebc780_0, 0;
    %jmp T_12.3;
T_12.2 ;
    %pushi/vec4 0, 0, 1;
    %assign/vec4 v0x55ab8cebc780_0, 0;
T_12.3 ;
T_12.1 ;
    %jmp T_12;
    .thread T_12;
    .scope S_0x55ab8ceb9f50;
T_13 ;
    %wait E_0x55ab8c8315a0;
    %load/vec4 v0x55ab8cebd0e0_0;
    %flag_set/vec4 8;
    %jmp/0xz  T_13.0, 8;
    %pushi/vec4 0, 0, 32;
    %assign/vec4 v0x55ab8cebcfa0_0, 0;
    %jmp T_13.1;
T_13.0 ;
    %pushi/vec4 1, 0, 1;
    %flag_set/vec4 10;
    %flag_get/vec4 10;
    %jmp/0 T_13.5, 10;
    %load/vec4 v0x55ab8cebd360_0;
    %flag_set/vec4 10;
    %jmp/1 T_13.7, 10;
    %load/vec4 v0x55ab8cebb530_0;
    %nor/r;
    %flag_set/vec4 11;
    %flag_or 10, 11;
T_13.7;
    %flag_get/vec4 10;
    %jmp/1 T_13.6, 10;
    %load/vec4 v0x55ab8cebd2c0_0;
    %or;
T_13.6;
    %and;
T_13.5;
    %flag_set/vec4 9;
    %flag_get/vec4 9;
    %jmp/0 T_13.4, 9;
    %load/vec4 v0x55ab8cebba30_0;
    %and;
T_13.4;
    %flag_set/vec4 8;
    %jmp/0xz  T_13.2, 8;
    %load/vec4 v0x55ab8cebb710_0;
    %assign/vec4 v0x55ab8cebcfa0_0, 0;
    %jmp T_13.3;
T_13.2 ;
    %load/vec4 v0x55ab8cebd360_0;
    %nor/r;
    %flag_set/vec4 8;
    %jmp/0xz  T_13.8, 8;
    %load/vec4 v0x55ab8cebcc80_0;
    %assign/vec4 v0x55ab8cebcfa0_0, 0;
T_13.8 ;
T_13.3 ;
T_13.1 ;
    %jmp T_13;
    .thread T_13;
    .scope S_0x55ab8ceb9f50;
T_14 ;
    %wait E_0x55ab8c8315a0;
    %load/vec4 v0x55ab8cebd0e0_0;
    %flag_set/vec4 8;
    %jmp/0xz  T_14.0, 8;
    %pushi/vec4 0, 0, 32;
    %assign/vec4 v0x55ab8cebce60_0, 0;
    %jmp T_14.1;
T_14.0 ;
    %load/vec4 v0x55ab8cebcb40_0;
    %flag_set/vec4 9;
    %flag_get/vec4 9;
    %jmp/0 T_14.4, 9;
    %load/vec4 v0x55ab8cebc320_0;
    %and;
T_14.4;
    %flag_set/vec4 8;
    %jmp/0xz  T_14.2, 8;
    %load/vec4 v0x55ab8cebc960_0;
    %assign/vec4 v0x55ab8cebce60_0, 0;
T_14.2 ;
T_14.1 ;
    %jmp T_14;
    .thread T_14;
    .scope S_0x55ab8ceb9f50;
T_15 ;
    %wait E_0x55ab8c8315a0;
    %load/vec4 v0x55ab8cebd0e0_0;
    %flag_set/vec4 8;
    %jmp/0xz  T_15.0, 8;
    %pushi/vec4 0, 0, 2;
    %assign/vec4 v0x55ab8cebd040_0, 0;
    %jmp T_15.1;
T_15.0 ;
    %load/vec4 v0x55ab8cebcb40_0;
    %flag_set/vec4 9;
    %flag_get/vec4 9;
    %jmp/0 T_15.4, 9;
    %load/vec4 v0x55ab8cebc320_0;
    %and;
T_15.4;
    %flag_set/vec4 8;
    %jmp/0xz  T_15.2, 8;
    %load/vec4 v0x55ab8cebcd20_0;
    %assign/vec4 v0x55ab8cebd040_0, 0;
    %jmp T_15.3;
T_15.2 ;
    %load/vec4 v0x55ab8cebcbe0_0;
    %flag_set/vec4 8;
    %jmp/0xz  T_15.5, 8;
    %pushi/vec4 0, 0, 2;
    %assign/vec4 v0x55ab8cebd040_0, 0;
T_15.5 ;
T_15.3 ;
T_15.1 ;
    %jmp T_15;
    .thread T_15;
    .scope S_0x55ab8ceb9f50;
T_16 ;
    %wait E_0x55ab8c8315a0;
    %load/vec4 v0x55ab8cebd0e0_0;
    %flag_set/vec4 8;
    %jmp/0xz  T_16.0, 8;
    %pushi/vec4 0, 0, 100;
    %assign/vec4 v0x55ab8cebd180_0, 0;
    %pushi/vec4 0, 0, 1;
    %assign/vec4 v0x55ab8cebd220_0, 0;
    %jmp T_16.1;
T_16.0 ;
    %load/vec4 v0x55ab8cebc280_0;
    %flag_set/vec4 9;
    %flag_get/vec4 9;
    %jmp/0 T_16.4, 9;
    %load/vec4 v0x55ab8cebbb70_0;
    %nor/r;
    %and;
T_16.4;
    %flag_set/vec4 8;
    %jmp/0xz  T_16.2, 8;
    %pushi/vec4 1, 0, 1;
    %assign/vec4 v0x55ab8cebd220_0, 0;
    %load/vec4 v0x55ab8cebbcb0_0;
    %load/vec4 v0x55ab8cebbc10_0;
    %concat/vec4; draw_concat_vec4
    %load/vec4 v0x55ab8cebc140_0;
    %concat/vec4; draw_concat_vec4
    %load/vec4 v0x55ab8cebc0a0_0;
    %concat/vec4; draw_concat_vec4
    %load/vec4 v0x55ab8cebbd50_0;
    %concat/vec4; draw_concat_vec4
    %assign/vec4 v0x55ab8cebd180_0, 0;
    %jmp T_16.3;
T_16.2 ;
    %pushi/vec4 0, 0, 1;
    %assign/vec4 v0x55ab8cebd220_0, 0;
    %pushi/vec4 0, 0, 100;
    %assign/vec4 v0x55ab8cebd180_0, 0;
T_16.3 ;
T_16.1 ;
    %jmp T_16;
    .thread T_16;
    .scope S_0x55ab8ceea750;
T_17 ;
    %wait E_0x55ab8c8315a0;
    %load/vec4 v0x55ab8ceebc20_0;
    %flag_set/vec4 8;
    %jmp/0xz  T_17.0, 8;
    %pushi/vec4 0, 0, 2;
    %assign/vec4 v0x55ab8ceeb470_0, 0;
    %pushi/vec4 0, 0, 1;
    %assign/vec4 v0x55ab8ceebb40_0, 0;
    %pushi/vec4 0, 0, 1;
    %assign/vec4 v0x55ab8ceebd80_0, 0;
    %pushi/vec4 0, 0, 32;
    %store/vec4 v0x55ab8ceeb710_0, 0, 32;
T_17.2 ;
    %load/vec4 v0x55ab8ceeb710_0;
    %cmpi/s 2, 0, 32;
    %jmp/0xz T_17.3, 5;
    %pushi/vec4 0, 0, 36;
    %ix/getv/s 3, v0x55ab8ceeb710_0;
    %ix/load 4, 0, 0; Constant delay
    %assign/vec4/a/d v0x55ab8ceeba80, 0, 4;
    %load/vec4 v0x55ab8ceeb710_0;
    %addi 1, 0, 32;
    %store/vec4 v0x55ab8ceeb710_0, 0, 32;
    %jmp T_17.2;
T_17.3 ;
    %jmp T_17.1;
T_17.0 ;
    %load/vec4 v0x55ab8ceeb8b0_0;
    %load/vec4 v0x55ab8ceeb310_0;
    %and;
    %flag_set/vec4 8;
    %jmp/0xz  T_17.4, 8;
    %load/vec4 v0x55ab8ceeb550_0;
    %load/vec4 v0x55ab8ceebd80_0;
    %pad/u 3;
    %ix/vec4 3;
    %ix/load 4, 0, 0; Constant delay
    %assign/vec4/a/d v0x55ab8ceeba80, 0, 4;
    %load/vec4 v0x55ab8ceebd80_0;
    %pad/u 2;
    %addi 1, 0, 2;
    %pad/u 1;
    %assign/vec4 v0x55ab8ceebd80_0, 0;
T_17.4 ;
    %load/vec4 v0x55ab8ceeb7f0_0;
    %load/vec4 v0x55ab8ceebcc0_0;
    %and;
    %flag_set/vec4 8;
    %jmp/0xz  T_17.6, 8;
    %load/vec4 v0x55ab8ceebb40_0;
    %pad/u 2;
    %addi 1, 0, 2;
    %pad/u 1;
    %assign/vec4 v0x55ab8ceebb40_0, 0;
T_17.6 ;
    %load/vec4 v0x55ab8ceeb8b0_0;
    %load/vec4 v0x55ab8ceeb310_0;
    %and;
    %load/vec4 v0x55ab8ceeb7f0_0;
    %load/vec4 v0x55ab8ceebcc0_0;
    %and;
    %inv;
    %and;
    %flag_set/vec4 8;
    %jmp/0xz  T_17.8, 8;
    %load/vec4 v0x55ab8ceeb470_0;
    %addi 1, 0, 2;
    %assign/vec4 v0x55ab8ceeb470_0, 0;
    %jmp T_17.9;
T_17.8 ;
    %load/vec4 v0x55ab8ceeb8b0_0;
    %load/vec4 v0x55ab8ceeb310_0;
    %and;
    %inv;
    %load/vec4 v0x55ab8ceeb7f0_0;
    %load/vec4 v0x55ab8ceebcc0_0;
    %and;
    %and;
    %flag_set/vec4 8;
    %jmp/0xz  T_17.10, 8;
    %load/vec4 v0x55ab8ceeb470_0;
    %subi 1, 0, 2;
    %assign/vec4 v0x55ab8ceeb470_0, 0;
T_17.10 ;
T_17.9 ;
T_17.1 ;
    %jmp T_17;
    .thread T_17;
    .scope S_0x55ab8cec16f0;
T_18 ;
    %wait E_0x55ab8c8315a0;
    %load/vec4 v0x55ab8cef9840_0;
    %flag_set/vec4 8;
    %jmp/0xz  T_18.0, 8;
    %pushi/vec4 0, 0, 1;
    %assign/vec4 v0x55ab8cef8de0_0, 0;
    %jmp T_18.1;
T_18.0 ;
    %load/vec4 v0x55ab8cef6680_0;
    %flag_set/vec4 8;
    %jmp/0xz  T_18.2, 8;
    %pushi/vec4 1, 0, 1;
    %assign/vec4 v0x55ab8cef8de0_0, 0;
    %jmp T_18.3;
T_18.2 ;
    %load/vec4 v0x55ab8cef5e40_0;
    %flag_set/vec4 8;
    %jmp/1 T_18.6, 8;
    %load/vec4 v0x55ab8cef5d80_0;
    %flag_set/vec4 9;
    %flag_or 8, 9;
T_18.6;
    %jmp/0xz  T_18.4, 8;
    %pushi/vec4 0, 0, 1;
    %assign/vec4 v0x55ab8cef8de0_0, 0;
T_18.4 ;
T_18.3 ;
T_18.1 ;
    %jmp T_18;
    .thread T_18;
    .scope S_0x55ab8cec16f0;
T_19 ;
    %wait E_0x55ab8c8315a0;
    %load/vec4 v0x55ab8cef9840_0;
    %flag_set/vec4 8;
    %jmp/0xz  T_19.0, 8;
    %pushi/vec4 0, 0, 1;
    %assign/vec4 v0x55ab8cef7fa0_0, 0;
    %jmp T_19.1;
T_19.0 ;
    %load/vec4 v0x55ab8cef7ee0_0;
    %load/vec4 v0x55ab8cef6140_0;
    %inv;
    %and;
    %assign/vec4 v0x55ab8cef7fa0_0, 0;
T_19.1 ;
    %jmp T_19;
    .thread T_19;
    .scope S_0x55ab8cec16f0;
T_20 ;
    %wait E_0x55ab8cec1af0;
    %pushi/vec4 0, 0, 32;
    %store/vec4 v0x55ab8cef6e40_0, 0, 32;
    %pushi/vec4 0, 0, 32;
    %store/vec4 v0x55ab8cef70a0_0, 0, 32;
    %pushi/vec4 0, 0, 1;
    %store/vec4 v0x55ab8cef8060_0, 0, 1;
    %pushi/vec4 0, 0, 4;
    %store/vec4 v0x55ab8cef82e0_0, 0, 4;
    %pushi/vec4 0, 0, 1;
    %store/vec4 v0x55ab8cef7ba0_0, 0, 1;
    %load/vec4 v0x55ab8cef8d10_0;
    %flag_set/vec4 9;
    %flag_get/vec4 9;
    %jmp/0 T_20.2, 9;
    %load/vec4 v0x55ab8cef8760_0;
    %pushi/vec4 28799, 0, 32;
    %and;
    %pushi/vec4 4211, 0, 32;
    %cmp/e;
    %flag_get/vec4 4;
    %and;
T_20.2;
    %flag_set/vec4 8;
    %jmp/0xz  T_20.0, 8;
    %load/vec4 v0x55ab8cef89d0_0;
    %store/vec4 v0x55ab8cef6e40_0, 0, 32;
    %jmp T_20.1;
T_20.0 ;
    %load/vec4 v0x55ab8cef8d10_0;
    %flag_set/vec4 9;
    %flag_get/vec4 9;
    %jmp/0 T_20.5, 9;
    %load/vec4 v0x55ab8cef68c0_0;
    %and;
T_20.5;
    %flag_set/vec4 8;
    %jmp/0xz  T_20.3, 8;
    %load/vec4 v0x55ab8cef89d0_0;
    %load/vec4 v0x55ab8cef8760_0;
    %parti/s 1, 31, 6;
    %replicate 20;
    %load/vec4 v0x55ab8cef8760_0;
    %parti/s 12, 20, 6;
    %concat/vec4; draw_concat_vec4
    %add;
    %store/vec4 v0x55ab8cef6e40_0, 0, 32;
    %jmp T_20.4;
T_20.3 ;
    %load/vec4 v0x55ab8cef89d0_0;
    %load/vec4 v0x55ab8cef8760_0;
    %parti/s 1, 31, 6;
    %replicate 20;
    %load/vec4 v0x55ab8cef8760_0;
    %parti/s 7, 25, 6;
    %concat/vec4; draw_concat_vec4
    %load/vec4 v0x55ab8cef8760_0;
    %parti/s 5, 7, 4;
    %concat/vec4; draw_concat_vec4
    %add;
    %store/vec4 v0x55ab8cef6e40_0, 0, 32;
T_20.4 ;
T_20.1 ;
    %load/vec4 v0x55ab8cef8d10_0;
    %flag_set/vec4 9;
    %flag_get/vec4 9;
    %jmp/0 T_20.8, 9;
    %load/vec4 v0x55ab8cef92e0_0;
    %and;
T_20.8;
    %flag_set/vec4 8;
    %jmp/0xz  T_20.6, 8;
    %load/vec4 v0x55ab8cef6e40_0;
    %parti/s 2, 0, 2;
    %pushi/vec4 0, 0, 2;
    %cmp/ne;
    %flag_get/vec4 4;
    %store/vec4 v0x55ab8cef8060_0, 0, 1;
    %jmp T_20.7;
T_20.6 ;
    %load/vec4 v0x55ab8cef8d10_0;
    %flag_set/vec4 9;
    %flag_get/vec4 9;
    %jmp/0 T_20.11, 9;
    %load/vec4 v0x55ab8cef9160_0;
    %and;
T_20.11;
    %flag_set/vec4 8;
    %jmp/0xz  T_20.9, 8;
    %load/vec4 v0x55ab8cef6e40_0;
    %parti/s 1, 0, 2;
    %store/vec4 v0x55ab8cef8060_0, 0, 1;
T_20.9 ;
T_20.7 ;
    %load/vec4 v0x55ab8cef8d10_0;
    %flag_set/vec4 9;
    %flag_get/vec4 9;
    %jmp/0 T_20.13, 9;
    %load/vec4 v0x55ab8cef68c0_0;
    %and;
T_20.13;
    %flag_set/vec4 8;
    %flag_get/vec4 8;
    %jmp/0 T_20.12, 8;
    %load/vec4 v0x55ab8cef8060_0;
    %nor/r;
    %and;
T_20.12;
    %store/vec4 v0x55ab8cef7ba0_0, 0, 1;
    %load/vec4 v0x55ab8cef8d10_0;
    %flag_set/vec4 10;
    %flag_get/vec4 10;
    %jmp/0 T_20.17, 10;
    %load/vec4 v0x55ab8cef8760_0;
    %pushi/vec4 28799, 0, 32;
    %and;
    %pushi/vec4 8227, 0, 32;
    %cmp/e;
    %flag_get/vec4 4;
    %and;
T_20.17;
    %flag_set/vec4 9;
    %flag_get/vec4 9;
    %jmp/0 T_20.16, 9;
    %load/vec4 v0x55ab8cef8060_0;
    %nor/r;
    %and;
T_20.16;
    %flag_set/vec4 8;
    %jmp/0xz  T_20.14, 8;
    %load/vec4 v0x55ab8cef8b70_0;
    %store/vec4 v0x55ab8cef70a0_0, 0, 32;
    %pushi/vec4 15, 0, 4;
    %store/vec4 v0x55ab8cef82e0_0, 0, 4;
    %jmp T_20.15;
T_20.14 ;
    %load/vec4 v0x55ab8cef8d10_0;
    %flag_set/vec4 10;
    %flag_get/vec4 10;
    %jmp/0 T_20.21, 10;
    %load/vec4 v0x55ab8cef8760_0;
    %pushi/vec4 28799, 0, 32;
    %and;
    %pushi/vec4 4131, 0, 32;
    %cmp/e;
    %flag_get/vec4 4;
    %and;
T_20.21;
    %flag_set/vec4 9;
    %flag_get/vec4 9;
    %jmp/0 T_20.20, 9;
    %load/vec4 v0x55ab8cef8060_0;
    %nor/r;
    %and;
T_20.20;
    %flag_set/vec4 8;
    %jmp/0xz  T_20.18, 8;
    %load/vec4 v0x55ab8cef6e40_0;
    %parti/s 2, 0, 2;
    %dup/vec4;
    %pushi/vec4 2, 0, 2;
    %cmp/u;
    %jmp/1 T_20.22, 6;
    %pushi/vec4 0, 0, 16;
    %load/vec4 v0x55ab8cef8b70_0;
    %parti/s 16, 0, 2;
    %concat/vec4; draw_concat_vec4
    %store/vec4 v0x55ab8cef70a0_0, 0, 32;
    %pushi/vec4 3, 0, 4;
    %store/vec4 v0x55ab8cef82e0_0, 0, 4;
    %jmp T_20.24;
T_20.22 ;
    %load/vec4 v0x55ab8cef8b70_0;
    %parti/s 16, 0, 2;
    %concati/vec4 0, 0, 16;
    %store/vec4 v0x55ab8cef70a0_0, 0, 32;
    %pushi/vec4 12, 0, 4;
    %store/vec4 v0x55ab8cef82e0_0, 0, 4;
    %jmp T_20.24;
T_20.24 ;
    %pop/vec4 1;
    %jmp T_20.19;
T_20.18 ;
    %load/vec4 v0x55ab8cef8d10_0;
    %flag_set/vec4 9;
    %flag_get/vec4 9;
    %jmp/0 T_20.27, 9;
    %load/vec4 v0x55ab8cef8760_0;
    %pushi/vec4 28799, 0, 32;
    %and;
    %pushi/vec4 35, 0, 32;
    %cmp/e;
    %flag_get/vec4 4;
    %and;
T_20.27;
    %flag_set/vec4 8;
    %jmp/0xz  T_20.25, 8;
    %load/vec4 v0x55ab8cef6e40_0;
    %parti/s 2, 0, 2;
    %dup/vec4;
    %pushi/vec4 3, 0, 2;
    %cmp/u;
    %jmp/1 T_20.28, 6;
    %dup/vec4;
    %pushi/vec4 2, 0, 2;
    %cmp/u;
    %jmp/1 T_20.29, 6;
    %dup/vec4;
    %pushi/vec4 1, 0, 2;
    %cmp/u;
    %jmp/1 T_20.30, 6;
    %dup/vec4;
    %pushi/vec4 0, 0, 2;
    %cmp/u;
    %jmp/1 T_20.31, 6;
    %jmp T_20.33;
T_20.28 ;
    %load/vec4 v0x55ab8cef8b70_0;
    %parti/s 8, 0, 2;
    %concati/vec4 0, 0, 24;
    %store/vec4 v0x55ab8cef70a0_0, 0, 32;
    %pushi/vec4 8, 0, 4;
    %store/vec4 v0x55ab8cef82e0_0, 0, 4;
    %jmp T_20.33;
T_20.29 ;
    %pushi/vec4 0, 0, 8;
    %load/vec4 v0x55ab8cef8b70_0;
    %parti/s 8, 0, 2;
    %concat/vec4; draw_concat_vec4
    %concati/vec4 0, 0, 16;
    %store/vec4 v0x55ab8cef70a0_0, 0, 32;
    %pushi/vec4 4, 0, 4;
    %store/vec4 v0x55ab8cef82e0_0, 0, 4;
    %jmp T_20.33;
T_20.30 ;
    %pushi/vec4 0, 0, 16;
    %load/vec4 v0x55ab8cef8b70_0;
    %parti/s 8, 0, 2;
    %concat/vec4; draw_concat_vec4
    %concati/vec4 0, 0, 8;
    %store/vec4 v0x55ab8cef70a0_0, 0, 32;
    %pushi/vec4 2, 0, 4;
    %store/vec4 v0x55ab8cef82e0_0, 0, 4;
    %jmp T_20.33;
T_20.31 ;
    %pushi/vec4 0, 0, 24;
    %load/vec4 v0x55ab8cef8b70_0;
    %parti/s 8, 0, 2;
    %concat/vec4; draw_concat_vec4
    %store/vec4 v0x55ab8cef70a0_0, 0, 32;
    %pushi/vec4 1, 0, 4;
    %store/vec4 v0x55ab8cef82e0_0, 0, 4;
    %jmp T_20.33;
T_20.33 ;
    %pop/vec4 1;
    %jmp T_20.26;
T_20.25 ;
    %pushi/vec4 0, 0, 4;
    %store/vec4 v0x55ab8cef82e0_0, 0, 4;
T_20.26 ;
T_20.19 ;
T_20.15 ;
    %jmp T_20;
    .thread T_20, $push;
    .scope S_0x55ab8cec16f0;
T_21 ;
    %wait E_0x55ab8c8315a0;
    %load/vec4 v0x55ab8cef9840_0;
    %flag_set/vec4 8;
    %jmp/0xz  T_21.0, 8;
    %pushi/vec4 0, 0, 32;
    %assign/vec4 v0x55ab8cef6d60_0, 0;
    %pushi/vec4 0, 0, 32;
    %assign/vec4 v0x55ab8cef7340_0, 0;
    %pushi/vec4 0, 0, 1;
    %assign/vec4 v0x55ab8cef7ae0_0, 0;
    %pushi/vec4 0, 0, 4;
    %assign/vec4 v0x55ab8cef8200_0, 0;
    %pushi/vec4 0, 0, 1;
    %assign/vec4 v0x55ab8cef6fe0_0, 0;
    %pushi/vec4 0, 0, 1;
    %assign/vec4 v0x55ab8cef7720_0, 0;
    %pushi/vec4 0, 0, 1;
    %assign/vec4 v0x55ab8cef8480_0, 0;
    %pushi/vec4 0, 0, 1;
    %assign/vec4 v0x55ab8cef75a0_0, 0;
    %pushi/vec4 0, 0, 1;
    %assign/vec4 v0x55ab8cef7ee0_0, 0;
    %pushi/vec4 0, 0, 1;
    %assign/vec4 v0x55ab8cef78a0_0, 0;
    %pushi/vec4 0, 0, 1;
    %assign/vec4 v0x55ab8cef8540_0, 0;
    %pushi/vec4 0, 0, 1;
    %assign/vec4 v0x55ab8cef8600_0, 0;
    %pushi/vec4 0, 0, 1;
    %assign/vec4 v0x55ab8cef7960_0, 0;
    %jmp T_21.1;
T_21.0 ;
    %load/vec4 v0x55ab8cef5d80_0;
    %flag_set/vec4 8;
    %jmp/1 T_21.4, 8;
    %load/vec4 v0x55ab8cef7fa0_0;
    %flag_set/vec4 9;
    %flag_or 8, 9;
T_21.4;
    %jmp/0xz  T_21.2, 8;
    %pushi/vec4 0, 0, 32;
    %assign/vec4 v0x55ab8cef6d60_0, 0;
    %pushi/vec4 0, 0, 32;
    %assign/vec4 v0x55ab8cef7340_0, 0;
    %pushi/vec4 0, 0, 1;
    %assign/vec4 v0x55ab8cef7ae0_0, 0;
    %pushi/vec4 0, 0, 4;
    %assign/vec4 v0x55ab8cef8200_0, 0;
    %pushi/vec4 0, 0, 1;
    %assign/vec4 v0x55ab8cef6fe0_0, 0;
    %pushi/vec4 0, 0, 1;
    %assign/vec4 v0x55ab8cef7720_0, 0;
    %pushi/vec4 0, 0, 1;
    %assign/vec4 v0x55ab8cef8480_0, 0;
    %pushi/vec4 0, 0, 1;
    %assign/vec4 v0x55ab8cef75a0_0, 0;
    %pushi/vec4 0, 0, 1;
    %assign/vec4 v0x55ab8cef7ee0_0, 0;
    %pushi/vec4 0, 0, 1;
    %assign/vec4 v0x55ab8cef78a0_0, 0;
    %pushi/vec4 0, 0, 1;
    %assign/vec4 v0x55ab8cef8540_0, 0;
    %pushi/vec4 0, 0, 1;
    %assign/vec4 v0x55ab8cef8600_0, 0;
    %pushi/vec4 0, 0, 1;
    %assign/vec4 v0x55ab8cef7960_0, 0;
    %jmp T_21.3;
T_21.2 ;
    %load/vec4 v0x55ab8cef7ae0_0;
    %flag_set/vec4 9;
    %jmp/1 T_21.9, 9;
    %load/vec4 v0x55ab8cef8200_0;
    %or/r;
    %flag_set/vec4 10;
    %flag_or 9, 10;
T_21.9;
    %jmp/1 T_21.8, 9;
    %load/vec4 v0x55ab8cef7ee0_0;
    %flag_set/vec4 10;
    %flag_or 9, 10;
T_21.8;
    %flag_get/vec4 9;
    %jmp/0 T_21.7, 9;
    %load/vec4 v0x55ab8cef6140_0;
    %and;
T_21.7;
    %flag_set/vec4 8;
    %jmp/0xz  T_21.5, 8;
    %jmp T_21.6;
T_21.5 ;
    %load/vec4 v0x55ab8cef83c0_0;
    %flag_set/vec4 9;
    %jmp/1 T_21.16, 9;
    %load/vec4 v0x55ab8cef7660_0;
    %flag_set/vec4 10;
    %flag_or 9, 10;
T_21.16;
    %jmp/1 T_21.15, 9;
    %load/vec4 v0x55ab8cef74e0_0;
    %flag_set/vec4 10;
    %flag_or 9, 10;
T_21.15;
    %jmp/1 T_21.14, 9;
    %load/vec4 v0x55ab8cef7a20_0;
    %flag_set/vec4 10;
    %flag_or 9, 10;
T_21.14;
    %jmp/1 T_21.13, 9;
    %load/vec4 v0x55ab8cef8120_0;
    %cmpi/ne 0, 0, 4;
    %flag_or 9, 4;
T_21.13;
    %flag_get/vec4 9;
    %jmp/0 T_21.12, 9;
    %load/vec4 v0x55ab8cef6b00_0;
    %nor/r;
    %and;
T_21.12;
    %nor/r;
    %flag_set/vec4 8;
    %jmp/0xz  T_21.10, 8;
    %pushi/vec4 0, 0, 32;
    %assign/vec4 v0x55ab8cef6d60_0, 0;
    %load/vec4 v0x55ab8cef70a0_0;
    %assign/vec4 v0x55ab8cef7340_0, 0;
    %load/vec4 v0x55ab8cef7ba0_0;
    %assign/vec4 v0x55ab8cef7ae0_0, 0;
    %load/vec4 v0x55ab8cef82e0_0;
    %assign/vec4 v0x55ab8cef8200_0, 0;
    %pushi/vec4 0, 0, 1;
    %assign/vec4 v0x55ab8cef6fe0_0, 0;
    %pushi/vec4 0, 0, 1;
    %assign/vec4 v0x55ab8cef7720_0, 0;
    %pushi/vec4 0, 0, 1;
    %assign/vec4 v0x55ab8cef8480_0, 0;
    %pushi/vec4 0, 0, 1;
    %assign/vec4 v0x55ab8cef75a0_0, 0;
    %load/vec4 v0x55ab8cef8060_0;
    %assign/vec4 v0x55ab8cef7ee0_0, 0;
    %load/vec4 v0x55ab8cef8d10_0;
    %flag_set/vec4 8;
    %flag_get/vec4 8;
    %jmp/0 T_21.17, 8;
    %load/vec4 v0x55ab8cef68c0_0;
    %and;
T_21.17;
    %assign/vec4 v0x55ab8cef78a0_0, 0;
    %load/vec4 v0x55ab8cef8e80_0;
    %load/vec4 v0x55ab8cef90a0_0;
    %or;
    %assign/vec4 v0x55ab8cef8540_0, 0;
    %load/vec4 v0x55ab8cef8f20_0;
    %load/vec4 v0x55ab8cef9220_0;
    %or;
    %assign/vec4 v0x55ab8cef8600_0, 0;
    %load/vec4 v0x55ab8cef6980_0;
    %assign/vec4 v0x55ab8cef7960_0, 0;
    %load/vec4 v0x55ab8cef6e40_0;
    %cmpi/u 2147483648, 0, 32;
    %flag_inv 5; GE is !LT
    %flag_get/vec4 5;
    %jmp/0 T_21.19, 5;
    %load/vec4 v0x55ab8cef6e40_0;
    %cmpi/u 2415919103, 0, 32;
    %flag_get/vec4 4;
    %flag_get/vec4 5;
    %or;
    %and;
T_21.19;
    %flag_set/vec4 8;
    %flag_get/vec4 8;
    %jmp/1 T_21.18, 8;
    %load/vec4 v0x55ab8cef8d10_0;
    %flag_set/vec4 8;
    %flag_get/vec4 8;
    %jmp/0 T_21.20, 8;
    %load/vec4 v0x55ab8cef5fc0_0;
    %flag_set/vec4 8;
    %jmp/1 T_21.22, 8;
    %load/vec4 v0x55ab8cef6080_0;
    %flag_set/vec4 9;
    %flag_or 8, 9;
T_21.22;
    %flag_get/vec4 8;
    %jmp/1 T_21.21, 8;
    %load/vec4 v0x55ab8cef5f00_0;
    %or;
T_21.21;
    %and;
T_21.20;
    %or;
T_21.18;
    %assign/vec4 v0x55ab8cef6fe0_0, 0;
    %load/vec4 v0x55ab8cef8d10_0;
    %load/vec4 v0x55ab8cef5fc0_0;
    %and;
    %assign/vec4 v0x55ab8cef7720_0, 0;
    %load/vec4 v0x55ab8cef8d10_0;
    %load/vec4 v0x55ab8cef6080_0;
    %and;
    %assign/vec4 v0x55ab8cef8480_0, 0;
    %load/vec4 v0x55ab8cef8d10_0;
    %load/vec4 v0x55ab8cef5f00_0;
    %and;
    %assign/vec4 v0x55ab8cef75a0_0, 0;
    %load/vec4 v0x55ab8cef6e40_0;
    %assign/vec4 v0x55ab8cef6d60_0, 0;
T_21.10 ;
T_21.6 ;
T_21.3 ;
T_21.1 ;
    %jmp T_21;
    .thread T_21;
    .scope S_0x55ab8cec16f0;
T_22 ;
    %wait E_0x55ab8cec1a90;
    %pushi/vec4 0, 0, 32;
    %store/vec4 v0x55ab8cef2c60_0, 0, 32;
    %load/vec4 v0x55ab8cef9460_0;
    %parti/s 2, 0, 2;
    %store/vec4 v0x55ab8cef5c00_0, 0, 2;
    %load/vec4 v0x55ab8cef9540_0;
    %store/vec4 v0x55ab8cef6740_0, 0, 1;
    %load/vec4 v0x55ab8cef9600_0;
    %store/vec4 v0x55ab8cef6800_0, 0, 1;
    %load/vec4 v0x55ab8cef9780_0;
    %store/vec4 v0x55ab8cef6a40_0, 0, 1;
    %load/vec4 v0x55ab8cef6bc0_0;
    %flag_set/vec4 9;
    %flag_get/vec4 9;
    %jmp/0 T_22.3, 9;
    %load/vec4 v0x55ab8cef7420_0;
    %and;
T_22.3;
    %flag_set/vec4 8;
    %jmp/1 T_22.2, 8;
    %load/vec4 v0x55ab8cef7fa0_0;
    %flag_set/vec4 9;
    %flag_or 8, 9;
T_22.2;
    %jmp/0xz  T_22.0, 8;
    %load/vec4 v0x55ab8cef9460_0;
    %store/vec4 v0x55ab8cef2c60_0, 0, 32;
    %jmp T_22.1;
T_22.0 ;
    %load/vec4 v0x55ab8cef6bc0_0;
    %flag_set/vec4 9;
    %flag_get/vec4 9;
    %jmp/0 T_22.6, 9;
    %load/vec4 v0x55ab8cef96c0_0;
    %and;
T_22.6;
    %flag_set/vec4 8;
    %jmp/0xz  T_22.4, 8;
    %load/vec4 v0x55ab8cef6740_0;
    %flag_set/vec4 8;
    %jmp/0xz  T_22.7, 8;
    %load/vec4 v0x55ab8cef5c00_0;
    %dup/vec4;
    %pushi/vec4 3, 0, 2;
    %cmp/u;
    %jmp/1 T_22.9, 6;
    %dup/vec4;
    %pushi/vec4 2, 0, 2;
    %cmp/u;
    %jmp/1 T_22.10, 6;
    %dup/vec4;
    %pushi/vec4 1, 0, 2;
    %cmp/u;
    %jmp/1 T_22.11, 6;
    %dup/vec4;
    %pushi/vec4 0, 0, 2;
    %cmp/u;
    %jmp/1 T_22.12, 6;
    %jmp T_22.13;
T_22.9 ;
    %pushi/vec4 0, 0, 24;
    %load/vec4 v0x55ab8cef7180_0;
    %parti/s 8, 24, 6;
    %concat/vec4; draw_concat_vec4
    %store/vec4 v0x55ab8cef2c60_0, 0, 32;
    %jmp T_22.13;
T_22.10 ;
    %pushi/vec4 0, 0, 24;
    %load/vec4 v0x55ab8cef7180_0;
    %parti/s 8, 16, 6;
    %concat/vec4; draw_concat_vec4
    %store/vec4 v0x55ab8cef2c60_0, 0, 32;
    %jmp T_22.13;
T_22.11 ;
    %pushi/vec4 0, 0, 24;
    %load/vec4 v0x55ab8cef7180_0;
    %parti/s 8, 8, 5;
    %concat/vec4; draw_concat_vec4
    %store/vec4 v0x55ab8cef2c60_0, 0, 32;
    %jmp T_22.13;
T_22.12 ;
    %pushi/vec4 0, 0, 24;
    %load/vec4 v0x55ab8cef7180_0;
    %parti/s 8, 0, 2;
    %concat/vec4; draw_concat_vec4
    %store/vec4 v0x55ab8cef2c60_0, 0, 32;
    %jmp T_22.13;
T_22.13 ;
    %pop/vec4 1;
    %load/vec4 v0x55ab8cef6a40_0;
    %flag_set/vec4 9;
    %flag_get/vec4 9;
    %jmp/0 T_22.16, 9;
    %load/vec4 v0x55ab8cef2c60_0;
    %parti/s 1, 7, 4;
    %and;
T_22.16;
    %flag_set/vec4 8;
    %jmp/0xz  T_22.14, 8;
    %pushi/vec4 16777215, 0, 24;
    %load/vec4 v0x55ab8cef2c60_0;
    %parti/s 8, 0, 2;
    %concat/vec4; draw_concat_vec4
    %store/vec4 v0x55ab8cef2c60_0, 0, 32;
T_22.14 ;
    %jmp T_22.8;
T_22.7 ;
    %load/vec4 v0x55ab8cef6800_0;
    %flag_set/vec4 8;
    %jmp/0xz  T_22.17, 8;
    %load/vec4 v0x55ab8cef5c00_0;
    %parti/s 1, 1, 2;
    %flag_set/vec4 8;
    %jmp/0xz  T_22.19, 8;
    %pushi/vec4 0, 0, 16;
    %load/vec4 v0x55ab8cef7180_0;
    %parti/s 16, 16, 6;
    %concat/vec4; draw_concat_vec4
    %store/vec4 v0x55ab8cef2c60_0, 0, 32;
    %jmp T_22.20;
T_22.19 ;
    %pushi/vec4 0, 0, 16;
    %load/vec4 v0x55ab8cef7180_0;
    %parti/s 16, 0, 2;
    %concat/vec4; draw_concat_vec4
    %store/vec4 v0x55ab8cef2c60_0, 0, 32;
T_22.20 ;
    %load/vec4 v0x55ab8cef6a40_0;
    %flag_set/vec4 9;
    %flag_get/vec4 9;
    %jmp/0 T_22.23, 9;
    %load/vec4 v0x55ab8cef2c60_0;
    %parti/s 1, 15, 5;
    %and;
T_22.23;
    %flag_set/vec4 8;
    %jmp/0xz  T_22.21, 8;
    %pushi/vec4 65535, 0, 16;
    %load/vec4 v0x55ab8cef2c60_0;
    %parti/s 16, 0, 2;
    %concat/vec4; draw_concat_vec4
    %store/vec4 v0x55ab8cef2c60_0, 0, 32;
T_22.21 ;
    %jmp T_22.18;
T_22.17 ;
    %load/vec4 v0x55ab8cef7180_0;
    %store/vec4 v0x55ab8cef2c60_0, 0, 32;
T_22.18 ;
T_22.8 ;
T_22.4 ;
T_22.1 ;
    %jmp T_22;
    .thread T_22, $push;
    .scope S_0x55ab8cc807f0;
T_23 ;
    %wait E_0x55ab8c82ac40;
    %load/vec4 v0x55ab8c7b0370_0;
    %load/vec4 v0x55ab8c7c2140_0;
    %and;
    %store/vec4 v0x55ab8ccde690_0, 0, 32;
    %load/vec4 v0x55ab8cdd3ca0_0;
    %parti/s 1, 3, 3;
    %flag_set/vec4 8;
    %jmp/0 T_23.0, 8;
    %load/vec4 v0x55ab8ccde690_0;
    %jmp/1 T_23.1, 8;
T_23.0 ; End of true expr.
    %pushi/vec4 0, 0, 32;
    %jmp/0 T_23.1, 8;
 ; End of false expr.
    %blend;
T_23.1;
    %store/vec4 v0x55ab8ce36190_0, 0, 32;
    %pushi/vec4 3, 0, 2;
    %store/vec4 v0x55ab8cdcf8a0_0, 0, 2;
    %jmp T_23;
    .thread T_23, $push;
    .scope S_0x55ab8cc807f0;
T_24 ;
    %wait E_0x55ab8c8315a0;
    %load/vec4 v0x55ab8cdd1b20_0;
    %flag_set/vec4 8;
    %jmp/0xz  T_24.0, 8;
    %pushi/vec4 3, 0, 2;
    %assign/vec4 v0x55ab8cd012b0_0, 0;
    %jmp T_24.1;
T_24.0 ;
    %load/vec4 v0x55ab8ce36190_0;
    %or/r;
    %flag_set/vec4 8;
    %jmp/0xz  T_24.2, 8;
    %load/vec4 v0x55ab8cdcf8a0_0;
    %assign/vec4 v0x55ab8cd012b0_0, 0;
T_24.2 ;
T_24.1 ;
    %jmp T_24;
    .thread T_24;
    .scope S_0x55ab8cc807f0;
T_25 ;
    %wait E_0x55ab8c8315a0;
    %load/vec4 v0x55ab8cdd1b20_0;
    %flag_set/vec4 8;
    %jmp/0xz  T_25.0, 8;
    %pushi/vec4 0, 0, 1;
    %assign/vec4 v0x55ab8c7b1090_0, 0;
    %jmp T_25.1;
T_25.0 ;
    %load/vec4 v0x55ab8c6aa890_0;
    %flag_set/vec4 9;
    %flag_get/vec4 9;
    %jmp/0 T_25.5, 9;
    %load/vec4 v0x55ab8c6d7d30_0;
    %pushi/vec4 836, 0, 12;
    %cmp/e;
    %flag_get/vec4 4;
    %and;
T_25.5;
    %flag_set/vec4 8;
    %jmp/1 T_25.4, 8;
    %load/vec4 v0x55ab8c6aa890_0;
    %flag_set/vec4 10;
    %flag_get/vec4 10;
    %jmp/0 T_25.6, 10;
    %load/vec4 v0x55ab8c6d7d30_0;
    %pushi/vec4 324, 0, 12;
    %cmp/e;
    %flag_get/vec4 4;
    %and;
T_25.6;
    %flag_set/vec4 9;
    %flag_or 8, 9;
T_25.4;
    %jmp/0xz  T_25.2, 8;
    %pushi/vec4 1, 0, 1;
    %assign/vec4 v0x55ab8c7b1090_0, 0;
    %jmp T_25.3;
T_25.2 ;
    %load/vec4 v0x55ab8c8b16f0_0;
    %cmpi/e 836, 0, 12;
    %jmp/1 T_25.10, 4;
    %flag_mov 8, 4;
    %load/vec4 v0x55ab8c8b16f0_0;
    %cmpi/e 324, 0, 12;
    %flag_or 4, 8;
T_25.10;
    %jmp/1 T_25.9, 4;
    %flag_mov 8, 4;
    %load/vec4 v0x55ab8c7b0640_0;
    %or/r;
    %flag_set/vec4 9;
    %flag_or 9, 8;
    %flag_mov 4, 9;
T_25.9;
    %jmp/0xz  T_25.7, 4;
    %pushi/vec4 0, 0, 1;
    %assign/vec4 v0x55ab8c7b1090_0, 0;
T_25.7 ;
T_25.3 ;
T_25.1 ;
    %jmp T_25;
    .thread T_25;
    .scope S_0x55ab8cc807f0;
T_26 ;
    %wait E_0x55ab8c82e950;
    %pushi/vec4 0, 0, 32;
    %store/vec4 v0x55ab8cdda4c0_0, 0, 32;
    %load/vec4 v0x55ab8c6d7d30_0;
    %dup/vec4;
    %pushi/vec4 832, 0, 12;
    %cmp/u;
    %jmp/1 T_26.0, 6;
    %dup/vec4;
    %pushi/vec4 833, 0, 12;
    %cmp/u;
    %jmp/1 T_26.1, 6;
    %dup/vec4;
    %pushi/vec4 773, 0, 12;
    %cmp/u;
    %jmp/1 T_26.2, 6;
    %dup/vec4;
    %pushi/vec4 834, 0, 12;
    %cmp/u;
    %jmp/1 T_26.3, 6;
    %dup/vec4;
    %pushi/vec4 835, 0, 12;
    %cmp/u;
    %jmp/1 T_26.4, 6;
    %dup/vec4;
    %pushi/vec4 768, 0, 12;
    %cmp/u;
    %jmp/1 T_26.5, 6;
    %dup/vec4;
    %pushi/vec4 836, 0, 12;
    %cmp/u;
    %jmp/1 T_26.6, 6;
    %dup/vec4;
    %pushi/vec4 772, 0, 12;
    %cmp/u;
    %jmp/1 T_26.7, 6;
    %dup/vec4;
    %pushi/vec4 3072, 0, 12;
    %cmp/u;
    %jmp/1 T_26.8, 6;
    %dup/vec4;
    %pushi/vec4 3073, 0, 12;
    %cmp/u;
    %jmp/1 T_26.9, 6;
    %dup/vec4;
    %pushi/vec4 3201, 0, 12;
    %cmp/u;
    %jmp/1 T_26.10, 6;
    %dup/vec4;
    %pushi/vec4 3860, 0, 12;
    %cmp/u;
    %jmp/1 T_26.11, 6;
    %dup/vec4;
    %pushi/vec4 769, 0, 12;
    %cmp/u;
    %jmp/1 T_26.12, 6;
    %dup/vec4;
    %pushi/vec4 770, 0, 12;
    %cmp/u;
    %jmp/1 T_26.13, 6;
    %dup/vec4;
    %pushi/vec4 771, 0, 12;
    %cmp/u;
    %jmp/1 T_26.14, 6;
    %dup/vec4;
    %pushi/vec4 1984, 0, 12;
    %cmp/u;
    %jmp/1 T_26.15, 6;
    %dup/vec4;
    %pushi/vec4 256, 0, 12;
    %cmp/u;
    %jmp/1 T_26.16, 6;
    %dup/vec4;
    %pushi/vec4 324, 0, 12;
    %cmp/u;
    %jmp/1 T_26.17, 6;
    %dup/vec4;
    %pushi/vec4 260, 0, 12;
    %cmp/u;
    %jmp/1 T_26.18, 6;
    %dup/vec4;
    %pushi/vec4 321, 0, 12;
    %cmp/u;
    %jmp/1 T_26.19, 6;
    %dup/vec4;
    %pushi/vec4 261, 0, 12;
    %cmp/u;
    %jmp/1 T_26.20, 6;
    %dup/vec4;
    %pushi/vec4 322, 0, 12;
    %cmp/u;
    %jmp/1 T_26.21, 6;
    %dup/vec4;
    %pushi/vec4 323, 0, 12;
    %cmp/u;
    %jmp/1 T_26.22, 6;
    %dup/vec4;
    %pushi/vec4 384, 0, 12;
    %cmp/u;
    %jmp/1 T_26.23, 6;
    %dup/vec4;
    %pushi/vec4 320, 0, 12;
    %cmp/u;
    %jmp/1 T_26.24, 6;
    %pushi/vec4 0, 0, 32;
    %store/vec4 v0x55ab8cdda4c0_0, 0, 32;
    %jmp T_26.26;
T_26.0 ;
    %load/vec4 v0x55ab8c7b0f20_0;
    %pushi/vec4 4294967295, 0, 32;
    %and;
    %store/vec4 v0x55ab8cdda4c0_0, 0, 32;
    %jmp T_26.26;
T_26.1 ;
    %load/vec4 v0x55ab8c7e7fb0_0;
    %pushi/vec4 4294967295, 0, 32;
    %and;
    %store/vec4 v0x55ab8cdda4c0_0, 0, 32;
    %jmp T_26.26;
T_26.2 ;
    %load/vec4 v0x55ab8c761f80_0;
    %pushi/vec4 4294967295, 0, 32;
    %and;
    %store/vec4 v0x55ab8cdda4c0_0, 0, 32;
    %jmp T_26.26;
T_26.3 ;
    %load/vec4 v0x55ab8c830200_0;
    %pushi/vec4 2147483663, 0, 32;
    %and;
    %store/vec4 v0x55ab8cdda4c0_0, 0, 32;
    %jmp T_26.26;
T_26.4 ;
    %load/vec4 v0x55ab8c758c10_0;
    %pushi/vec4 4294967295, 0, 32;
    %and;
    %store/vec4 v0x55ab8cdda4c0_0, 0, 32;
    %jmp T_26.26;
T_26.5 ;
    %load/vec4 v0x55ab8cdd3ca0_0;
    %pushi/vec4 4294967295, 0, 32;
    %and;
    %store/vec4 v0x55ab8cdda4c0_0, 0, 32;
    %jmp T_26.26;
T_26.6 ;
    %load/vec4 v0x55ab8c7b0370_0;
    %pushi/vec4 2730, 0, 32;
    %and;
    %store/vec4 v0x55ab8cdda4c0_0, 0, 32;
    %jmp T_26.26;
T_26.7 ;
    %load/vec4 v0x55ab8c7c2140_0;
    %pushi/vec4 2730, 0, 32;
    %and;
    %store/vec4 v0x55ab8cdda4c0_0, 0, 32;
    %jmp T_26.26;
T_26.8 ;
    %load/vec4 v0x55ab8c85bab0_0;
    %store/vec4 v0x55ab8cdda4c0_0, 0, 32;
    %jmp T_26.26;
T_26.9 ;
    %load/vec4 v0x55ab8c85bab0_0;
    %store/vec4 v0x55ab8cdda4c0_0, 0, 32;
    %jmp T_26.26;
T_26.10 ;
    %load/vec4 v0x55ab8c85b940_0;
    %store/vec4 v0x55ab8cdda4c0_0, 0, 32;
    %jmp T_26.26;
T_26.11 ;
    %load/vec4 v0x55ab8c8b19f0_0;
    %store/vec4 v0x55ab8cdda4c0_0, 0, 32;
    %jmp T_26.26;
T_26.12 ;
    %load/vec4 v0x55ab8cdd4b40_0;
    %store/vec4 v0x55ab8cdda4c0_0, 0, 32;
    %jmp T_26.26;
T_26.13 ;
    %pushi/vec4 0, 0, 32;
    %store/vec4 v0x55ab8cdda4c0_0, 0, 32;
    %jmp T_26.26;
T_26.14 ;
    %pushi/vec4 0, 0, 32;
    %store/vec4 v0x55ab8cdda4c0_0, 0, 32;
    %jmp T_26.26;
T_26.15 ;
    %load/vec4 v0x55ab8c7013e0_0;
    %store/vec4 v0x55ab8cdda4c0_0, 0, 32;
    %jmp T_26.26;
T_26.16 ;
    %pushi/vec4 0, 0, 32;
    %store/vec4 v0x55ab8cdda4c0_0, 0, 32;
    %jmp T_26.26;
T_26.17 ;
    %pushi/vec4 0, 0, 32;
    %store/vec4 v0x55ab8cdda4c0_0, 0, 32;
    %jmp T_26.26;
T_26.18 ;
    %pushi/vec4 0, 0, 32;
    %store/vec4 v0x55ab8cdda4c0_0, 0, 32;
    %jmp T_26.26;
T_26.19 ;
    %pushi/vec4 0, 0, 32;
    %store/vec4 v0x55ab8cdda4c0_0, 0, 32;
    %jmp T_26.26;
T_26.20 ;
    %pushi/vec4 0, 0, 32;
    %store/vec4 v0x55ab8cdda4c0_0, 0, 32;
    %jmp T_26.26;
T_26.21 ;
    %pushi/vec4 0, 0, 32;
    %store/vec4 v0x55ab8cdda4c0_0, 0, 32;
    %jmp T_26.26;
T_26.22 ;
    %pushi/vec4 0, 0, 32;
    %store/vec4 v0x55ab8cdda4c0_0, 0, 32;
    %jmp T_26.26;
T_26.23 ;
    %pushi/vec4 0, 0, 32;
    %store/vec4 v0x55ab8cdda4c0_0, 0, 32;
    %jmp T_26.26;
T_26.24 ;
    %pushi/vec4 0, 0, 32;
    %store/vec4 v0x55ab8cdda4c0_0, 0, 32;
    %jmp T_26.26;
T_26.26 ;
    %pop/vec4 1;
    %jmp T_26;
    .thread T_26, $push;
    .scope S_0x55ab8cc807f0;
T_27 ;
    %wait E_0x55ab8c82e910;
    %load/vec4 v0x55ab8c853220_0;
    %store/vec4 v0x55ab8c80a080_0, 0, 32;
    %load/vec4 v0x55ab8c7e7fb0_0;
    %store/vec4 v0x55ab8c807940_0, 0, 32;
    %load/vec4 v0x55ab8cdd3ca0_0;
    %store/vec4 v0x55ab8cdd9c30_0, 0, 32;
    %load/vec4 v0x55ab8c830200_0;
    %store/vec4 v0x55ab8c85a700_0, 0, 32;
    %load/vec4 v0x55ab8c758c10_0;
    %store/vec4 v0x55ab8c758a20_0, 0, 32;
    %load/vec4 v0x55ab8c761f80_0;
    %store/vec4 v0x55ab8c798b70_0, 0, 32;
    %load/vec4 v0x55ab8c7b0370_0;
    %store/vec4 v0x55ab8c7b0c40_0, 0, 32;
    %load/vec4 v0x55ab8c7c2140_0;
    %store/vec4 v0x55ab8c7c1fd0_0, 0, 32;
    %load/vec4 v0x55ab8c7b0ad0_0;
    %store/vec4 v0x55ab8c7b0db0_0, 0, 2;
    %load/vec4 v0x55ab8c7b0f20_0;
    %store/vec4 v0x55ab8c7e1070_0, 0, 32;
    %load/vec4 v0x55ab8c85bab0_0;
    %addi 1, 0, 32;
    %store/vec4 v0x55ab8c863750_0, 0, 32;
    %load/vec4 v0x55ab8c7013e0_0;
    %store/vec4 v0x55ab8c752c00_0, 0, 32;
    %load/vec4 v0x55ab8c7b0200_0;
    %store/vec4 v0x55ab8c6b8410_0, 0, 1;
    %load/vec4 v0x55ab8c8b12a0_0;
    %store/vec4 v0x55ab8c8303f0_0, 0, 32;
    %load/vec4 v0x55ab8c7c22b0_0;
    %store/vec4 v0x55ab8c7c1e60_0, 0, 32;
    %load/vec4 v0x55ab8ce06e60_0;
    %store/vec4 v0x55ab8ce03eb0_0, 0, 32;
    %load/vec4 v0x55ab8c96a0a0_0;
    %store/vec4 v0x55ab8c969da0_0, 0, 32;
    %load/vec4 v0x55ab8c6c64f0_0;
    %store/vec4 v0x55ab8ce00ed0_0, 0, 32;
    %load/vec4 v0x55ab8cd09320_0;
    %store/vec4 v0x55ab8ccb5300_0, 0, 32;
    %load/vec4 v0x55ab8c6932a0_0;
    %store/vec4 v0x55ab8c6c9260_0, 0, 32;
    %load/vec4 v0x55ab8cdd6c80_0;
    %store/vec4 v0x55ab8c67ef90_0, 0, 32;
    %load/vec4 v0x55ab8c7b0640_0;
    %pushi/vec4 48, 0, 6;
    %and;
    %cmpi/e 32, 0, 6;
    %jmp/0xz  T_27.0, 4;
    %load/vec4 v0x55ab8cd012b0_0;
    %cmpi/e 3, 0, 2;
    %jmp/0xz  T_27.2, 4;
    %load/vec4 v0x55ab8cdd9c30_0;
    %parti/s 1, 3, 3;
    %ix/load 4, 7, 0;
    %flag_set/imm 4, 0;
    %store/vec4 v0x55ab8cdd9c30_0, 4, 1;
    %load/vec4 v0x55ab8c7b0ad0_0;
    %ix/load 4, 11, 0;
    %flag_set/imm 4, 0;
    %store/vec4 v0x55ab8cdd9c30_0, 4, 2;
    %pushi/vec4 0, 0, 1;
    %ix/load 4, 3, 0;
    %flag_set/imm 4, 0;
    %store/vec4 v0x55ab8cdd9c30_0, 4, 1;
    %pushi/vec4 3, 0, 2;
    %store/vec4 v0x55ab8c7b0db0_0, 0, 2;
    %load/vec4 v0x55ab8ce36680_0;
    %store/vec4 v0x55ab8c807940_0, 0, 32;
    %pushi/vec4 0, 0, 32;
    %store/vec4 v0x55ab8c758a20_0, 0, 32;
    %load/vec4 v0x55ab8cc6bd20_0;
    %parti/s 1, 3, 3;
    %flag_set/vec4 8;
    %jmp/0xz  T_27.4, 8;
    %pushi/vec4 2147483651, 0, 32;
    %store/vec4 v0x55ab8c85a700_0, 0, 32;
    %jmp T_27.5;
T_27.4 ;
    %load/vec4 v0x55ab8cc6bd20_0;
    %parti/s 1, 7, 4;
    %flag_set/vec4 8;
    %jmp/0xz  T_27.6, 8;
    %pushi/vec4 2147483655, 0, 32;
    %store/vec4 v0x55ab8c85a700_0, 0, 32;
    %jmp T_27.7;
T_27.6 ;
    %load/vec4 v0x55ab8cc6bd20_0;
    %parti/s 1, 11, 5;
    %flag_set/vec4 8;
    %jmp/0xz  T_27.8, 8;
    %pushi/vec4 2147483659, 0, 32;
    %store/vec4 v0x55ab8c85a700_0, 0, 32;
T_27.8 ;
T_27.7 ;
T_27.5 ;
    %jmp T_27.3;
T_27.2 ;
    %load/vec4 v0x55ab8cdd9c30_0;
    %parti/s 1, 1, 2;
    %ix/load 4, 5, 0;
    %flag_set/imm 4, 0;
    %store/vec4 v0x55ab8cdd9c30_0, 4, 1;
    %load/vec4 v0x55ab8c7b0ad0_0;
    %pushi/vec4 1, 0, 2;
    %cmp/e;
    %flag_get/vec4 4;
    %ix/load 4, 8, 0;
    %flag_set/imm 4, 0;
    %store/vec4 v0x55ab8cdd9c30_0, 4, 1;
    %pushi/vec4 0, 0, 1;
    %ix/load 4, 1, 0;
    %flag_set/imm 4, 0;
    %store/vec4 v0x55ab8cdd9c30_0, 4, 1;
    %pushi/vec4 1, 0, 2;
    %store/vec4 v0x55ab8c7b0db0_0, 0, 2;
    %load/vec4 v0x55ab8ce36680_0;
    %store/vec4 v0x55ab8ce03eb0_0, 0, 32;
    %pushi/vec4 0, 0, 32;
    %store/vec4 v0x55ab8ccb5300_0, 0, 32;
    %load/vec4 v0x55ab8cc6bd20_0;
    %parti/s 1, 1, 2;
    %flag_set/vec4 8;
    %jmp/0xz  T_27.10, 8;
    %pushi/vec4 2147483649, 0, 32;
    %store/vec4 v0x55ab8ce00ed0_0, 0, 32;
    %jmp T_27.11;
T_27.10 ;
    %load/vec4 v0x55ab8cc6bd20_0;
    %parti/s 1, 5, 4;
    %flag_set/vec4 8;
    %jmp/0xz  T_27.12, 8;
    %pushi/vec4 2147483653, 0, 32;
    %store/vec4 v0x55ab8ce00ed0_0, 0, 32;
    %jmp T_27.13;
T_27.12 ;
    %load/vec4 v0x55ab8cc6bd20_0;
    %parti/s 1, 9, 5;
    %flag_set/vec4 8;
    %jmp/0xz  T_27.14, 8;
    %pushi/vec4 2147483657, 0, 32;
    %store/vec4 v0x55ab8ce00ed0_0, 0, 32;
T_27.14 ;
T_27.13 ;
T_27.11 ;
T_27.3 ;
    %jmp T_27.1;
T_27.0 ;
    %load/vec4 v0x55ab8c7b0640_0;
    %cmpi/u 48, 0, 6;
    %flag_inv 5; GE is !LT
    %flag_get/vec4 5;
    %jmp/0 T_27.18, 5;
    %load/vec4 v0x55ab8c7b0640_0;
    %cmpi/u 51, 0, 6;
    %flag_get/vec4 4;
    %flag_get/vec4 5;
    %or;
    %and;
T_27.18;
    %flag_set/vec4 8;
    %jmp/0xz  T_27.16, 8;
    %load/vec4 v0x55ab8c7b0640_0;
    %parti/s 2, 0, 2;
    %cmpi/e 3, 0, 2;
    %jmp/0xz  T_27.19, 4;
    %load/vec4 v0x55ab8cdd9c30_0;
    %parti/s 2, 11, 5;
    %store/vec4 v0x55ab8c7b0db0_0, 0, 2;
    %load/vec4 v0x55ab8cdd9c30_0;
    %parti/s 1, 7, 4;
    %ix/load 4, 3, 0;
    %flag_set/imm 4, 0;
    %store/vec4 v0x55ab8cdd9c30_0, 4, 1;
    %pushi/vec4 1, 0, 1;
    %ix/load 4, 7, 0;
    %flag_set/imm 4, 0;
    %store/vec4 v0x55ab8cdd9c30_0, 4, 1;
    %pushi/vec4 0, 0, 2;
    %ix/load 4, 11, 0;
    %flag_set/imm 4, 0;
    %store/vec4 v0x55ab8cdd9c30_0, 4, 2;
    %jmp T_27.20;
T_27.19 ;
    %load/vec4 v0x55ab8cdd9c30_0;
    %parti/s 1, 8, 5;
    %flag_set/vec4 8;
    %jmp/0 T_27.21, 8;
    %pushi/vec4 1, 0, 2;
    %jmp/1 T_27.22, 8;
T_27.21 ; End of true expr.
    %pushi/vec4 0, 0, 2;
    %jmp/0 T_27.22, 8;
 ; End of false expr.
    %blend;
T_27.22;
    %store/vec4 v0x55ab8c7b0db0_0, 0, 2;
    %load/vec4 v0x55ab8cdd9c30_0;
    %parti/s 1, 5, 4;
    %ix/load 4, 1, 0;
    %flag_set/imm 4, 0;
    %store/vec4 v0x55ab8cdd9c30_0, 4, 1;
    %pushi/vec4 1, 0, 1;
    %ix/load 4, 5, 0;
    %flag_set/imm 4, 0;
    %store/vec4 v0x55ab8cdd9c30_0, 4, 1;
    %pushi/vec4 0, 0, 1;
    %ix/load 4, 8, 0;
    %flag_set/imm 4, 0;
    %store/vec4 v0x55ab8cdd9c30_0, 4, 1;
T_27.20 ;
    %jmp T_27.17;
T_27.16 ;
    %load/vec4 v0x55ab8cdd4530_0;
    %flag_set/vec4 9;
    %flag_get/vec4 9;
    %jmp/0 T_27.25, 9;
    %load/vec4 v0x55ab8ce37370_0;
    %and;
T_27.25;
    %flag_set/vec4 8;
    %jmp/0xz  T_27.23, 8;
    %load/vec4 v0x55ab8cdd9c30_0;
    %parti/s 1, 1, 2;
    %ix/load 4, 5, 0;
    %flag_set/imm 4, 0;
    %store/vec4 v0x55ab8cdd9c30_0, 4, 1;
    %load/vec4 v0x55ab8c7b0ad0_0;
    %pushi/vec4 1, 0, 2;
    %cmp/e;
    %flag_get/vec4 4;
    %ix/load 4, 8, 0;
    %flag_set/imm 4, 0;
    %store/vec4 v0x55ab8cdd9c30_0, 4, 1;
    %pushi/vec4 0, 0, 1;
    %ix/load 4, 1, 0;
    %flag_set/imm 4, 0;
    %store/vec4 v0x55ab8cdd9c30_0, 4, 1;
    %pushi/vec4 1, 0, 2;
    %store/vec4 v0x55ab8c7b0db0_0, 0, 2;
    %load/vec4 v0x55ab8ce36680_0;
    %store/vec4 v0x55ab8ce03eb0_0, 0, 32;
    %load/vec4 v0x55ab8c7b0640_0;
    %dup/vec4;
    %pushi/vec4 16, 0, 6;
    %cmp/u;
    %jmp/1 T_27.26, 6;
    %dup/vec4;
    %pushi/vec4 17, 0, 6;
    %cmp/u;
    %jmp/1 T_27.27, 6;
    %dup/vec4;
    %pushi/vec4 28, 0, 6;
    %cmp/u;
    %jmp/1 T_27.28, 6;
    %dup/vec4;
    %pushi/vec4 18, 0, 6;
    %cmp/u;
    %jmp/1 T_27.29, 6;
    %dup/vec4;
    %pushi/vec4 20, 0, 6;
    %cmp/u;
    %jmp/1 T_27.30, 6;
    %dup/vec4;
    %pushi/vec4 21, 0, 6;
    %cmp/u;
    %jmp/1 T_27.31, 6;
    %dup/vec4;
    %pushi/vec4 22, 0, 6;
    %cmp/u;
    %jmp/1 T_27.32, 6;
    %dup/vec4;
    %pushi/vec4 23, 0, 6;
    %cmp/u;
    %jmp/1 T_27.33, 6;
    %dup/vec4;
    %pushi/vec4 29, 0, 6;
    %cmp/u;
    %jmp/1 T_27.34, 6;
    %dup/vec4;
    %pushi/vec4 31, 0, 6;
    %cmp/u;
    %jmp/1 T_27.35, 6;
    %pushi/vec4 0, 0, 32;
    %store/vec4 v0x55ab8ccb5300_0, 0, 32;
    %jmp T_27.37;
T_27.26 ;
    %load/vec4 v0x55ab8ce36680_0;
    %store/vec4 v0x55ab8ccb5300_0, 0, 32;
    %jmp T_27.37;
T_27.27 ;
    %load/vec4 v0x55ab8ce36680_0;
    %store/vec4 v0x55ab8ccb5300_0, 0, 32;
    %jmp T_27.37;
T_27.28 ;
    %load/vec4 v0x55ab8ce36680_0;
    %store/vec4 v0x55ab8ccb5300_0, 0, 32;
    %jmp T_27.37;
T_27.29 ;
    %load/vec4 v0x55ab8c7b0940_0;
    %store/vec4 v0x55ab8ccb5300_0, 0, 32;
    %jmp T_27.37;
T_27.30 ;
    %load/vec4 v0x55ab8c7b0940_0;
    %store/vec4 v0x55ab8ccb5300_0, 0, 32;
    %jmp T_27.37;
T_27.31 ;
    %load/vec4 v0x55ab8c7b0940_0;
    %store/vec4 v0x55ab8ccb5300_0, 0, 32;
    %jmp T_27.37;
T_27.32 ;
    %load/vec4 v0x55ab8c7b0940_0;
    %store/vec4 v0x55ab8ccb5300_0, 0, 32;
    %jmp T_27.37;
T_27.33 ;
    %load/vec4 v0x55ab8c7b0940_0;
    %store/vec4 v0x55ab8ccb5300_0, 0, 32;
    %jmp T_27.37;
T_27.34 ;
    %load/vec4 v0x55ab8c7b0940_0;
    %store/vec4 v0x55ab8ccb5300_0, 0, 32;
    %jmp T_27.37;
T_27.35 ;
    %load/vec4 v0x55ab8c7b0940_0;
    %store/vec4 v0x55ab8ccb5300_0, 0, 32;
    %jmp T_27.37;
T_27.37 ;
    %pop/vec4 1;
    %pushi/vec4 0, 0, 28;
    %load/vec4 v0x55ab8c7b0640_0;
    %parti/s 4, 0, 2;
    %concat/vec4; draw_concat_vec4
    %store/vec4 v0x55ab8ce00ed0_0, 0, 32;
    %jmp T_27.24;
T_27.23 ;
    %load/vec4 v0x55ab8cdd4530_0;
    %flag_set/vec4 8;
    %jmp/0xz  T_27.38, 8;
    %load/vec4 v0x55ab8cdd9c30_0;
    %parti/s 1, 3, 3;
    %ix/load 4, 7, 0;
    %flag_set/imm 4, 0;
    %store/vec4 v0x55ab8cdd9c30_0, 4, 1;
    %load/vec4 v0x55ab8c7b0ad0_0;
    %ix/load 4, 11, 0;
    %flag_set/imm 4, 0;
    %store/vec4 v0x55ab8cdd9c30_0, 4, 2;
    %pushi/vec4 0, 0, 1;
    %ix/load 4, 3, 0;
    %flag_set/imm 4, 0;
    %store/vec4 v0x55ab8cdd9c30_0, 4, 1;
    %pushi/vec4 3, 0, 2;
    %store/vec4 v0x55ab8c7b0db0_0, 0, 2;
    %load/vec4 v0x55ab8ce36680_0;
    %store/vec4 v0x55ab8c807940_0, 0, 32;
    %load/vec4 v0x55ab8c7b0640_0;
    %dup/vec4;
    %pushi/vec4 16, 0, 6;
    %cmp/u;
    %jmp/1 T_27.40, 6;
    %dup/vec4;
    %pushi/vec4 17, 0, 6;
    %cmp/u;
    %jmp/1 T_27.41, 6;
    %dup/vec4;
    %pushi/vec4 28, 0, 6;
    %cmp/u;
    %jmp/1 T_27.42, 6;
    %dup/vec4;
    %pushi/vec4 18, 0, 6;
    %cmp/u;
    %jmp/1 T_27.43, 6;
    %dup/vec4;
    %pushi/vec4 20, 0, 6;
    %cmp/u;
    %jmp/1 T_27.44, 6;
    %dup/vec4;
    %pushi/vec4 21, 0, 6;
    %cmp/u;
    %jmp/1 T_27.45, 6;
    %dup/vec4;
    %pushi/vec4 22, 0, 6;
    %cmp/u;
    %jmp/1 T_27.46, 6;
    %dup/vec4;
    %pushi/vec4 23, 0, 6;
    %cmp/u;
    %jmp/1 T_27.47, 6;
    %dup/vec4;
    %pushi/vec4 29, 0, 6;
    %cmp/u;
    %jmp/1 T_27.48, 6;
    %dup/vec4;
    %pushi/vec4 31, 0, 6;
    %cmp/u;
    %jmp/1 T_27.49, 6;
    %pushi/vec4 0, 0, 32;
    %store/vec4 v0x55ab8c758a20_0, 0, 32;
    %jmp T_27.51;
T_27.40 ;
    %load/vec4 v0x55ab8ce36680_0;
    %store/vec4 v0x55ab8c758a20_0, 0, 32;
    %jmp T_27.51;
T_27.41 ;
    %load/vec4 v0x55ab8ce36680_0;
    %store/vec4 v0x55ab8c758a20_0, 0, 32;
    %jmp T_27.51;
T_27.42 ;
    %load/vec4 v0x55ab8ce36680_0;
    %store/vec4 v0x55ab8c758a20_0, 0, 32;
    %jmp T_27.51;
T_27.43 ;
    %load/vec4 v0x55ab8c7b0940_0;
    %store/vec4 v0x55ab8c758a20_0, 0, 32;
    %jmp T_27.51;
T_27.44 ;
    %load/vec4 v0x55ab8c7b0940_0;
    %store/vec4 v0x55ab8c758a20_0, 0, 32;
    %jmp T_27.51;
T_27.45 ;
    %load/vec4 v0x55ab8c7b0940_0;
    %store/vec4 v0x55ab8c758a20_0, 0, 32;
    %jmp T_27.51;
T_27.46 ;
    %load/vec4 v0x55ab8c7b0940_0;
    %store/vec4 v0x55ab8c758a20_0, 0, 32;
    %jmp T_27.51;
T_27.47 ;
    %load/vec4 v0x55ab8c7b0940_0;
    %store/vec4 v0x55ab8c758a20_0, 0, 32;
    %jmp T_27.51;
T_27.48 ;
    %load/vec4 v0x55ab8c7b0940_0;
    %store/vec4 v0x55ab8c758a20_0, 0, 32;
    %jmp T_27.51;
T_27.49 ;
    %load/vec4 v0x55ab8c7b0940_0;
    %store/vec4 v0x55ab8c758a20_0, 0, 32;
    %jmp T_27.51;
T_27.51 ;
    %pop/vec4 1;
    %pushi/vec4 0, 0, 28;
    %load/vec4 v0x55ab8c7b0640_0;
    %parti/s 4, 0, 2;
    %concat/vec4; draw_concat_vec4
    %store/vec4 v0x55ab8c85a700_0, 0, 32;
    %jmp T_27.39;
T_27.38 ;
    %load/vec4 v0x55ab8c8b16f0_0;
    %dup/vec4;
    %pushi/vec4 832, 0, 12;
    %cmp/u;
    %jmp/1 T_27.52, 6;
    %dup/vec4;
    %pushi/vec4 833, 0, 12;
    %cmp/u;
    %jmp/1 T_27.53, 6;
    %dup/vec4;
    %pushi/vec4 773, 0, 12;
    %cmp/u;
    %jmp/1 T_27.54, 6;
    %dup/vec4;
    %pushi/vec4 834, 0, 12;
    %cmp/u;
    %jmp/1 T_27.55, 6;
    %dup/vec4;
    %pushi/vec4 835, 0, 12;
    %cmp/u;
    %jmp/1 T_27.56, 6;
    %dup/vec4;
    %pushi/vec4 768, 0, 12;
    %cmp/u;
    %jmp/1 T_27.57, 6;
    %dup/vec4;
    %pushi/vec4 836, 0, 12;
    %cmp/u;
    %jmp/1 T_27.58, 6;
    %dup/vec4;
    %pushi/vec4 772, 0, 12;
    %cmp/u;
    %jmp/1 T_27.59, 6;
    %dup/vec4;
    %pushi/vec4 770, 0, 12;
    %cmp/u;
    %jmp/1 T_27.60, 6;
    %dup/vec4;
    %pushi/vec4 771, 0, 12;
    %cmp/u;
    %jmp/1 T_27.61, 6;
    %dup/vec4;
    %pushi/vec4 1984, 0, 12;
    %cmp/u;
    %jmp/1 T_27.62, 6;
    %dup/vec4;
    %pushi/vec4 321, 0, 12;
    %cmp/u;
    %jmp/1 T_27.63, 6;
    %dup/vec4;
    %pushi/vec4 261, 0, 12;
    %cmp/u;
    %jmp/1 T_27.64, 6;
    %dup/vec4;
    %pushi/vec4 322, 0, 12;
    %cmp/u;
    %jmp/1 T_27.65, 6;
    %dup/vec4;
    %pushi/vec4 323, 0, 12;
    %cmp/u;
    %jmp/1 T_27.66, 6;
    %dup/vec4;
    %pushi/vec4 384, 0, 12;
    %cmp/u;
    %jmp/1 T_27.67, 6;
    %dup/vec4;
    %pushi/vec4 320, 0, 12;
    %cmp/u;
    %jmp/1 T_27.68, 6;
    %dup/vec4;
    %pushi/vec4 256, 0, 12;
    %cmp/u;
    %jmp/1 T_27.69, 6;
    %dup/vec4;
    %pushi/vec4 324, 0, 12;
    %cmp/u;
    %jmp/1 T_27.70, 6;
    %dup/vec4;
    %pushi/vec4 260, 0, 12;
    %cmp/u;
    %jmp/1 T_27.71, 6;
    %jmp T_27.73;
T_27.52 ;
    %load/vec4 v0x55ab8c8b13f0_0;
    %pushi/vec4 4294967295, 0, 32;
    %and;
    %store/vec4 v0x55ab8c7e1070_0, 0, 32;
    %jmp T_27.73;
T_27.53 ;
    %load/vec4 v0x55ab8c8b13f0_0;
    %pushi/vec4 4294967295, 0, 32;
    %and;
    %store/vec4 v0x55ab8c807940_0, 0, 32;
    %jmp T_27.73;
T_27.54 ;
    %load/vec4 v0x55ab8c8b13f0_0;
    %pushi/vec4 4294967295, 0, 32;
    %and;
    %store/vec4 v0x55ab8c798b70_0, 0, 32;
    %jmp T_27.73;
T_27.55 ;
    %load/vec4 v0x55ab8c8b13f0_0;
    %pushi/vec4 2147483663, 0, 32;
    %and;
    %store/vec4 v0x55ab8c85a700_0, 0, 32;
    %jmp T_27.73;
T_27.56 ;
    %load/vec4 v0x55ab8c8b13f0_0;
    %pushi/vec4 4294967295, 0, 32;
    %and;
    %store/vec4 v0x55ab8c758a20_0, 0, 32;
    %jmp T_27.73;
T_27.57 ;
    %load/vec4 v0x55ab8c8b13f0_0;
    %pushi/vec4 4294967295, 0, 32;
    %and;
    %store/vec4 v0x55ab8cdd9c30_0, 0, 32;
    %jmp T_27.73;
T_27.58 ;
    %load/vec4 v0x55ab8c8b13f0_0;
    %pushi/vec4 2730, 0, 32;
    %and;
    %store/vec4 v0x55ab8c7b0c40_0, 0, 32;
    %jmp T_27.73;
T_27.59 ;
    %load/vec4 v0x55ab8c8b13f0_0;
    %pushi/vec4 2730, 0, 32;
    %and;
    %store/vec4 v0x55ab8c7c1fd0_0, 0, 32;
    %jmp T_27.73;
T_27.60 ;
    %load/vec4 v0x55ab8c8b13f0_0;
    %pushi/vec4 65535, 0, 32;
    %and;
    %store/vec4 v0x55ab8c8303f0_0, 0, 32;
    %jmp T_27.73;
T_27.61 ;
    %load/vec4 v0x55ab8c8b13f0_0;
    %pushi/vec4 65535, 0, 32;
    %and;
    %store/vec4 v0x55ab8c7c1e60_0, 0, 32;
    %jmp T_27.73;
T_27.62 ;
    %load/vec4 v0x55ab8c8b13f0_0;
    %pushi/vec4 4294967295, 0, 32;
    %and;
    %store/vec4 v0x55ab8c752c00_0, 0, 32;
    %pushi/vec4 1, 0, 1;
    %store/vec4 v0x55ab8c6b8410_0, 0, 1;
    %jmp T_27.73;
T_27.63 ;
    %load/vec4 v0x55ab8c8b13f0_0;
    %pushi/vec4 4294967295, 0, 32;
    %and;
    %store/vec4 v0x55ab8ce03eb0_0, 0, 32;
    %jmp T_27.73;
T_27.64 ;
    %load/vec4 v0x55ab8c8b13f0_0;
    %pushi/vec4 4294967295, 0, 32;
    %and;
    %store/vec4 v0x55ab8c969da0_0, 0, 32;
    %jmp T_27.73;
T_27.65 ;
    %load/vec4 v0x55ab8c8b13f0_0;
    %pushi/vec4 2147483663, 0, 32;
    %and;
    %store/vec4 v0x55ab8ce00ed0_0, 0, 32;
    %jmp T_27.73;
T_27.66 ;
    %load/vec4 v0x55ab8c8b13f0_0;
    %pushi/vec4 4294967295, 0, 32;
    %and;
    %store/vec4 v0x55ab8ccb5300_0, 0, 32;
    %jmp T_27.73;
T_27.67 ;
    %load/vec4 v0x55ab8c8b13f0_0;
    %pushi/vec4 4294967295, 0, 32;
    %and;
    %store/vec4 v0x55ab8c6c9260_0, 0, 32;
    %jmp T_27.73;
T_27.68 ;
    %load/vec4 v0x55ab8c8b13f0_0;
    %pushi/vec4 4294967295, 0, 32;
    %and;
    %store/vec4 v0x55ab8c67ef90_0, 0, 32;
    %jmp T_27.73;
T_27.69 ;
    %load/vec4 v0x55ab8cdd9c30_0;
    %pushi/vec4 4294704844, 0, 32;
    %and;
    %load/vec4 v0x55ab8c8b13f0_0;
    %pushi/vec4 262451, 0, 32;
    %and;
    %or;
    %store/vec4 v0x55ab8cdd9c30_0, 0, 32;
    %jmp T_27.73;
T_27.70 ;
    %load/vec4 v0x55ab8c7b0c40_0;
    %pushi/vec4 4294966749, 0, 32;
    %and;
    %load/vec4 v0x55ab8c8b13f0_0;
    %pushi/vec4 546, 0, 32;
    %and;
    %or;
    %store/vec4 v0x55ab8c7b0c40_0, 0, 32;
    %jmp T_27.73;
T_27.71 ;
    %load/vec4 v0x55ab8c7c1fd0_0;
    %pushi/vec4 4294966749, 0, 32;
    %and;
    %load/vec4 v0x55ab8c8b13f0_0;
    %pushi/vec4 546, 0, 32;
    %and;
    %or;
    %store/vec4 v0x55ab8c7c1fd0_0, 0, 32;
    %jmp T_27.73;
T_27.73 ;
    %pop/vec4 1;
T_27.39 ;
T_27.24 ;
T_27.17 ;
T_27.1 ;
    %load/vec4 v0x55ab8cc6bc20_0;
    %flag_set/vec4 9;
    %flag_get/vec4 9;
    %jmp/0 T_27.76, 9;
    %load/vec4 v0x55ab8c7c22b0_0;
    %parti/s 1, 11, 5;
    %and;
T_27.76;
    %flag_set/vec4 8;
    %jmp/0xz  T_27.74, 8;
    %pushi/vec4 1, 0, 1;
    %ix/load 4, 9, 0;
    %flag_set/imm 4, 0;
    %store/vec4 v0x55ab8c80a080_0, 4, 1;
T_27.74 ;
    %load/vec4 v0x55ab8cc6bc20_0;
    %flag_set/vec4 9;
    %flag_get/vec4 9;
    %jmp/0 T_27.79, 9;
    %load/vec4 v0x55ab8c7c22b0_0;
    %parti/s 1, 11, 5;
    %inv;
    %and;
T_27.79;
    %flag_set/vec4 8;
    %jmp/0xz  T_27.77, 8;
    %pushi/vec4 1, 0, 1;
    %ix/load 4, 11, 0;
    %flag_set/imm 4, 0;
    %store/vec4 v0x55ab8c80a080_0, 4, 1;
T_27.77 ;
    %load/vec4 v0x55ab8cdfcd10_0;
    %flag_set/vec4 9;
    %flag_get/vec4 9;
    %jmp/0 T_27.82, 9;
    %load/vec4 v0x55ab8c7c22b0_0;
    %parti/s 1, 7, 4;
    %and;
T_27.82;
    %flag_set/vec4 8;
    %jmp/0xz  T_27.80, 8;
    %pushi/vec4 1, 0, 1;
    %ix/load 4, 5, 0;
    %flag_set/imm 4, 0;
    %store/vec4 v0x55ab8c80a080_0, 4, 1;
T_27.80 ;
    %load/vec4 v0x55ab8cdfcd10_0;
    %flag_set/vec4 9;
    %flag_get/vec4 9;
    %jmp/0 T_27.85, 9;
    %load/vec4 v0x55ab8c7c22b0_0;
    %parti/s 1, 7, 4;
    %inv;
    %and;
T_27.85;
    %flag_set/vec4 8;
    %jmp/0xz  T_27.83, 8;
    %pushi/vec4 1, 0, 1;
    %ix/load 4, 7, 0;
    %flag_set/imm 4, 0;
    %store/vec4 v0x55ab8c80a080_0, 4, 1;
T_27.83 ;
    %pushi/vec4 1, 0, 1;
    %flag_set/vec4 9;
    %flag_get/vec4 9;
    %jmp/0 T_27.88, 9;
    %load/vec4 v0x55ab8c85bab0_0;
    %load/vec4 v0x55ab8c7013e0_0;
    %cmp/e;
    %flag_get/vec4 4;
    %and;
T_27.88;
    %flag_set/vec4 8;
    %jmp/0xz  T_27.86, 8;
    %load/vec4 v0x55ab8c7c22b0_0;
    %parti/s 1, 7, 4;
    %flag_set/vec4 8;
    %jmp/0xz  T_27.89, 8;
    %load/vec4 v0x55ab8c7b0200_0;
    %ix/load 4, 5, 0;
    %flag_set/imm 4, 0;
    %store/vec4 v0x55ab8c80a080_0, 4, 1;
    %jmp T_27.90;
T_27.89 ;
    %load/vec4 v0x55ab8c7b0200_0;
    %ix/load 4, 7, 0;
    %flag_set/imm 4, 0;
    %store/vec4 v0x55ab8c80a080_0, 4, 1;
T_27.90 ;
    %pushi/vec4 0, 0, 1;
    %store/vec4 v0x55ab8c6b8410_0, 0, 1;
T_27.86 ;
    %load/vec4 v0x55ab8c7b0c40_0;
    %load/vec4 v0x55ab8c80a080_0;
    %or;
    %store/vec4 v0x55ab8c7b0c40_0, 0, 32;
    %jmp T_27;
    .thread T_27, $push;
    .scope S_0x55ab8cc807f0;
T_28 ;
    %wait E_0x55ab8c8315a0;
    %load/vec4 v0x55ab8cdd1b20_0;
    %flag_set/vec4 8;
    %jmp/0xz  T_28.0, 8;
    %pushi/vec4 0, 0, 32;
    %assign/vec4 v0x55ab8c7e7fb0_0, 0;
    %pushi/vec4 0, 0, 32;
    %assign/vec4 v0x55ab8cdd3ca0_0, 0;
    %pushi/vec4 0, 0, 32;
    %assign/vec4 v0x55ab8c830200_0, 0;
    %pushi/vec4 0, 0, 32;
    %assign/vec4 v0x55ab8c758c10_0, 0;
    %pushi/vec4 0, 0, 32;
    %assign/vec4 v0x55ab8c761f80_0, 0;
    %pushi/vec4 0, 0, 32;
    %assign/vec4 v0x55ab8c7b0370_0, 0;
    %pushi/vec4 0, 0, 32;
    %assign/vec4 v0x55ab8c7c2140_0, 0;
    %pushi/vec4 3, 0, 2;
    %assign/vec4 v0x55ab8c7b0ad0_0, 0;
    %pushi/vec4 0, 0, 32;
    %assign/vec4 v0x55ab8c85bab0_0, 0;
    %pushi/vec4 0, 0, 32;
    %assign/vec4 v0x55ab8c85b940_0, 0;
    %pushi/vec4 0, 0, 32;
    %assign/vec4 v0x55ab8c7b0f20_0, 0;
    %pushi/vec4 0, 0, 32;
    %assign/vec4 v0x55ab8c7013e0_0, 0;
    %pushi/vec4 0, 0, 1;
    %assign/vec4 v0x55ab8c7b0200_0, 0;
    %pushi/vec4 0, 0, 32;
    %assign/vec4 v0x55ab8c8b12a0_0, 0;
    %pushi/vec4 0, 0, 32;
    %assign/vec4 v0x55ab8c7c22b0_0, 0;
    %pushi/vec4 0, 0, 32;
    %assign/vec4 v0x55ab8ce06e60_0, 0;
    %pushi/vec4 0, 0, 32;
    %assign/vec4 v0x55ab8c96a0a0_0, 0;
    %pushi/vec4 0, 0, 32;
    %assign/vec4 v0x55ab8c6c64f0_0, 0;
    %pushi/vec4 0, 0, 32;
    %assign/vec4 v0x55ab8cd09320_0, 0;
    %pushi/vec4 0, 0, 32;
    %assign/vec4 v0x55ab8c6932a0_0, 0;
    %pushi/vec4 0, 0, 32;
    %assign/vec4 v0x55ab8cdd6c80_0, 0;
    %pushi/vec4 0, 0, 32;
    %assign/vec4 v0x55ab8c853220_0, 0;
    %jmp T_28.1;
T_28.0 ;
    %load/vec4 v0x55ab8c807940_0;
    %assign/vec4 v0x55ab8c7e7fb0_0, 0;
    %load/vec4 v0x55ab8cdd9c30_0;
    %assign/vec4 v0x55ab8cdd3ca0_0, 0;
    %load/vec4 v0x55ab8c85a700_0;
    %assign/vec4 v0x55ab8c830200_0, 0;
    %load/vec4 v0x55ab8c758a20_0;
    %assign/vec4 v0x55ab8c758c10_0, 0;
    %load/vec4 v0x55ab8c798b70_0;
    %assign/vec4 v0x55ab8c761f80_0, 0;
    %load/vec4 v0x55ab8c7b0c40_0;
    %assign/vec4 v0x55ab8c7b0370_0, 0;
    %load/vec4 v0x55ab8c7c1fd0_0;
    %assign/vec4 v0x55ab8c7c2140_0, 0;
    %pushi/vec4 3, 0, 2;
    %assign/vec4 v0x55ab8c7b0ad0_0, 0;
    %load/vec4 v0x55ab8c863750_0;
    %assign/vec4 v0x55ab8c85bab0_0, 0;
    %load/vec4 v0x55ab8c7e1070_0;
    %assign/vec4 v0x55ab8c7b0f20_0, 0;
    %load/vec4 v0x55ab8c752c00_0;
    %assign/vec4 v0x55ab8c7013e0_0, 0;
    %load/vec4 v0x55ab8c6b8410_0;
    %assign/vec4 v0x55ab8c7b0200_0, 0;
    %pushi/vec4 0, 0, 32;
    %assign/vec4 v0x55ab8c8b12a0_0, 0;
    %pushi/vec4 0, 0, 32;
    %assign/vec4 v0x55ab8c7c22b0_0, 0;
    %pushi/vec4 0, 0, 32;
    %assign/vec4 v0x55ab8ce06e60_0, 0;
    %pushi/vec4 0, 0, 32;
    %assign/vec4 v0x55ab8c96a0a0_0, 0;
    %pushi/vec4 0, 0, 32;
    %assign/vec4 v0x55ab8c6c64f0_0, 0;
    %pushi/vec4 0, 0, 32;
    %assign/vec4 v0x55ab8cd09320_0, 0;
    %pushi/vec4 0, 0, 32;
    %assign/vec4 v0x55ab8c6932a0_0, 0;
    %pushi/vec4 0, 0, 32;
    %assign/vec4 v0x55ab8cdd6c80_0, 0;
    %load/vec4 v0x55ab8c905070_0;
    %flag_set/vec4 8;
    %jmp/0 T_28.2, 8;
    %load/vec4 v0x55ab8c80a080_0;
    %jmp/1 T_28.3, 8;
T_28.2 ; End of true expr.
    %pushi/vec4 0, 0, 32;
    %jmp/0 T_28.3, 8;
 ; End of false expr.
    %blend;
T_28.3;
    %assign/vec4 v0x55ab8c853220_0, 0;
    %load/vec4 v0x55ab8c85bab0_0;
    %cmpi/e 4294967295, 0, 32;
    %jmp/0xz  T_28.4, 4;
    %load/vec4 v0x55ab8c85b940_0;
    %addi 1, 0, 32;
    %assign/vec4 v0x55ab8c85b940_0, 0;
T_28.4 ;
    %load/vec4 v0x55ab8c8b16f0_0;
    %cmpi/e 1970, 0, 12;
    %jmp/1 T_28.9, 4;
    %flag_mov 9, 4;
    %load/vec4 v0x55ab8c8b16f0_0;
    %cmpi/e 2226, 0, 12;
    %flag_or 4, 9;
T_28.9;
    %flag_get/vec4 4;
    %jmp/0 T_28.8, 4;
    %load/vec4 v0x55ab8c7b0640_0;
    %or/r;
    %inv;
    %and;
T_28.8;
    %flag_set/vec4 8;
    %jmp/0xz  T_28.6, 8;
    %load/vec4 v0x55ab8c8b13f0_0;
    %pushi/vec4 4278190080, 0, 32;
    %and;
    %dup/vec4;
    %pushi/vec4 0, 0, 32;
    %cmp/u;
    %jmp/1 T_28.10, 6;
    %dup/vec4;
    %pushi/vec4 16777216, 0, 32;
    %cmp/u;
    %jmp/1 T_28.11, 6;
    %jmp T_28.12;
T_28.10 ;
    %vpi_call 7 551 "$finish" {0 0 0};
    %vpi_call 7 552 "$finish" {0 0 0};
    %jmp T_28.12;
T_28.11 ;
    %vpi_call 7 556 "$write", "%c", &PV<v0x55ab8c8b13f0_0, 0, 8> {0 0 0};
    %jmp T_28.12;
T_28.12 ;
    %pop/vec4 1;
T_28.6 ;
T_28.1 ;
    %jmp T_28;
    .thread T_28;
    .scope S_0x55ab8cc807f0;
T_29 ;
    %wait E_0x55ab8c666780;
    %pushi/vec4 0, 0, 1;
    %store/vec4 v0x55ab8c8b1cd0_0, 0, 1;
    %pushi/vec4 0, 0, 32;
    %store/vec4 v0x55ab8c9008e0_0, 0, 32;
    %load/vec4 v0x55ab8c7b0640_0;
    %cmpi/e 32, 0, 6;
    %jmp/0xz  T_29.0, 4;
    %pushi/vec4 1, 0, 1;
    %store/vec4 v0x55ab8c8b1cd0_0, 0, 1;
    %load/vec4 v0x55ab8cd012b0_0;
    %cmpi/e 3, 0, 2;
    %flag_mov 8, 4;
    %jmp/0 T_29.2, 8;
    %load/vec4 v0x55ab8c761f80_0;
    %jmp/1 T_29.3, 8;
T_29.2 ; End of true expr.
    %load/vec4 v0x55ab8c96a0a0_0;
    %jmp/0 T_29.3, 8;
 ; End of false expr.
    %blend;
T_29.3;
    %store/vec4 v0x55ab8c9008e0_0, 0, 32;
    %jmp T_29.1;
T_29.0 ;
    %load/vec4 v0x55ab8c7b0640_0;
    %cmpi/u 48, 0, 6;
    %flag_inv 5; GE is !LT
    %flag_get/vec4 5;
    %jmp/0 T_29.6, 5;
    %load/vec4 v0x55ab8c7b0640_0;
    %cmpi/u 51, 0, 6;
    %flag_get/vec4 4;
    %flag_get/vec4 5;
    %or;
    %and;
T_29.6;
    %flag_set/vec4 8;
    %jmp/0xz  T_29.4, 8;
    %load/vec4 v0x55ab8c7b0640_0;
    %parti/s 2, 0, 2;
    %cmpi/e 3, 0, 2;
    %jmp/0xz  T_29.7, 4;
    %pushi/vec4 1, 0, 1;
    %store/vec4 v0x55ab8c8b1cd0_0, 0, 1;
    %load/vec4 v0x55ab8c7e7fb0_0;
    %store/vec4 v0x55ab8c9008e0_0, 0, 32;
    %jmp T_29.8;
T_29.7 ;
    %pushi/vec4 1, 0, 1;
    %store/vec4 v0x55ab8c8b1cd0_0, 0, 1;
    %load/vec4 v0x55ab8ce06e60_0;
    %store/vec4 v0x55ab8c9008e0_0, 0, 32;
T_29.8 ;
    %jmp T_29.5;
T_29.4 ;
    %load/vec4 v0x55ab8cdd4530_0;
    %flag_set/vec4 9;
    %flag_get/vec4 9;
    %jmp/0 T_29.11, 9;
    %load/vec4 v0x55ab8ce37370_0;
    %and;
T_29.11;
    %flag_set/vec4 8;
    %jmp/0xz  T_29.9, 8;
    %pushi/vec4 1, 0, 1;
    %store/vec4 v0x55ab8c8b1cd0_0, 0, 1;
    %load/vec4 v0x55ab8c96a0a0_0;
    %store/vec4 v0x55ab8c9008e0_0, 0, 32;
    %jmp T_29.10;
T_29.9 ;
    %load/vec4 v0x55ab8cdd4530_0;
    %flag_set/vec4 8;
    %jmp/0xz  T_29.12, 8;
    %pushi/vec4 1, 0, 1;
    %store/vec4 v0x55ab8c8b1cd0_0, 0, 1;
    %load/vec4 v0x55ab8c761f80_0;
    %store/vec4 v0x55ab8c9008e0_0, 0, 32;
    %jmp T_29.13;
T_29.12 ;
    %load/vec4 v0x55ab8c7b0640_0;
    %cmpi/e 52, 0, 6;
    %jmp/0xz  T_29.14, 4;
    %pushi/vec4 1, 0, 1;
    %store/vec4 v0x55ab8c8b1cd0_0, 0, 1;
    %load/vec4 v0x55ab8ce36680_0;
    %addi 4, 0, 32;
    %store/vec4 v0x55ab8c9008e0_0, 0, 32;
T_29.14 ;
T_29.13 ;
T_29.10 ;
T_29.5 ;
T_29.1 ;
    %jmp T_29;
    .thread T_29, $push;
    .scope S_0x55ab8cc7be60;
T_30 ;
    %wait E_0x55ab8c67aa90;
    %load/vec4 v0x55ab8cdb9c80_0;
    %load/vec4 v0x55ab8cdba120_0;
    %or;
    %load/vec4 v0x55ab8cdb9700_0;
    %or;
    %load/vec4 v0x55ab8cdb9bc0_0;
    %or;
    %store/vec4 v0x55ab8cd87010_0, 0, 1;
    %load/vec4 v0x55ab8cdb9c80_0;
    %load/vec4 v0x55ab8cdba5e0_0;
    %or;
    %load/vec4 v0x55ab8cdb9700_0;
    %or;
    %load/vec4 v0x55ab8cdba080_0;
    %or;
    %store/vec4 v0x55ab8cd80030_0, 0, 1;
    %load/vec4 v0x55ab8cdb51a0_0;
    %parti/s 2, 28, 6;
    %store/vec4 v0x55ab8cd5c590_0, 0, 2;
    %load/vec4 v0x55ab8cdb51a0_0;
    %parti/s 2, 30, 6;
    %pushi/vec4 3, 0, 2;
    %cmp/e;
    %flag_get/vec4 4;
    %store/vec4 v0x55ab8cd31ae0_0, 0, 1;
    %load/vec4 v0x55ab8cd349c0_0;
    %pushi/vec4 0, 0, 5;
    %cmp/ne;
    %flag_get/vec4 4;
    %load/vec4 v0x55ab8cdb9c80_0;
    %or;
    %load/vec4 v0x55ab8cdb9700_0;
    %or;
    %store/vec4 v0x55ab8cdbb8e0_0, 0, 1;
    %load/vec4 v0x55ab8cdb9700_0;
    %load/vec4 v0x55ab8cdb9bc0_0;
    %or;
    %load/vec4 v0x55ab8cdba080_0;
    %or;
    %flag_set/vec4 8;
    %jmp/0 T_30.0, 8;
    %pushi/vec4 0, 0, 27;
    %load/vec4 v0x55ab8cd349c0_0;
    %concat/vec4; draw_concat_vec4
    %jmp/1 T_30.1, 8;
T_30.0 ; End of true expr.
    %load/vec4 v0x55ab8cd34a80_0;
    %jmp/0 T_30.1, 8;
 ; End of false expr.
    %blend;
T_30.1;
    %store/vec4 v0x55ab8cdb9360_0, 0, 32;
    %pushi/vec4 0, 0, 1;
    %store/vec4 v0x55ab8cd5c4f0_0, 0, 1;
    %jmp T_30;
    .thread T_30, $push;
    .scope S_0x55ab8cc7be60;
T_31 ;
    %wait E_0x55ab8c8315a0;
    %load/vec4 v0x55ab8cd31740_0;
    %flag_set/vec4 8;
    %jmp/0xz  T_31.0, 8;
    %pushi/vec4 0, 0, 1;
    %assign/vec4 v0x55ab8cd8de80_0, 0;
    %pushi/vec4 0, 0, 32;
    %assign/vec4 v0x55ab8cd8ddc0_0, 0;
    %pushi/vec4 0, 0, 32;
    %assign/vec4 v0x55ab8cdbb840_0, 0;
    %pushi/vec4 0, 0, 6;
    %assign/vec4 v0x55ab8cd354c0_0, 0;
    %jmp T_31.1;
T_31.0 ;
    %load/vec4 v0x55ab8cd345f0_0;
    %flag_set/vec4 8;
    %jmp/0xz  T_31.2, 8;
    %load/vec4 v0x55ab8cd87010_0;
    %flag_set/vec4 8;
    %jmp/1 T_31.5, 8;
    %load/vec4 v0x55ab8cd80030_0;
    %flag_set/vec4 9;
    %flag_or 8, 9;
T_31.5;
    %flag_get/vec4 8;
    %jmp/0 T_31.4, 8;
    %load/vec4 v0x55ab8cd5c4f0_0;
    %inv;
    %and;
T_31.4;
    %assign/vec4 v0x55ab8cd8de80_0, 0;
    %load/vec4 v0x55ab8cdb5440_0;
    %flag_set/vec4 8;
    %jmp/1 T_31.9, 8;
    %load/vec4 v0x55ab8cd5c4f0_0;
    %flag_set/vec4 9;
    %flag_or 8, 9;
T_31.9;
    %jmp/1 T_31.8, 8;
    %load/vec4 v0x55ab8cdb8f60_0;
    %flag_set/vec4 9;
    %flag_or 8, 9;
T_31.8;
    %jmp/0xz  T_31.6, 8;
    %load/vec4 v0x55ab8cdb51a0_0;
    %assign/vec4 v0x55ab8cd8ddc0_0, 0;
    %jmp T_31.7;
T_31.6 ;
    %load/vec4 v0x55ab8cd31e60_0;
    %assign/vec4 v0x55ab8cd8ddc0_0, 0;
T_31.7 ;
    %load/vec4 v0x55ab8cdb51a0_0;
    %pushi/vec4 4294967295, 0, 32;
    %and;
    %cmpi/e 115, 0, 32;
    %jmp/0xz  T_31.10, 4;
    %pushi/vec4 24, 0, 6;
    %pushi/vec4 0, 0, 4;
    %load/vec4 v0x55ab8cdb97c0_0;
    %concat/vec4; draw_concat_vec4
    %add;
    %assign/vec4 v0x55ab8cd354c0_0, 0;
    %jmp T_31.11;
T_31.10 ;
    %load/vec4 v0x55ab8cdb8f60_0;
    %flag_set/vec4 8;
    %jmp/0xz  T_31.12, 8;
    %pushi/vec4 18, 0, 6;
    %assign/vec4 v0x55ab8cd354c0_0, 0;
    %jmp T_31.13;
T_31.12 ;
    %load/vec4 v0x55ab8cdb51a0_0;
    %pushi/vec4 3489660927, 0, 32;
    %and;
    %cmpi/e 2097267, 0, 32;
    %jmp/0xz  T_31.14, 4;
    %pushi/vec4 48, 0, 6;
    %pushi/vec4 0, 0, 4;
    %load/vec4 v0x55ab8cdb89e0_0;
    %concat/vec4; draw_concat_vec4
    %add;
    %assign/vec4 v0x55ab8cd354c0_0, 0;
    %jmp T_31.15;
T_31.14 ;
    %load/vec4 v0x55ab8cdb51a0_0;
    %pushi/vec4 4294967295, 0, 32;
    %and;
    %cmpi/e 1048691, 0, 32;
    %jmp/0xz  T_31.16, 4;
    %pushi/vec4 19, 0, 6;
    %assign/vec4 v0x55ab8cd354c0_0, 0;
    %jmp T_31.17;
T_31.16 ;
    %load/vec4 v0x55ab8cdb5440_0;
    %flag_set/vec4 8;
    %jmp/1 T_31.20, 8;
    %load/vec4 v0x55ab8cd5c4f0_0;
    %flag_set/vec4 9;
    %flag_or 8, 9;
T_31.20;
    %jmp/0xz  T_31.18, 8;
    %pushi/vec4 18, 0, 6;
    %assign/vec4 v0x55ab8cd354c0_0, 0;
    %jmp T_31.19;
T_31.18 ;
    %load/vec4 v0x55ab8cd86f70_0;
    %flag_set/vec4 8;
    %jmp/1 T_31.24, 8;
    %load/vec4 v0x55ab8cdb8120_0;
    %flag_set/vec4 9;
    %flag_or 8, 9;
T_31.24;
    %jmp/1 T_31.23, 8;
    %load/vec4 v0x55ab8cd86660_0;
    %flag_set/vec4 9;
    %flag_or 8, 9;
T_31.23;
    %jmp/0xz  T_31.21, 8;
    %pushi/vec4 52, 0, 6;
    %assign/vec4 v0x55ab8cd354c0_0, 0;
    %jmp T_31.22;
T_31.21 ;
    %pushi/vec4 0, 0, 6;
    %assign/vec4 v0x55ab8cd354c0_0, 0;
T_31.22 ;
T_31.19 ;
T_31.17 ;
T_31.15 ;
T_31.13 ;
T_31.11 ;
    %load/vec4 v0x55ab8cd87010_0;
    %flag_set/vec4 9;
    %flag_get/vec4 9;
    %jmp/0 T_31.27, 9;
    %load/vec4 v0x55ab8cd80030_0;
    %and;
T_31.27;
    %flag_set/vec4 8;
    %jmp/0xz  T_31.25, 8;
    %load/vec4 v0x55ab8cdb9360_0;
    %assign/vec4 v0x55ab8cdbb840_0, 0;
    %jmp T_31.26;
T_31.25 ;
    %load/vec4 v0x55ab8cd87010_0;
    %flag_set/vec4 8;
    %jmp/0xz  T_31.28, 8;
    %load/vec4 v0x55ab8cd31e60_0;
    %load/vec4 v0x55ab8cdb9360_0;
    %or;
    %assign/vec4 v0x55ab8cdbb840_0, 0;
    %jmp T_31.29;
T_31.28 ;
    %load/vec4 v0x55ab8cd80030_0;
    %flag_set/vec4 8;
    %jmp/0xz  T_31.30, 8;
    %load/vec4 v0x55ab8cd31e60_0;
    %load/vec4 v0x55ab8cdb9360_0;
    %inv;
    %and;
    %assign/vec4 v0x55ab8cdbb840_0, 0;
T_31.30 ;
T_31.29 ;
T_31.26 ;
    %jmp T_31.3;
T_31.2 ;
    %pushi/vec4 0, 0, 1;
    %assign/vec4 v0x55ab8cd8de80_0, 0;
    %pushi/vec4 0, 0, 32;
    %assign/vec4 v0x55ab8cd8ddc0_0, 0;
    %pushi/vec4 0, 0, 32;
    %assign/vec4 v0x55ab8cdbb840_0, 0;
    %pushi/vec4 0, 0, 6;
    %assign/vec4 v0x55ab8cd354c0_0, 0;
T_31.3 ;
T_31.1 ;
    %jmp T_31;
    .thread T_31;
    .scope S_0x55ab8cc7be60;
T_32 ;
    %wait E_0x55ab8c8315a0;
    %load/vec4 v0x55ab8cd31740_0;
    %flag_set/vec4 8;
    %jmp/0xz  T_32.0, 8;
    %pushi/vec4 0, 0, 1;
    %assign/vec4 v0x55ab8cd81c20_0, 0;
    %jmp T_32.1;
T_32.0 ;
    %load/vec4 v0x55ab8cdb77a0_0;
    %or/r;
    %load/vec4 v0x55ab8cdb76e0_0;
    %inv;
    %and;
    %assign/vec4 v0x55ab8cd81c20_0, 0;
T_32.1 ;
    %jmp T_32;
    .thread T_32;
    .scope S_0x55ab8cc7be60;
T_33 ;
    %wait E_0x55ab8c8315a0;
    %load/vec4 v0x55ab8cd31740_0;
    %flag_set/vec4 8;
    %jmp/0xz  T_33.0, 8;
    %pushi/vec4 0, 0, 1;
    %assign/vec4 v0x55ab8cd32820_0, 0;
    %jmp T_33.1;
T_33.0 ;
    %load/vec4 v0x55ab8cd86f70_0;
    %flag_set/vec4 8;
    %flag_get/vec4 8;
    %jmp/1 T_33.2, 8;
    %load/vec4 v0x55ab8cd86660_0;
    %or;
T_33.2;
    %assign/vec4 v0x55ab8cd32820_0, 0;
T_33.1 ;
    %jmp T_33;
    .thread T_33;
    .scope S_0x55ab8cc7be60;
T_34 ;
    %wait E_0x55ab8c8315a0;
    %load/vec4 v0x55ab8cd31740_0;
    %flag_set/vec4 8;
    %jmp/0xz  T_34.0, 8;
    %pushi/vec4 0, 0, 1;
    %assign/vec4 v0x55ab8cdb8060_0, 0;
    %jmp T_34.1;
T_34.0 ;
    %load/vec4 v0x55ab8cdb8120_0;
    %assign/vec4 v0x55ab8cdb8060_0, 0;
T_34.1 ;
    %jmp T_34;
    .thread T_34;
    .scope S_0x55ab8cc7be60;
T_35 ;
    %wait E_0x55ab8c8315a0;
    %load/vec4 v0x55ab8cd31740_0;
    %flag_set/vec4 8;
    %jmp/0xz  T_35.0, 8;
    %pushi/vec4 0, 0, 3;
    %assign/vec4 v0x55ab8cdb7ba0_0, 0;
    %jmp T_35.1;
T_35.0 ;
    %load/vec4 v0x55ab8cdb7ba0_0;
    %cmpi/e 0, 0, 3;
    %jmp/0xz  T_35.2, 4;
    %pushi/vec4 1, 0, 3;
    %assign/vec4 v0x55ab8cdb7ba0_0, 0;
    %jmp T_35.3;
T_35.2 ;
    %load/vec4 v0x55ab8cdb7ba0_0;
    %cmpi/u 1, 0, 3;
    %flag_or 5, 4;
    %jmp/0xz  T_35.4, 5;
    %pushi/vec4 2, 0, 3;
    %assign/vec4 v0x55ab8cdb7ba0_0, 0;
T_35.4 ;
T_35.3 ;
T_35.1 ;
    %jmp T_35;
    .thread T_35;
    .scope S_0x55ab8cc7be60;
T_36 ;
    %wait E_0x55ab8c8315a0;
    %load/vec4 v0x55ab8cd31740_0;
    %flag_set/vec4 8;
    %jmp/0xz  T_36.0, 8;
    %pushi/vec4 0, 0, 32;
    %assign/vec4 v0x55ab8cc83190_0, 0;
    %pushi/vec4 0, 0, 1;
    %assign/vec4 v0x55ab8ccac330_0, 0;
    %jmp T_36.1;
T_36.0 ;
    %load/vec4 v0x55ab8cd32360_0;
    %assign/vec4 v0x55ab8ccac330_0, 0;
    %load/vec4 v0x55ab8cdbbca0_0;
    %assign/vec4 v0x55ab8cc83190_0, 0;
T_36.1 ;
    %jmp T_36;
    .thread T_36;
    .scope S_0x55ab8cefee10;
T_37 ;
    %wait E_0x55ab8ceff320;
    %load/vec4 v0x55ab8cf00c90_0;
    %pushi/vec4 4261441663, 0, 32;
    %and;
    %cmpi/e 33562675, 0, 32;
    %jmp/0xz  T_37.0, 4;
    %load/vec4 v0x55ab8cf01110_0;
    %parti/s 1, 31, 6;
    %load/vec4 v0x55ab8cf01110_0;
    %concat/vec4; draw_concat_vec4
    %store/vec4 v0x55ab8cf015c0_0, 0, 33;
    %jmp T_37.1;
T_37.0 ;
    %load/vec4 v0x55ab8cf00c90_0;
    %pushi/vec4 4261441663, 0, 32;
    %and;
    %cmpi/e 33558579, 0, 32;
    %jmp/0xz  T_37.2, 4;
    %load/vec4 v0x55ab8cf01110_0;
    %parti/s 1, 31, 6;
    %load/vec4 v0x55ab8cf01110_0;
    %concat/vec4; draw_concat_vec4
    %store/vec4 v0x55ab8cf015c0_0, 0, 33;
    %jmp T_37.3;
T_37.2 ;
    %pushi/vec4 0, 0, 1;
    %load/vec4 v0x55ab8cf01110_0;
    %concat/vec4; draw_concat_vec4
    %store/vec4 v0x55ab8cf015c0_0, 0, 33;
T_37.3 ;
T_37.1 ;
    %jmp T_37;
    .thread T_37, $push;
    .scope S_0x55ab8cefee10;
T_38 ;
    %wait E_0x55ab8ceff2c0;
    %load/vec4 v0x55ab8cf00c90_0;
    %pushi/vec4 4261441663, 0, 32;
    %and;
    %cmpi/e 33562675, 0, 32;
    %jmp/0xz  T_38.0, 4;
    %pushi/vec4 0, 0, 1;
    %load/vec4 v0x55ab8cf012b0_0;
    %concat/vec4; draw_concat_vec4
    %store/vec4 v0x55ab8cf01780_0, 0, 33;
    %jmp T_38.1;
T_38.0 ;
    %load/vec4 v0x55ab8cf00c90_0;
    %pushi/vec4 4261441663, 0, 32;
    %and;
    %cmpi/e 33558579, 0, 32;
    %jmp/0xz  T_38.2, 4;
    %load/vec4 v0x55ab8cf012b0_0;
    %parti/s 1, 31, 6;
    %load/vec4 v0x55ab8cf012b0_0;
    %concat/vec4; draw_concat_vec4
    %store/vec4 v0x55ab8cf01780_0, 0, 33;
    %jmp T_38.3;
T_38.2 ;
    %pushi/vec4 0, 0, 1;
    %load/vec4 v0x55ab8cf012b0_0;
    %concat/vec4; draw_concat_vec4
    %store/vec4 v0x55ab8cf01780_0, 0, 33;
T_38.3 ;
T_38.1 ;
    %jmp T_38;
    .thread T_38, $push;
    .scope S_0x55ab8cefee10;
T_39 ;
    %wait E_0x55ab8c8315a0;
    %load/vec4 v0x55ab8cf01b00_0;
    %flag_set/vec4 8;
    %jmp/0xz  T_39.0, 8;
    %pushi/vec4 0, 0, 33;
    %assign/vec4 v0x55ab8cf01520_0, 0;
    %pushi/vec4 0, 0, 33;
    %assign/vec4 v0x55ab8cf016a0_0, 0;
    %pushi/vec4 0, 0, 1;
    %assign/vec4 v0x55ab8cf00980_0, 0;
    %jmp T_39.1;
T_39.0 ;
    %load/vec4 v0x55ab8cf008e0_0;
    %flag_set/vec4 8;
    %jmp/0xz  T_39.2, 8;
    %jmp T_39.3;
T_39.2 ;
    %load/vec4 v0x55ab8cf01450_0;
    %flag_set/vec4 9;
    %flag_get/vec4 9;
    %jmp/0 T_39.6, 9;
    %load/vec4 v0x55ab8cf00a20_0;
    %and;
T_39.6;
    %flag_set/vec4 8;
    %jmp/0xz  T_39.4, 8;
    %load/vec4 v0x55ab8cf015c0_0;
    %assign/vec4 v0x55ab8cf01520_0, 0;
    %load/vec4 v0x55ab8cf01780_0;
    %assign/vec4 v0x55ab8cf016a0_0, 0;
    %load/vec4 v0x55ab8cf00c90_0;
    %pushi/vec4 4261441663, 0, 32;
    %and;
    %pushi/vec4 33554483, 0, 32;
    %cmp/e;
    %flag_get/vec4 4;
    %inv;
    %assign/vec4 v0x55ab8cf00980_0, 0;
    %jmp T_39.5;
T_39.4 ;
    %pushi/vec4 0, 0, 33;
    %assign/vec4 v0x55ab8cf01520_0, 0;
    %pushi/vec4 0, 0, 33;
    %assign/vec4 v0x55ab8cf016a0_0, 0;
    %pushi/vec4 0, 0, 1;
    %assign/vec4 v0x55ab8cf00980_0, 0;
T_39.5 ;
T_39.3 ;
T_39.1 ;
    %jmp T_39;
    .thread T_39;
    .scope S_0x55ab8cefee10;
T_40 ;
    %wait E_0x55ab8ceff240;
    %load/vec4 v0x55ab8cf00980_0;
    %flag_set/vec4 8;
    %jmp/0 T_40.0, 8;
    %load/vec4 v0x55ab8cf00ae0_0;
    %parti/s 32, 32, 7;
    %jmp/1 T_40.1, 8;
T_40.0 ; End of true expr.
    %load/vec4 v0x55ab8cf00ae0_0;
    %parti/s 32, 0, 2;
    %jmp/0 T_40.1, 8;
 ; End of false expr.
    %blend;
T_40.1;
    %store/vec4 v0x55ab8cf01a20_0, 0, 32;
    %jmp T_40;
    .thread T_40, $push;
    .scope S_0x55ab8cefee10;
T_41 ;
    %wait E_0x55ab8c8315a0;
    %load/vec4 v0x55ab8cf01b00_0;
    %flag_set/vec4 8;
    %jmp/0xz  T_41.0, 8;
    %pushi/vec4 0, 0, 32;
    %assign/vec4 v0x55ab8cf01860_0, 0;
    %jmp T_41.1;
T_41.0 ;
    %load/vec4 v0x55ab8cf008e0_0;
    %inv;
    %flag_set/vec4 8;
    %jmp/0xz  T_41.2, 8;
    %load/vec4 v0x55ab8cf01a20_0;
    %assign/vec4 v0x55ab8cf01860_0, 0;
T_41.2 ;
T_41.1 ;
    %jmp T_41;
    .thread T_41;
    .scope S_0x55ab8cefee10;
T_42 ;
    %wait E_0x55ab8c8315a0;
    %load/vec4 v0x55ab8cf01b00_0;
    %flag_set/vec4 8;
    %jmp/0xz  T_42.0, 8;
    %pushi/vec4 0, 0, 32;
    %assign/vec4 v0x55ab8cf01940_0, 0;
    %jmp T_42.1;
T_42.0 ;
    %load/vec4 v0x55ab8cf008e0_0;
    %inv;
    %flag_set/vec4 8;
    %jmp/0xz  T_42.2, 8;
    %load/vec4 v0x55ab8cf01860_0;
    %assign/vec4 v0x55ab8cf01940_0, 0;
T_42.2 ;
T_42.1 ;
    %jmp T_42;
    .thread T_42;
    .scope S_0x55ab8ccacf00;
T_43 ;
    %wait E_0x55ab8c8315a0;
    %load/vec4 v0x55ab8ce29030_0;
    %flag_set/vec4 8;
    %jmp/0xz  T_43.0, 8;
    %pushi/vec4 0, 0, 1;
    %assign/vec4 v0x55ab8cab9d80_0, 0;
    %pushi/vec4 0, 0, 32;
    %assign/vec4 v0x55ab8ce07f20_0, 0;
    %pushi/vec4 0, 0, 63;
    %assign/vec4 v0x55ab8cdfc8b0_0, 0;
    %pushi/vec4 0, 0, 1;
    %assign/vec4 v0x55ab8ce07580_0, 0;
    %pushi/vec4 0, 0, 32;
    %assign/vec4 v0x55ab8ca493e0_0, 0;
    %pushi/vec4 0, 0, 32;
    %assign/vec4 v0x55ab8ca4a050_0, 0;
    %pushi/vec4 0, 0, 1;
    %assign/vec4 v0x55ab8cab9900_0, 0;
    %pushi/vec4 0, 0, 32;
    %assign/vec4 v0x55ab8ce04510_0, 0;
    %pushi/vec4 0, 0, 32;
    %assign/vec4 v0x55ab8cde80c0_0, 0;
    %pushi/vec4 0, 0, 1;
    %assign/vec4 v0x55ab8cddab50_0, 0;
    %pushi/vec4 0, 0, 1;
    %assign/vec4 v0x55ab8cddac10_0, 0;
    %pushi/vec4 0, 0, 1;
    %assign/vec4 v0x55ab8cdd4300_0, 0;
    %pushi/vec4 0, 0, 1;
    %assign/vec4 v0x55ab8cdd43c0_0, 0;
    %jmp T_43.1;
T_43.0 ;
    %load/vec4 v0x55ab8ce07e60_0;
    %flag_set/vec4 8;
    %jmp/0xz  T_43.2, 8;
    %load/vec4 v0x55ab8ce04510_0;
    %load/vec4 v0x55ab8cccf220_0;
    %cmp/e;
    %flag_get/vec4 4;
    %jmp/0 T_43.10, 4;
    %load/vec4 v0x55ab8cde80c0_0;
    %load/vec4 v0x55ab8cd07160_0;
    %cmp/e;
    %flag_get/vec4 4;
    %and;
T_43.10;
    %flag_set/vec4 12;
    %flag_get/vec4 12;
    %jmp/0 T_43.9, 12;
    %load/vec4 v0x55ab8cddab50_0;
    %load/vec4 v0x55ab8cdfc970_0;
    %cmp/e;
    %flag_get/vec4 4;
    %and;
T_43.9;
    %flag_set/vec4 11;
    %flag_get/vec4 11;
    %jmp/0 T_43.8, 11;
    %load/vec4 v0x55ab8cddac10_0;
    %load/vec4 v0x55ab8ce01530_0;
    %cmp/e;
    %flag_get/vec4 4;
    %and;
T_43.8;
    %flag_set/vec4 10;
    %flag_get/vec4 10;
    %jmp/0 T_43.7, 10;
    %load/vec4 v0x55ab8cdd4300_0;
    %load/vec4 v0x55ab8ce015f0_0;
    %cmp/e;
    %flag_get/vec4 4;
    %and;
T_43.7;
    %flag_set/vec4 9;
    %flag_get/vec4 9;
    %jmp/0 T_43.6, 9;
    %load/vec4 v0x55ab8cdd43c0_0;
    %load/vec4 v0x55ab8ce074c0_0;
    %cmp/e;
    %flag_get/vec4 4;
    %and;
T_43.6;
    %flag_set/vec4 8;
    %jmp/0xz  T_43.4, 8;
    %pushi/vec4 1, 0, 1;
    %assign/vec4 v0x55ab8cab9d80_0, 0;
    %jmp T_43.5;
T_43.4 ;
    %load/vec4 v0x55ab8cccf220_0;
    %assign/vec4 v0x55ab8ce04510_0, 0;
    %load/vec4 v0x55ab8cd07160_0;
    %assign/vec4 v0x55ab8cde80c0_0, 0;
    %load/vec4 v0x55ab8cdfc970_0;
    %assign/vec4 v0x55ab8cddab50_0, 0;
    %load/vec4 v0x55ab8ce01530_0;
    %assign/vec4 v0x55ab8cddac10_0, 0;
    %load/vec4 v0x55ab8ce015f0_0;
    %assign/vec4 v0x55ab8cdd4300_0, 0;
    %load/vec4 v0x55ab8ce074c0_0;
    %assign/vec4 v0x55ab8cdd43c0_0, 0;
    %pushi/vec4 1, 0, 1;
    %assign/vec4 v0x55ab8cab9d80_0, 0;
    %load/vec4 v0x55ab8cab9410_0;
    %assign/vec4 v0x55ab8cab9900_0, 0;
    %load/vec4 v0x55ab8ce28da0_0;
    %flag_set/vec4 9;
    %flag_get/vec4 9;
    %jmp/0 T_43.13, 9;
    %load/vec4 v0x55ab8cccf220_0;
    %parti/s 1, 31, 6;
    %and;
T_43.13;
    %flag_set/vec4 8;
    %jmp/0xz  T_43.11, 8;
    %load/vec4 v0x55ab8cccf220_0;
    %inv;
    %pushi/vec4 1, 0, 32;
    %add;
    %assign/vec4 v0x55ab8ce07f20_0, 0;
    %jmp T_43.12;
T_43.11 ;
    %load/vec4 v0x55ab8cccf220_0;
    %assign/vec4 v0x55ab8ce07f20_0, 0;
T_43.12 ;
    %load/vec4 v0x55ab8ce28da0_0;
    %flag_set/vec4 9;
    %flag_get/vec4 9;
    %jmp/0 T_43.16, 9;
    %load/vec4 v0x55ab8cd07160_0;
    %parti/s 1, 31, 6;
    %and;
T_43.16;
    %flag_set/vec4 8;
    %jmp/0xz  T_43.14, 8;
    %load/vec4 v0x55ab8cd07160_0;
    %inv;
    %pushi/vec4 1, 0, 32;
    %add;
    %concati/vec4 0, 0, 31;
    %assign/vec4 v0x55ab8cdfc8b0_0, 0;
    %jmp T_43.15;
T_43.14 ;
    %load/vec4 v0x55ab8cd07160_0;
    %concati/vec4 0, 0, 31;
    %assign/vec4 v0x55ab8cdfc8b0_0, 0;
T_43.15 ;
    %load/vec4 v0x55ab8cdda350_0;
    %pushi/vec4 4261441663, 0, 32;
    %and;
    %cmpi/e 33570867, 0, 32;
    %flag_get/vec4 4;
    %jmp/0 T_43.19, 4;
    %load/vec4 v0x55ab8cccf220_0;
    %parti/s 1, 31, 6;
    %load/vec4 v0x55ab8cd07160_0;
    %parti/s 1, 31, 6;
    %cmp/ne;
    %flag_get/vec4 4;
    %and;
T_43.19;
    %flag_set/vec4 9;
    %flag_get/vec4 9;
    %jmp/0 T_43.18, 9;
    %load/vec4 v0x55ab8cd07160_0;
    %or/r;
    %and;
T_43.18;
    %flag_set/vec4 8;
    %flag_get/vec4 8;
    %jmp/1 T_43.17, 8;
    %load/vec4 v0x55ab8cdda350_0;
    %pushi/vec4 4261441663, 0, 32;
    %and;
    %cmpi/e 33579059, 0, 32;
    %flag_get/vec4 4;
    %jmp/0 T_43.20, 4;
    %load/vec4 v0x55ab8cccf220_0;
    %parti/s 1, 31, 6;
    %and;
T_43.20;
    %or;
T_43.17;
    %assign/vec4 v0x55ab8ce07580_0, 0;
    %pushi/vec4 0, 0, 32;
    %assign/vec4 v0x55ab8ca493e0_0, 0;
    %pushi/vec4 2147483648, 0, 32;
    %assign/vec4 v0x55ab8ca4a050_0, 0;
T_43.5 ;
    %jmp T_43.3;
T_43.2 ;
    %load/vec4 v0x55ab8cab9840_0;
    %flag_set/vec4 8;
    %jmp/0xz  T_43.21, 8;
    %pushi/vec4 0, 0, 1;
    %assign/vec4 v0x55ab8cab9d80_0, 0;
    %jmp T_43.22;
T_43.21 ;
    %load/vec4 v0x55ab8cab9d80_0;
    %flag_set/vec4 8;
    %jmp/0xz  T_43.23, 8;
    %load/vec4 v0x55ab8cdfc8b0_0;
    %pushi/vec4 0, 0, 31;
    %load/vec4 v0x55ab8ce07f20_0;
    %concat/vec4; draw_concat_vec4
    %cmp/u;
    %flag_or 5, 4;
    %jmp/0xz  T_43.25, 5;
    %load/vec4 v0x55ab8ce07f20_0;
    %load/vec4 v0x55ab8cdfc8b0_0;
    %parti/s 32, 0, 2;
    %sub;
    %assign/vec4 v0x55ab8ce07f20_0, 0;
    %load/vec4 v0x55ab8ca493e0_0;
    %load/vec4 v0x55ab8ca4a050_0;
    %or;
    %assign/vec4 v0x55ab8ca493e0_0, 0;
T_43.25 ;
    %pushi/vec4 0, 0, 1;
    %load/vec4 v0x55ab8cdfc8b0_0;
    %parti/s 62, 1, 2;
    %concat/vec4; draw_concat_vec4
    %assign/vec4 v0x55ab8cdfc8b0_0, 0;
    %pushi/vec4 0, 0, 1;
    %load/vec4 v0x55ab8ca4a050_0;
    %parti/s 31, 1, 2;
    %concat/vec4; draw_concat_vec4
    %assign/vec4 v0x55ab8ca4a050_0, 0;
T_43.23 ;
T_43.22 ;
T_43.3 ;
T_43.1 ;
    %jmp T_43;
    .thread T_43;
    .scope S_0x55ab8ccacf00;
T_44 ;
    %wait E_0x55ab8cd7f8a0;
    %pushi/vec4 0, 0, 32;
    %store/vec4 v0x55ab8ce15520_0, 0, 32;
    %load/vec4 v0x55ab8cab9900_0;
    %flag_set/vec4 8;
    %jmp/0xz  T_44.0, 8;
    %load/vec4 v0x55ab8ce07580_0;
    %flag_set/vec4 8;
    %jmp/0 T_44.2, 8;
    %load/vec4 v0x55ab8ca493e0_0;
    %inv;
    %pushi/vec4 1, 0, 32;
    %add;
    %jmp/1 T_44.3, 8;
T_44.2 ; End of true expr.
    %load/vec4 v0x55ab8ca493e0_0;
    %jmp/0 T_44.3, 8;
 ; End of false expr.
    %blend;
T_44.3;
    %store/vec4 v0x55ab8ce15520_0, 0, 32;
    %jmp T_44.1;
T_44.0 ;
    %load/vec4 v0x55ab8ce07580_0;
    %flag_set/vec4 8;
    %jmp/0 T_44.4, 8;
    %load/vec4 v0x55ab8ce07f20_0;
    %inv;
    %pushi/vec4 1, 0, 32;
    %add;
    %jmp/1 T_44.5, 8;
T_44.4 ; End of true expr.
    %load/vec4 v0x55ab8ce07f20_0;
    %jmp/0 T_44.5, 8;
 ; End of false expr.
    %blend;
T_44.5;
    %store/vec4 v0x55ab8ce15520_0, 0, 32;
T_44.1 ;
    %jmp T_44;
    .thread T_44, $push;
    .scope S_0x55ab8ccacf00;
T_45 ;
    %wait E_0x55ab8c8315a0;
    %load/vec4 v0x55ab8ce29030_0;
    %flag_set/vec4 8;
    %jmp/0xz  T_45.0, 8;
    %pushi/vec4 0, 0, 1;
    %assign/vec4 v0x55ab8ce28e60_0, 0;
    %jmp T_45.1;
T_45.0 ;
    %load/vec4 v0x55ab8cab9840_0;
    %assign/vec4 v0x55ab8ce28e60_0, 0;
T_45.1 ;
    %jmp T_45;
    .thread T_45;
    .scope S_0x55ab8ccacf00;
T_46 ;
    %wait E_0x55ab8c8315a0;
    %load/vec4 v0x55ab8ce29030_0;
    %flag_set/vec4 8;
    %jmp/0xz  T_46.0, 8;
    %pushi/vec4 0, 0, 32;
    %assign/vec4 v0x55ab8cc7b4a0_0, 0;
    %jmp T_46.1;
T_46.0 ;
    %load/vec4 v0x55ab8cab9840_0;
    %flag_set/vec4 8;
    %jmp/0xz  T_46.2, 8;
    %load/vec4 v0x55ab8ce15520_0;
    %assign/vec4 v0x55ab8cc7b4a0_0, 0;
T_46.2 ;
T_46.1 ;
    %jmp T_46;
    .thread T_46;
    .scope S_0x55ab8cec2810;
T_47 ;
    %wait E_0x55ab8c8315a0;
    %load/vec4 v0x55ab8cec92c0_0;
    %flag_set/vec4 8;
    %jmp/0xz  T_47.0, 8;
    %pushi/vec4 0, 0, 1;
    %assign/vec4 v0x55ab8ceca150_0, 0;
    %pushi/vec4 0, 0, 10;
    %assign/vec4 v0x55ab8cec5520_0, 0;
    %pushi/vec4 0, 0, 32;
    %assign/vec4 v0x55ab8cec8840_0, 0;
    %pushi/vec4 0, 0, 32;
    %assign/vec4 v0x55ab8cec77a0_0, 0;
    %pushi/vec4 0, 0, 32;
    %assign/vec4 v0x55ab8cec7b20_0, 0;
    %pushi/vec4 0, 0, 32;
    %assign/vec4 v0x55ab8cec7f80_0, 0;
    %pushi/vec4 0, 0, 32;
    %assign/vec4 v0x55ab8cec83e0_0, 0;
    %pushi/vec4 0, 0, 6;
    %assign/vec4 v0x55ab8cec5a00_0, 0;
    %jmp T_47.1;
T_47.0 ;
    %load/vec4 v0x55ab8cec6f00_0;
    %flag_set/vec4 8;
    %jmp/0xz  T_47.2, 8;
    %jmp T_47.3;
T_47.2 ;
    %load/vec4 v0x55ab8cec6fc0_0;
    %flag_set/vec4 10;
    %flag_get/vec4 10;
    %jmp/0 T_47.7, 10;
    %load/vec4 v0x55ab8cec5e60_0;
    %and;
T_47.7;
    %flag_set/vec4 9;
    %flag_get/vec4 9;
    %jmp/0 T_47.6, 9;
    %load/vec4 v0x55ab8cec9420_0;
    %flag_set/vec4 9;
    %flag_get/vec4 9;
    %jmp/1 T_47.8, 9;
    %load/vec4 v0x55ab8cec9360_0;
    %or;
T_47.8;
    %inv;
    %and;
T_47.6;
    %flag_set/vec4 8;
    %jmp/0xz  T_47.4, 8;
    %pushi/vec4 1, 0, 1;
    %assign/vec4 v0x55ab8ceca150_0, 0;
    %load/vec4 v0x55ab8cec67a0_0;
    %load/vec4 v0x55ab8cec6560_0;
    %or;
    %load/vec4 v0x55ab8cec6600_0;
    %or;
    %load/vec4 v0x55ab8cec6860_0;
    %or;
    %inv;
    %ix/load 4, 0, 0;
    %ix/load 5, 0, 0;
    %flag_set/imm 4, 0;
    %assign/vec4/off/d v0x55ab8cec5520_0, 4, 5;
    %load/vec4 v0x55ab8cec67a0_0;
    %load/vec4 v0x55ab8cec6e40_0;
    %and;
    %load/vec4 v0x55ab8ceca0b0_0;
    %inv;
    %and;
    %ix/load 4, 1, 0;
    %ix/load 5, 0, 0;
    %flag_set/imm 4, 0;
    %assign/vec4/off/d v0x55ab8cec5520_0, 4, 5;
    %load/vec4 v0x55ab8cec67a0_0;
    %load/vec4 v0x55ab8cec6e40_0;
    %inv;
    %and;
    %load/vec4 v0x55ab8ceca0b0_0;
    %inv;
    %and;
    %ix/load 4, 2, 0;
    %ix/load 5, 0, 0;
    %flag_set/imm 4, 0;
    %assign/vec4/off/d v0x55ab8cec5520_0, 4, 5;
    %load/vec4 v0x55ab8cec6560_0;
    %load/vec4 v0x55ab8ceca0b0_0;
    %inv;
    %and;
    %ix/load 4, 3, 0;
    %ix/load 5, 0, 0;
    %flag_set/imm 4, 0;
    %assign/vec4/off/d v0x55ab8cec5520_0, 4, 5;
    %load/vec4 v0x55ab8cec6600_0;
    %load/vec4 v0x55ab8ceca0b0_0;
    %inv;
    %and;
    %ix/load 4, 4, 0;
    %ix/load 5, 0, 0;
    %flag_set/imm 4, 0;
    %assign/vec4/off/d v0x55ab8cec5520_0, 4, 5;
    %load/vec4 v0x55ab8cec6860_0;
    %load/vec4 v0x55ab8ceca0b0_0;
    %inv;
    %and;
    %ix/load 4, 5, 0;
    %ix/load 5, 0, 0;
    %flag_set/imm 4, 0;
    %assign/vec4/off/d v0x55ab8cec5520_0, 4, 5;
    %load/vec4 v0x55ab8cec6330_0;
    %load/vec4 v0x55ab8ceca0b0_0;
    %inv;
    %and;
    %ix/load 4, 6, 0;
    %ix/load 5, 0, 0;
    %flag_set/imm 4, 0;
    %assign/vec4/off/d v0x55ab8cec5520_0, 4, 5;
    %load/vec4 v0x55ab8cec6e40_0;
    %load/vec4 v0x55ab8ceca0b0_0;
    %inv;
    %and;
    %ix/load 4, 7, 0;
    %ix/load 5, 0, 0;
    %flag_set/imm 4, 0;
    %assign/vec4/off/d v0x55ab8cec5520_0, 4, 5;
    %load/vec4 v0x55ab8ceca0b0_0;
    %ix/load 4, 8, 0;
    %ix/load 5, 0, 0;
    %flag_set/imm 4, 0;
    %assign/vec4/off/d v0x55ab8cec5520_0, 4, 5;
    %pushi/vec4 1, 0, 1;
    %ix/load 4, 9, 0;
    %ix/load 5, 0, 0;
    %flag_set/imm 4, 0;
    %assign/vec4/off/d v0x55ab8cec5520_0, 4, 5;
    %load/vec4 v0x55ab8cec6c50_0;
    %assign/vec4 v0x55ab8cec8840_0, 0;
    %load/vec4 v0x55ab8cec63f0_0;
    %flag_set/vec4 8;
    %jmp/0 T_47.9, 8;
    %load/vec4 v0x55ab8cec6490_0;
    %jmp/1 T_47.10, 8;
T_47.9 ; End of true expr.
    %load/vec4 v0x55ab8cec6c50_0;
    %addi 4, 0, 32;
    %jmp/0 T_47.10, 8;
 ; End of false expr.
    %blend;
T_47.10;
    %assign/vec4 v0x55ab8cec77a0_0, 0;
    %load/vec4 v0x55ab8cec6920_0;
    %assign/vec4 v0x55ab8cec7b20_0, 0;
    %load/vec4 v0x55ab8cec6a30_0;
    %assign/vec4 v0x55ab8cec7f80_0, 0;
    %load/vec4 v0x55ab8cec6b40_0;
    %assign/vec4 v0x55ab8cec83e0_0, 0;
    %load/vec4 v0x55ab8cec66c0_0;
    %or/r;
    %flag_set/vec4 8;
    %jmp/0 T_47.11, 8;
    %load/vec4 v0x55ab8cec66c0_0;
    %jmp/1 T_47.12, 8;
T_47.11 ; End of true expr.
    %load/vec4 v0x55ab8cec4a70_0;
    %flag_set/vec4 9;
    %jmp/0 T_47.13, 9;
    %pushi/vec4 16, 0, 6;
    %jmp/1 T_47.14, 9;
T_47.13 ; End of true expr.
    %pushi/vec4 0, 0, 6;
    %jmp/0 T_47.14, 9;
 ; End of false expr.
    %blend;
T_47.14;
    %jmp/0 T_47.12, 8;
 ; End of false expr.
    %blend;
T_47.12;
    %assign/vec4 v0x55ab8cec5a00_0, 0;
    %jmp T_47.5;
T_47.4 ;
    %pushi/vec4 0, 0, 1;
    %assign/vec4 v0x55ab8ceca150_0, 0;
    %pushi/vec4 0, 0, 10;
    %assign/vec4 v0x55ab8cec5520_0, 0;
    %pushi/vec4 0, 0, 32;
    %assign/vec4 v0x55ab8cec8840_0, 0;
    %pushi/vec4 0, 0, 32;
    %assign/vec4 v0x55ab8cec77a0_0, 0;
    %pushi/vec4 0, 0, 32;
    %assign/vec4 v0x55ab8cec7b20_0, 0;
    %pushi/vec4 0, 0, 32;
    %assign/vec4 v0x55ab8cec7f80_0, 0;
    %pushi/vec4 0, 0, 32;
    %assign/vec4 v0x55ab8cec83e0_0, 0;
    %pushi/vec4 0, 0, 6;
    %assign/vec4 v0x55ab8cec5a00_0, 0;
T_47.5 ;
T_47.3 ;
T_47.1 ;
    %jmp T_47;
    .thread T_47;
    .scope S_0x55ab8cec2810;
T_48 ;
    %wait E_0x55ab8c8315a0;
    %load/vec4 v0x55ab8cec92c0_0;
    %flag_set/vec4 8;
    %jmp/0xz  T_48.0, 8;
    %pushi/vec4 0, 0, 1;
    %assign/vec4 v0x55ab8ceca1f0_0, 0;
    %pushi/vec4 0, 0, 10;
    %assign/vec4 v0x55ab8cec55e0_0, 0;
    %pushi/vec4 0, 0, 1;
    %assign/vec4 v0x55ab8cec52d0_0, 0;
    %pushi/vec4 0, 0, 32;
    %assign/vec4 v0x55ab8cec50b0_0, 0;
    %pushi/vec4 0, 0, 32;
    %assign/vec4 v0x55ab8cec8920_0, 0;
    %pushi/vec4 0, 0, 32;
    %assign/vec4 v0x55ab8cec7880_0, 0;
    %pushi/vec4 0, 0, 32;
    %assign/vec4 v0x55ab8cec7c00_0, 0;
    %pushi/vec4 0, 0, 32;
    %assign/vec4 v0x55ab8cec8060_0, 0;
    %pushi/vec4 0, 0, 32;
    %assign/vec4 v0x55ab8cec84c0_0, 0;
    %pushi/vec4 0, 0, 32;
    %assign/vec4 v0x55ab8cec8f40_0, 0;
    %pushi/vec4 0, 0, 6;
    %assign/vec4 v0x55ab8cec5ae0_0, 0;
    %jmp T_48.1;
T_48.0 ;
    %load/vec4 v0x55ab8cec6f00_0;
    %flag_set/vec4 8;
    %jmp/0xz  T_48.2, 8;
    %jmp T_48.3;
T_48.2 ;
    %load/vec4 v0x55ab8cec9420_0;
    %flag_set/vec4 8;
    %jmp/1 T_48.6, 8;
    %load/vec4 v0x55ab8cec9360_0;
    %flag_set/vec4 9;
    %flag_or 8, 9;
T_48.6;
    %jmp/0xz  T_48.4, 8;
    %pushi/vec4 0, 0, 1;
    %assign/vec4 v0x55ab8ceca1f0_0, 0;
    %pushi/vec4 0, 0, 10;
    %assign/vec4 v0x55ab8cec55e0_0, 0;
    %pushi/vec4 0, 0, 1;
    %assign/vec4 v0x55ab8cec52d0_0, 0;
    %pushi/vec4 0, 0, 32;
    %assign/vec4 v0x55ab8cec50b0_0, 0;
    %pushi/vec4 0, 0, 32;
    %assign/vec4 v0x55ab8cec8920_0, 0;
    %pushi/vec4 0, 0, 32;
    %assign/vec4 v0x55ab8cec7880_0, 0;
    %pushi/vec4 0, 0, 32;
    %assign/vec4 v0x55ab8cec7c00_0, 0;
    %pushi/vec4 0, 0, 32;
    %assign/vec4 v0x55ab8cec8060_0, 0;
    %pushi/vec4 0, 0, 32;
    %assign/vec4 v0x55ab8cec84c0_0, 0;
    %pushi/vec4 0, 0, 32;
    %assign/vec4 v0x55ab8cec8f40_0, 0;
    %pushi/vec4 0, 0, 6;
    %assign/vec4 v0x55ab8cec5ae0_0, 0;
    %jmp T_48.5;
T_48.4 ;
    %load/vec4 v0x55ab8ceca150_0;
    %assign/vec4 v0x55ab8ceca1f0_0, 0;
    %load/vec4 v0x55ab8cec5520_0;
    %assign/vec4 v0x55ab8cec55e0_0, 0;
    %load/vec4 v0x55ab8cec4ed0_0;
    %assign/vec4 v0x55ab8cec52d0_0, 0;
    %load/vec4 v0x55ab8cec4e30_0;
    %assign/vec4 v0x55ab8cec50b0_0, 0;
    %load/vec4 v0x55ab8cec8840_0;
    %assign/vec4 v0x55ab8cec8920_0, 0;
    %load/vec4 v0x55ab8cec77a0_0;
    %assign/vec4 v0x55ab8cec7880_0, 0;
    %load/vec4 v0x55ab8cec7b20_0;
    %assign/vec4 v0x55ab8cec7c00_0, 0;
    %load/vec4 v0x55ab8cec7f80_0;
    %assign/vec4 v0x55ab8cec8060_0, 0;
    %load/vec4 v0x55ab8cec83e0_0;
    %assign/vec4 v0x55ab8cec84c0_0, 0;
    %load/vec4 v0x55ab8cec5520_0;
    %parti/s 1, 8, 5;
    %flag_set/vec4 8;
    %jmp/0xz  T_48.7, 8;
    %pushi/vec4 32, 0, 6;
    %assign/vec4 v0x55ab8cec5ae0_0, 0;
    %jmp T_48.8;
T_48.7 ;
    %load/vec4 v0x55ab8cec5a00_0;
    %or/r;
    %flag_set/vec4 8;
    %jmp/0xz  T_48.9, 8;
    %pushi/vec4 0, 0, 1;
    %assign/vec4 v0x55ab8ceca1f0_0, 0;
    %load/vec4 v0x55ab8cec5a00_0;
    %assign/vec4 v0x55ab8cec5ae0_0, 0;
    %jmp T_48.10;
T_48.9 ;
    %load/vec4 v0x55ab8cec4cf0_0;
    %assign/vec4 v0x55ab8cec5ae0_0, 0;
T_48.10 ;
T_48.8 ;
    %load/vec4 v0x55ab8cec5520_0;
    %parti/s 1, 4, 4;
    %flag_set/vec4 8;
    %jmp/0xz  T_48.11, 8;
    %load/vec4 v0x55ab8cec5910_0;
    %assign/vec4 v0x55ab8cec8f40_0, 0;
    %jmp T_48.12;
T_48.11 ;
    %load/vec4 v0x55ab8cec5520_0;
    %parti/s 1, 3, 3;
    %flag_set/vec4 8;
    %jmp/0xz  T_48.13, 8;
    %load/vec4 v0x55ab8cec4d90_0;
    %assign/vec4 v0x55ab8cec8f40_0, 0;
    %jmp T_48.14;
T_48.13 ;
    %load/vec4 v0x55ab8cec4930_0;
    %assign/vec4 v0x55ab8cec8f40_0, 0;
T_48.14 ;
T_48.12 ;
T_48.5 ;
T_48.3 ;
T_48.1 ;
    %jmp T_48;
    .thread T_48;
    .scope S_0x55ab8cec2810;
T_49 ;
    %wait E_0x55ab8cd28ab0;
    %load/vec4 v0x55ab8cec8f40_0;
    %store/vec4 v0x55ab8cec9020_0, 0, 32;
    %pushi/vec4 1, 0, 1;
    %flag_set/vec4 10;
    %flag_get/vec4 10;
    %jmp/0 T_49.3, 10;
    %load/vec4 v0x55ab8ceca2b0_0;
    %and;
T_49.3;
    %flag_set/vec4 9;
    %flag_get/vec4 9;
    %jmp/0 T_49.2, 9;
    %load/vec4 v0x55ab8cec55e0_0;
    %parti/s 1, 1, 2;
    %flag_set/vec4 9;
    %flag_get/vec4 9;
    %jmp/1 T_49.4, 9;
    %load/vec4 v0x55ab8cec55e0_0;
    %parti/s 1, 2, 3;
    %or;
T_49.4;
    %and;
T_49.2;
    %flag_set/vec4 8;
    %jmp/0xz  T_49.0, 8;
    %load/vec4 v0x55ab8cec7460_0;
    %store/vec4 v0x55ab8cec9020_0, 0, 32;
    %jmp T_49.1;
T_49.0 ;
    %pushi/vec4 1, 0, 1;
    %flag_set/vec4 10;
    %flag_get/vec4 10;
    %jmp/0 T_49.8, 10;
    %load/vec4 v0x55ab8ceca2b0_0;
    %and;
T_49.8;
    %flag_set/vec4 9;
    %flag_get/vec4 9;
    %jmp/0 T_49.7, 9;
    %load/vec4 v0x55ab8cec55e0_0;
    %parti/s 1, 5, 4;
    %and;
T_49.7;
    %flag_set/vec4 8;
    %jmp/0xz  T_49.5, 8;
    %load/vec4 v0x55ab8cec76c0_0;
    %store/vec4 v0x55ab8cec9020_0, 0, 32;
T_49.5 ;
T_49.1 ;
    %jmp T_49;
    .thread T_49, $push;
    .scope S_0x55ab8cec2810;
T_50 ;
    %wait E_0x55ab8cd28a70;
    %load/vec4 v0x55ab8ceca1f0_0;
    %flag_set/vec4 10;
    %flag_get/vec4 10;
    %jmp/0 T_50.3, 10;
    %load/vec4 v0x55ab8cec55e0_0;
    %parti/s 1, 1, 2;
    %flag_set/vec4 10;
    %flag_get/vec4 10;
    %jmp/1 T_50.4, 10;
    %load/vec4 v0x55ab8cec55e0_0;
    %parti/s 1, 2, 3;
    %or;
T_50.4;
    %and;
T_50.3;
    %flag_set/vec4 9;
    %flag_get/vec4 9;
    %jmp/0 T_50.2, 9;
    %load/vec4 v0x55ab8cec72c0_0;
    %and;
T_50.2;
    %flag_set/vec4 8;
    %jmp/0xz  T_50.0, 8;
    %load/vec4 v0x55ab8cec7380_0;
    %store/vec4 v0x55ab8cec5bc0_0, 0, 6;
    %jmp T_50.1;
T_50.0 ;
    %load/vec4 v0x55ab8cec5ae0_0;
    %store/vec4 v0x55ab8cec5bc0_0, 0, 6;
T_50.1 ;
    %jmp T_50;
    .thread T_50, $push;
    .scope S_0x55ab8cec2810;
T_51 ;
    %wait E_0x55ab8c8315a0;
    %load/vec4 v0x55ab8cec92c0_0;
    %flag_set/vec4 8;
    %jmp/0xz  T_51.0, 8;
    %pushi/vec4 0, 0, 1;
    %assign/vec4 v0x55ab8cec94e0_0, 0;
    %jmp T_51.1;
T_51.0 ;
    %load/vec4 v0x55ab8cec6f00_0;
    %inv;
    %flag_set/vec4 8;
    %jmp/0xz  T_51.2, 8;
    %load/vec4 v0x55ab8cec95a0_0;
    %assign/vec4 v0x55ab8cec94e0_0, 0;
T_51.2 ;
T_51.1 ;
    %jmp T_51;
    .thread T_51;
    .scope S_0x55ab8cec2810;
T_52 ;
    %wait E_0x55ab8c8315a0;
    %load/vec4 v0x55ab8cec92c0_0;
    %flag_set/vec4 8;
    %jmp/0xz  T_52.0, 8;
    %pushi/vec4 0, 0, 1;
    %assign/vec4 v0x55ab8ceca430_0, 0;
    %pushi/vec4 0, 0, 10;
    %assign/vec4 v0x55ab8cec56c0_0, 0;
    %pushi/vec4 0, 0, 1;
    %assign/vec4 v0x55ab8cec5390_0, 0;
    %pushi/vec4 0, 0, 32;
    %assign/vec4 v0x55ab8cec51f0_0, 0;
    %pushi/vec4 0, 0, 32;
    %assign/vec4 v0x55ab8cec8ae0_0, 0;
    %pushi/vec4 0, 0, 32;
    %assign/vec4 v0x55ab8cec7960_0, 0;
    %pushi/vec4 0, 0, 32;
    %assign/vec4 v0x55ab8cec7dc0_0, 0;
    %pushi/vec4 0, 0, 32;
    %assign/vec4 v0x55ab8cec8220_0, 0;
    %pushi/vec4 0, 0, 32;
    %assign/vec4 v0x55ab8cec8680_0, 0;
    %pushi/vec4 0, 0, 32;
    %assign/vec4 v0x55ab8cec91e0_0, 0;
    %pushi/vec4 0, 0, 6;
    %assign/vec4 v0x55ab8cec5d80_0, 0;
    %jmp T_52.1;
T_52.0 ;
    %load/vec4 v0x55ab8cec6f00_0;
    %flag_set/vec4 8;
    %jmp/0xz  T_52.2, 8;
    %jmp T_52.3;
T_52.2 ;
    %load/vec4 v0x55ab8cec9660_0;
    %flag_set/vec4 8;
    %jmp/0xz  T_52.4, 8;
    %pushi/vec4 0, 0, 1;
    %assign/vec4 v0x55ab8ceca430_0, 0;
    %pushi/vec4 0, 0, 10;
    %assign/vec4 v0x55ab8cec56c0_0, 0;
    %pushi/vec4 0, 0, 1;
    %assign/vec4 v0x55ab8cec5390_0, 0;
    %pushi/vec4 0, 0, 32;
    %assign/vec4 v0x55ab8cec51f0_0, 0;
    %pushi/vec4 0, 0, 32;
    %assign/vec4 v0x55ab8cec8ae0_0, 0;
    %pushi/vec4 0, 0, 32;
    %assign/vec4 v0x55ab8cec7960_0, 0;
    %pushi/vec4 0, 0, 32;
    %assign/vec4 v0x55ab8cec7dc0_0, 0;
    %pushi/vec4 0, 0, 32;
    %assign/vec4 v0x55ab8cec8220_0, 0;
    %pushi/vec4 0, 0, 32;
    %assign/vec4 v0x55ab8cec8680_0, 0;
    %pushi/vec4 0, 0, 32;
    %assign/vec4 v0x55ab8cec91e0_0, 0;
    %pushi/vec4 0, 0, 6;
    %assign/vec4 v0x55ab8cec5d80_0, 0;
    %jmp T_52.5;
T_52.4 ;
    %load/vec4 v0x55ab8cec5bc0_0;
    %dup/vec4;
    %pushi/vec4 20, 0, 6;
    %cmp/u;
    %jmp/1 T_52.6, 6;
    %dup/vec4;
    %pushi/vec4 21, 0, 6;
    %cmp/u;
    %jmp/1 T_52.7, 6;
    %dup/vec4;
    %pushi/vec4 22, 0, 6;
    %cmp/u;
    %jmp/1 T_52.8, 6;
    %dup/vec4;
    %pushi/vec4 23, 0, 6;
    %cmp/u;
    %jmp/1 T_52.9, 6;
    %dup/vec4;
    %pushi/vec4 29, 0, 6;
    %cmp/u;
    %jmp/1 T_52.10, 6;
    %dup/vec4;
    %pushi/vec4 31, 0, 6;
    %cmp/u;
    %jmp/1 T_52.11, 6;
    %load/vec4 v0x55ab8ceca1f0_0;
    %assign/vec4 v0x55ab8ceca430_0, 0;
    %jmp T_52.13;
T_52.6 ;
    %pushi/vec4 0, 0, 1;
    %assign/vec4 v0x55ab8ceca430_0, 0;
    %jmp T_52.13;
T_52.7 ;
    %pushi/vec4 0, 0, 1;
    %assign/vec4 v0x55ab8ceca430_0, 0;
    %jmp T_52.13;
T_52.8 ;
    %pushi/vec4 0, 0, 1;
    %assign/vec4 v0x55ab8ceca430_0, 0;
    %jmp T_52.13;
T_52.9 ;
    %pushi/vec4 0, 0, 1;
    %assign/vec4 v0x55ab8ceca430_0, 0;
    %jmp T_52.13;
T_52.10 ;
    %pushi/vec4 0, 0, 1;
    %assign/vec4 v0x55ab8ceca430_0, 0;
    %jmp T_52.13;
T_52.11 ;
    %pushi/vec4 0, 0, 1;
    %assign/vec4 v0x55ab8ceca430_0, 0;
    %jmp T_52.13;
T_52.13 ;
    %pop/vec4 1;
    %load/vec4 v0x55ab8cec52d0_0;
    %assign/vec4 v0x55ab8cec5390_0, 0;
    %load/vec4 v0x55ab8cec50b0_0;
    %assign/vec4 v0x55ab8cec51f0_0, 0;
    %load/vec4 v0x55ab8cec5bc0_0;
    %or/r;
    %flag_set/vec4 8;
    %jmp/0xz  T_52.14, 8;
    %load/vec4 v0x55ab8cec55e0_0;
    %pushi/vec4 895, 0, 10;
    %and;
    %assign/vec4 v0x55ab8cec56c0_0, 0;
    %jmp T_52.15;
T_52.14 ;
    %load/vec4 v0x55ab8cec55e0_0;
    %assign/vec4 v0x55ab8cec56c0_0, 0;
T_52.15 ;
    %load/vec4 v0x55ab8cec8920_0;
    %assign/vec4 v0x55ab8cec8ae0_0, 0;
    %load/vec4 v0x55ab8cec7880_0;
    %assign/vec4 v0x55ab8cec7960_0, 0;
    %load/vec4 v0x55ab8cec7c00_0;
    %assign/vec4 v0x55ab8cec7dc0_0, 0;
    %load/vec4 v0x55ab8cec8060_0;
    %assign/vec4 v0x55ab8cec8220_0, 0;
    %load/vec4 v0x55ab8cec84c0_0;
    %assign/vec4 v0x55ab8cec8680_0, 0;
    %load/vec4 v0x55ab8cec5bc0_0;
    %assign/vec4 v0x55ab8cec5d80_0, 0;
    %load/vec4 v0x55ab8ceca2b0_0;
    %flag_set/vec4 9;
    %flag_get/vec4 9;
    %jmp/0 T_52.18, 9;
    %load/vec4 v0x55ab8cec55e0_0;
    %parti/s 1, 1, 2;
    %flag_set/vec4 9;
    %flag_get/vec4 9;
    %jmp/1 T_52.19, 9;
    %load/vec4 v0x55ab8cec55e0_0;
    %parti/s 1, 2, 3;
    %or;
T_52.19;
    %and;
T_52.18;
    %flag_set/vec4 8;
    %jmp/0xz  T_52.16, 8;
    %load/vec4 v0x55ab8cec7460_0;
    %assign/vec4 v0x55ab8cec91e0_0, 0;
    %jmp T_52.17;
T_52.16 ;
    %load/vec4 v0x55ab8ceca2b0_0;
    %flag_set/vec4 9;
    %flag_get/vec4 9;
    %jmp/0 T_52.22, 9;
    %load/vec4 v0x55ab8cec55e0_0;
    %parti/s 1, 5, 4;
    %and;
T_52.22;
    %flag_set/vec4 8;
    %jmp/0xz  T_52.20, 8;
    %load/vec4 v0x55ab8cec76c0_0;
    %assign/vec4 v0x55ab8cec91e0_0, 0;
    %jmp T_52.21;
T_52.20 ;
    %load/vec4 v0x55ab8cec8f40_0;
    %assign/vec4 v0x55ab8cec91e0_0, 0;
T_52.21 ;
T_52.17 ;
T_52.5 ;
T_52.3 ;
T_52.1 ;
    %jmp T_52;
    .thread T_52;
    .scope S_0x55ab8cecae60;
T_53 ;
    %wait E_0x55ab8c8315a0;
    %load/vec4 v0x55ab8ced1bc0_0;
    %flag_set/vec4 8;
    %jmp/0xz  T_53.0, 8;
    %pushi/vec4 0, 0, 1;
    %assign/vec4 v0x55ab8ced2ab0_0, 0;
    %pushi/vec4 0, 0, 10;
    %assign/vec4 v0x55ab8cece3f0_0, 0;
    %pushi/vec4 0, 0, 32;
    %assign/vec4 v0x55ab8ced1140_0, 0;
    %pushi/vec4 0, 0, 32;
    %assign/vec4 v0x55ab8ced00c0_0, 0;
    %pushi/vec4 0, 0, 32;
    %assign/vec4 v0x55ab8ced0420_0, 0;
    %pushi/vec4 0, 0, 32;
    %assign/vec4 v0x55ab8ced0880_0, 0;
    %pushi/vec4 0, 0, 32;
    %assign/vec4 v0x55ab8ced0ce0_0, 0;
    %pushi/vec4 0, 0, 6;
    %assign/vec4 v0x55ab8cece950_0, 0;
    %jmp T_53.1;
T_53.0 ;
    %load/vec4 v0x55ab8cecf850_0;
    %flag_set/vec4 8;
    %jmp/0xz  T_53.2, 8;
    %jmp T_53.3;
T_53.2 ;
    %load/vec4 v0x55ab8cecf920_0;
    %flag_set/vec4 10;
    %flag_get/vec4 10;
    %jmp/0 T_53.7, 10;
    %load/vec4 v0x55ab8cecedb0_0;
    %and;
T_53.7;
    %flag_set/vec4 9;
    %flag_get/vec4 9;
    %jmp/0 T_53.6, 9;
    %load/vec4 v0x55ab8ced1d30_0;
    %flag_set/vec4 9;
    %flag_get/vec4 9;
    %jmp/1 T_53.8, 9;
    %load/vec4 v0x55ab8ced1c60_0;
    %or;
T_53.8;
    %inv;
    %and;
T_53.6;
    %flag_set/vec4 8;
    %jmp/0xz  T_53.4, 8;
    %pushi/vec4 1, 0, 1;
    %assign/vec4 v0x55ab8ced2ab0_0, 0;
    %load/vec4 v0x55ab8cecf2b0_0;
    %load/vec4 v0x55ab8cecf070_0;
    %or;
    %load/vec4 v0x55ab8cecf110_0;
    %or;
    %load/vec4 v0x55ab8cecf370_0;
    %or;
    %inv;
    %ix/load 4, 0, 0;
    %ix/load 5, 0, 0;
    %flag_set/imm 4, 0;
    %assign/vec4/off/d v0x55ab8cece3f0_0, 4, 5;
    %load/vec4 v0x55ab8cecf2b0_0;
    %load/vec4 v0x55ab8cecf790_0;
    %and;
    %load/vec4 v0x55ab8ced29c0_0;
    %inv;
    %and;
    %ix/load 4, 1, 0;
    %ix/load 5, 0, 0;
    %flag_set/imm 4, 0;
    %assign/vec4/off/d v0x55ab8cece3f0_0, 4, 5;
    %load/vec4 v0x55ab8cecf2b0_0;
    %load/vec4 v0x55ab8cecf790_0;
    %inv;
    %and;
    %load/vec4 v0x55ab8ced29c0_0;
    %inv;
    %and;
    %ix/load 4, 2, 0;
    %ix/load 5, 0, 0;
    %flag_set/imm 4, 0;
    %assign/vec4/off/d v0x55ab8cece3f0_0, 4, 5;
    %load/vec4 v0x55ab8cecf070_0;
    %load/vec4 v0x55ab8ced29c0_0;
    %inv;
    %and;
    %ix/load 4, 3, 0;
    %ix/load 5, 0, 0;
    %flag_set/imm 4, 0;
    %assign/vec4/off/d v0x55ab8cece3f0_0, 4, 5;
    %load/vec4 v0x55ab8cecf110_0;
    %load/vec4 v0x55ab8ced29c0_0;
    %inv;
    %and;
    %ix/load 4, 4, 0;
    %ix/load 5, 0, 0;
    %flag_set/imm 4, 0;
    %assign/vec4/off/d v0x55ab8cece3f0_0, 4, 5;
    %load/vec4 v0x55ab8cecf370_0;
    %load/vec4 v0x55ab8ced29c0_0;
    %inv;
    %and;
    %ix/load 4, 5, 0;
    %ix/load 5, 0, 0;
    %flag_set/imm 4, 0;
    %assign/vec4/off/d v0x55ab8cece3f0_0, 4, 5;
    %load/vec4 v0x55ab8cecee70_0;
    %load/vec4 v0x55ab8ced29c0_0;
    %inv;
    %and;
    %ix/load 4, 6, 0;
    %ix/load 5, 0, 0;
    %flag_set/imm 4, 0;
    %assign/vec4/off/d v0x55ab8cece3f0_0, 4, 5;
    %load/vec4 v0x55ab8cecf790_0;
    %load/vec4 v0x55ab8ced29c0_0;
    %inv;
    %and;
    %ix/load 4, 7, 0;
    %ix/load 5, 0, 0;
    %flag_set/imm 4, 0;
    %assign/vec4/off/d v0x55ab8cece3f0_0, 4, 5;
    %load/vec4 v0x55ab8ced29c0_0;
    %ix/load 4, 8, 0;
    %ix/load 5, 0, 0;
    %flag_set/imm 4, 0;
    %assign/vec4/off/d v0x55ab8cece3f0_0, 4, 5;
    %pushi/vec4 1, 0, 1;
    %ix/load 4, 9, 0;
    %ix/load 5, 0, 0;
    %flag_set/imm 4, 0;
    %assign/vec4/off/d v0x55ab8cece3f0_0, 4, 5;
    %load/vec4 v0x55ab8cecf630_0;
    %assign/vec4 v0x55ab8ced1140_0, 0;
    %load/vec4 v0x55ab8cecef30_0;
    %flag_set/vec4 8;
    %jmp/0 T_53.9, 8;
    %load/vec4 v0x55ab8cecefd0_0;
    %jmp/1 T_53.10, 8;
T_53.9 ; End of true expr.
    %load/vec4 v0x55ab8cecf630_0;
    %addi 4, 0, 32;
    %jmp/0 T_53.10, 8;
 ; End of false expr.
    %blend;
T_53.10;
    %assign/vec4 v0x55ab8ced00c0_0, 0;
    %load/vec4 v0x55ab8cecf430_0;
    %assign/vec4 v0x55ab8ced0420_0, 0;
    %load/vec4 v0x55ab8cecf4f0_0;
    %assign/vec4 v0x55ab8ced0880_0, 0;
    %load/vec4 v0x55ab8cecf590_0;
    %assign/vec4 v0x55ab8ced0ce0_0, 0;
    %load/vec4 v0x55ab8cecf1d0_0;
    %or/r;
    %flag_set/vec4 8;
    %jmp/0 T_53.11, 8;
    %load/vec4 v0x55ab8cecf1d0_0;
    %jmp/1 T_53.12, 8;
T_53.11 ; End of true expr.
    %load/vec4 v0x55ab8cecd6c0_0;
    %flag_set/vec4 9;
    %jmp/0 T_53.13, 9;
    %pushi/vec4 16, 0, 6;
    %jmp/1 T_53.14, 9;
T_53.13 ; End of true expr.
    %pushi/vec4 0, 0, 6;
    %jmp/0 T_53.14, 9;
 ; End of false expr.
    %blend;
T_53.14;
    %jmp/0 T_53.12, 8;
 ; End of false expr.
    %blend;
T_53.12;
    %assign/vec4 v0x55ab8cece950_0, 0;
    %jmp T_53.5;
T_53.4 ;
    %pushi/vec4 0, 0, 1;
    %assign/vec4 v0x55ab8ced2ab0_0, 0;
    %pushi/vec4 0, 0, 10;
    %assign/vec4 v0x55ab8cece3f0_0, 0;
    %pushi/vec4 0, 0, 32;
    %assign/vec4 v0x55ab8ced1140_0, 0;
    %pushi/vec4 0, 0, 32;
    %assign/vec4 v0x55ab8ced00c0_0, 0;
    %pushi/vec4 0, 0, 32;
    %assign/vec4 v0x55ab8ced0420_0, 0;
    %pushi/vec4 0, 0, 32;
    %assign/vec4 v0x55ab8ced0880_0, 0;
    %pushi/vec4 0, 0, 32;
    %assign/vec4 v0x55ab8ced0ce0_0, 0;
    %pushi/vec4 0, 0, 6;
    %assign/vec4 v0x55ab8cece950_0, 0;
T_53.5 ;
T_53.3 ;
T_53.1 ;
    %jmp T_53;
    .thread T_53;
    .scope S_0x55ab8cecae60;
T_54 ;
    %wait E_0x55ab8c8315a0;
    %load/vec4 v0x55ab8ced1bc0_0;
    %flag_set/vec4 8;
    %jmp/0xz  T_54.0, 8;
    %pushi/vec4 0, 0, 1;
    %assign/vec4 v0x55ab8ced2b70_0, 0;
    %pushi/vec4 0, 0, 10;
    %assign/vec4 v0x55ab8cece4d0_0, 0;
    %pushi/vec4 0, 0, 1;
    %assign/vec4 v0x55ab8cece1b0_0, 0;
    %pushi/vec4 0, 0, 32;
    %assign/vec4 v0x55ab8cecdf10_0, 0;
    %pushi/vec4 0, 0, 32;
    %assign/vec4 v0x55ab8ced1220_0, 0;
    %pushi/vec4 0, 0, 32;
    %assign/vec4 v0x55ab8ced0180_0, 0;
    %pushi/vec4 0, 0, 32;
    %assign/vec4 v0x55ab8ced0500_0, 0;
    %pushi/vec4 0, 0, 32;
    %assign/vec4 v0x55ab8ced0960_0, 0;
    %pushi/vec4 0, 0, 32;
    %assign/vec4 v0x55ab8ced0dc0_0, 0;
    %pushi/vec4 0, 0, 32;
    %assign/vec4 v0x55ab8ced1840_0, 0;
    %pushi/vec4 0, 0, 6;
    %assign/vec4 v0x55ab8cecea30_0, 0;
    %jmp T_54.1;
T_54.0 ;
    %load/vec4 v0x55ab8cecf850_0;
    %flag_set/vec4 8;
    %jmp/0xz  T_54.2, 8;
    %jmp T_54.3;
T_54.2 ;
    %load/vec4 v0x55ab8ced1d30_0;
    %flag_set/vec4 8;
    %jmp/1 T_54.6, 8;
    %load/vec4 v0x55ab8ced1c60_0;
    %flag_set/vec4 9;
    %flag_or 8, 9;
T_54.6;
    %jmp/0xz  T_54.4, 8;
    %pushi/vec4 0, 0, 1;
    %assign/vec4 v0x55ab8ced2b70_0, 0;
    %pushi/vec4 0, 0, 10;
    %assign/vec4 v0x55ab8cece4d0_0, 0;
    %pushi/vec4 0, 0, 1;
    %assign/vec4 v0x55ab8cece1b0_0, 0;
    %pushi/vec4 0, 0, 32;
    %assign/vec4 v0x55ab8cecdf10_0, 0;
    %pushi/vec4 0, 0, 32;
    %assign/vec4 v0x55ab8ced1220_0, 0;
    %pushi/vec4 0, 0, 32;
    %assign/vec4 v0x55ab8ced0180_0, 0;
    %pushi/vec4 0, 0, 32;
    %assign/vec4 v0x55ab8ced0500_0, 0;
    %pushi/vec4 0, 0, 32;
    %assign/vec4 v0x55ab8ced0960_0, 0;
    %pushi/vec4 0, 0, 32;
    %assign/vec4 v0x55ab8ced0dc0_0, 0;
    %pushi/vec4 0, 0, 32;
    %assign/vec4 v0x55ab8ced1840_0, 0;
    %pushi/vec4 0, 0, 6;
    %assign/vec4 v0x55ab8cecea30_0, 0;
    %jmp T_54.5;
T_54.4 ;
    %load/vec4 v0x55ab8ced2ab0_0;
    %assign/vec4 v0x55ab8ced2b70_0, 0;
    %load/vec4 v0x55ab8cece3f0_0;
    %assign/vec4 v0x55ab8cece4d0_0, 0;
    %load/vec4 v0x55ab8cecdc80_0;
    %assign/vec4 v0x55ab8cece1b0_0, 0;
    %load/vec4 v0x55ab8cecdb70_0;
    %assign/vec4 v0x55ab8cecdf10_0, 0;
    %load/vec4 v0x55ab8ced1140_0;
    %assign/vec4 v0x55ab8ced1220_0, 0;
    %load/vec4 v0x55ab8ced00c0_0;
    %assign/vec4 v0x55ab8ced0180_0, 0;
    %load/vec4 v0x55ab8ced0420_0;
    %assign/vec4 v0x55ab8ced0500_0, 0;
    %load/vec4 v0x55ab8ced0880_0;
    %assign/vec4 v0x55ab8ced0960_0, 0;
    %load/vec4 v0x55ab8ced0ce0_0;
    %assign/vec4 v0x55ab8ced0dc0_0, 0;
    %load/vec4 v0x55ab8cece3f0_0;
    %parti/s 1, 8, 5;
    %flag_set/vec4 8;
    %jmp/0xz  T_54.7, 8;
    %pushi/vec4 32, 0, 6;
    %assign/vec4 v0x55ab8cecea30_0, 0;
    %jmp T_54.8;
T_54.7 ;
    %load/vec4 v0x55ab8cece950_0;
    %or/r;
    %flag_set/vec4 8;
    %jmp/0xz  T_54.9, 8;
    %pushi/vec4 0, 0, 1;
    %assign/vec4 v0x55ab8ced2b70_0, 0;
    %load/vec4 v0x55ab8cece950_0;
    %assign/vec4 v0x55ab8cecea30_0, 0;
    %jmp T_54.10;
T_54.9 ;
    %load/vec4 v0x55ab8cecd9a0_0;
    %assign/vec4 v0x55ab8cecea30_0, 0;
T_54.10 ;
T_54.8 ;
    %load/vec4 v0x55ab8cece3f0_0;
    %parti/s 1, 4, 4;
    %flag_set/vec4 8;
    %jmp/0xz  T_54.11, 8;
    %load/vec4 v0x55ab8cece840_0;
    %assign/vec4 v0x55ab8ced1840_0, 0;
    %jmp T_54.12;
T_54.11 ;
    %load/vec4 v0x55ab8cece3f0_0;
    %parti/s 1, 3, 3;
    %flag_set/vec4 8;
    %jmp/0xz  T_54.13, 8;
    %load/vec4 v0x55ab8cecda60_0;
    %assign/vec4 v0x55ab8ced1840_0, 0;
    %jmp T_54.14;
T_54.13 ;
    %load/vec4 v0x55ab8cecd560_0;
    %assign/vec4 v0x55ab8ced1840_0, 0;
T_54.14 ;
T_54.12 ;
T_54.5 ;
T_54.3 ;
T_54.1 ;
    %jmp T_54;
    .thread T_54;
    .scope S_0x55ab8cecae60;
T_55 ;
    %wait E_0x55ab8cecb6b0;
    %load/vec4 v0x55ab8ced1840_0;
    %store/vec4 v0x55ab8ced1920_0, 0, 32;
    %pushi/vec4 1, 0, 1;
    %flag_set/vec4 10;
    %flag_get/vec4 10;
    %jmp/0 T_55.3, 10;
    %load/vec4 v0x55ab8ced2c30_0;
    %and;
T_55.3;
    %flag_set/vec4 9;
    %flag_get/vec4 9;
    %jmp/0 T_55.2, 9;
    %load/vec4 v0x55ab8cece4d0_0;
    %parti/s 1, 1, 2;
    %flag_set/vec4 9;
    %flag_get/vec4 9;
    %jmp/1 T_55.4, 9;
    %load/vec4 v0x55ab8cece4d0_0;
    %parti/s 1, 2, 3;
    %or;
T_55.4;
    %and;
T_55.2;
    %flag_set/vec4 8;
    %jmp/0xz  T_55.0, 8;
    %load/vec4 v0x55ab8cecfda0_0;
    %store/vec4 v0x55ab8ced1920_0, 0, 32;
    %jmp T_55.1;
T_55.0 ;
    %pushi/vec4 1, 0, 1;
    %flag_set/vec4 10;
    %flag_get/vec4 10;
    %jmp/0 T_55.8, 10;
    %load/vec4 v0x55ab8ced2c30_0;
    %and;
T_55.8;
    %flag_set/vec4 9;
    %flag_get/vec4 9;
    %jmp/0 T_55.7, 9;
    %load/vec4 v0x55ab8cece4d0_0;
    %parti/s 1, 5, 4;
    %and;
T_55.7;
    %flag_set/vec4 8;
    %jmp/0xz  T_55.5, 8;
    %load/vec4 v0x55ab8cecffd0_0;
    %store/vec4 v0x55ab8ced1920_0, 0, 32;
T_55.5 ;
T_55.1 ;
    %jmp T_55;
    .thread T_55, $push;
    .scope S_0x55ab8cecae60;
T_56 ;
    %wait E_0x55ab8ce7be70;
    %load/vec4 v0x55ab8ced2b70_0;
    %flag_set/vec4 10;
    %flag_get/vec4 10;
    %jmp/0 T_56.3, 10;
    %load/vec4 v0x55ab8cece4d0_0;
    %parti/s 1, 1, 2;
    %flag_set/vec4 10;
    %flag_get/vec4 10;
    %jmp/1 T_56.4, 10;
    %load/vec4 v0x55ab8cece4d0_0;
    %parti/s 1, 2, 3;
    %or;
T_56.4;
    %and;
T_56.3;
    %flag_set/vec4 9;
    %flag_get/vec4 9;
    %jmp/0 T_56.2, 9;
    %load/vec4 v0x55ab8cecfc00_0;
    %and;
T_56.2;
    %flag_set/vec4 8;
    %jmp/0xz  T_56.0, 8;
    %load/vec4 v0x55ab8cecfcd0_0;
    %store/vec4 v0x55ab8ceceb10_0, 0, 6;
    %jmp T_56.1;
T_56.0 ;
    %load/vec4 v0x55ab8cecea30_0;
    %store/vec4 v0x55ab8ceceb10_0, 0, 6;
T_56.1 ;
    %jmp T_56;
    .thread T_56, $push;
    .scope S_0x55ab8cecae60;
T_57 ;
    %wait E_0x55ab8c8315a0;
    %load/vec4 v0x55ab8ced1bc0_0;
    %flag_set/vec4 8;
    %jmp/0xz  T_57.0, 8;
    %pushi/vec4 0, 0, 1;
    %assign/vec4 v0x55ab8ced1e00_0, 0;
    %jmp T_57.1;
T_57.0 ;
    %load/vec4 v0x55ab8cecf850_0;
    %inv;
    %flag_set/vec4 8;
    %jmp/0xz  T_57.2, 8;
    %load/vec4 v0x55ab8ced1ea0_0;
    %assign/vec4 v0x55ab8ced1e00_0, 0;
T_57.2 ;
T_57.1 ;
    %jmp T_57;
    .thread T_57;
    .scope S_0x55ab8cecae60;
T_58 ;
    %wait E_0x55ab8c8315a0;
    %load/vec4 v0x55ab8ced1bc0_0;
    %flag_set/vec4 8;
    %jmp/0xz  T_58.0, 8;
    %pushi/vec4 0, 0, 1;
    %assign/vec4 v0x55ab8ced2db0_0, 0;
    %pushi/vec4 0, 0, 10;
    %assign/vec4 v0x55ab8cece5b0_0, 0;
    %pushi/vec4 0, 0, 1;
    %assign/vec4 v0x55ab8cece270_0, 0;
    %pushi/vec4 0, 0, 32;
    %assign/vec4 v0x55ab8cece0d0_0, 0;
    %pushi/vec4 0, 0, 32;
    %assign/vec4 v0x55ab8ced13e0_0, 0;
    %pushi/vec4 0, 0, 32;
    %assign/vec4 v0x55ab8ced0260_0, 0;
    %pushi/vec4 0, 0, 32;
    %assign/vec4 v0x55ab8ced06c0_0, 0;
    %pushi/vec4 0, 0, 32;
    %assign/vec4 v0x55ab8ced0b20_0, 0;
    %pushi/vec4 0, 0, 32;
    %assign/vec4 v0x55ab8ced0f80_0, 0;
    %pushi/vec4 0, 0, 32;
    %assign/vec4 v0x55ab8ced1ae0_0, 0;
    %pushi/vec4 0, 0, 6;
    %assign/vec4 v0x55ab8cececd0_0, 0;
    %jmp T_58.1;
T_58.0 ;
    %load/vec4 v0x55ab8cecf850_0;
    %flag_set/vec4 8;
    %jmp/0xz  T_58.2, 8;
    %jmp T_58.3;
T_58.2 ;
    %load/vec4 v0x55ab8ced1f40_0;
    %flag_set/vec4 8;
    %jmp/0xz  T_58.4, 8;
    %pushi/vec4 0, 0, 1;
    %assign/vec4 v0x55ab8ced2db0_0, 0;
    %pushi/vec4 0, 0, 10;
    %assign/vec4 v0x55ab8cece5b0_0, 0;
    %pushi/vec4 0, 0, 1;
    %assign/vec4 v0x55ab8cece270_0, 0;
    %pushi/vec4 0, 0, 32;
    %assign/vec4 v0x55ab8cece0d0_0, 0;
    %pushi/vec4 0, 0, 32;
    %assign/vec4 v0x55ab8ced13e0_0, 0;
    %pushi/vec4 0, 0, 32;
    %assign/vec4 v0x55ab8ced0260_0, 0;
    %pushi/vec4 0, 0, 32;
    %assign/vec4 v0x55ab8ced06c0_0, 0;
    %pushi/vec4 0, 0, 32;
    %assign/vec4 v0x55ab8ced0b20_0, 0;
    %pushi/vec4 0, 0, 32;
    %assign/vec4 v0x55ab8ced0f80_0, 0;
    %pushi/vec4 0, 0, 32;
    %assign/vec4 v0x55ab8ced1ae0_0, 0;
    %pushi/vec4 0, 0, 6;
    %assign/vec4 v0x55ab8cececd0_0, 0;
    %jmp T_58.5;
T_58.4 ;
    %load/vec4 v0x55ab8ceceb10_0;
    %dup/vec4;
    %pushi/vec4 20, 0, 6;
    %cmp/u;
    %jmp/1 T_58.6, 6;
    %dup/vec4;
    %pushi/vec4 21, 0, 6;
    %cmp/u;
    %jmp/1 T_58.7, 6;
    %dup/vec4;
    %pushi/vec4 22, 0, 6;
    %cmp/u;
    %jmp/1 T_58.8, 6;
    %dup/vec4;
    %pushi/vec4 23, 0, 6;
    %cmp/u;
    %jmp/1 T_58.9, 6;
    %dup/vec4;
    %pushi/vec4 29, 0, 6;
    %cmp/u;
    %jmp/1 T_58.10, 6;
    %dup/vec4;
    %pushi/vec4 31, 0, 6;
    %cmp/u;
    %jmp/1 T_58.11, 6;
    %load/vec4 v0x55ab8ced2b70_0;
    %assign/vec4 v0x55ab8ced2db0_0, 0;
    %jmp T_58.13;
T_58.6 ;
    %pushi/vec4 0, 0, 1;
    %assign/vec4 v0x55ab8ced2db0_0, 0;
    %jmp T_58.13;
T_58.7 ;
    %pushi/vec4 0, 0, 1;
    %assign/vec4 v0x55ab8ced2db0_0, 0;
    %jmp T_58.13;
T_58.8 ;
    %pushi/vec4 0, 0, 1;
    %assign/vec4 v0x55ab8ced2db0_0, 0;
    %jmp T_58.13;
T_58.9 ;
    %pushi/vec4 0, 0, 1;
    %assign/vec4 v0x55ab8ced2db0_0, 0;
    %jmp T_58.13;
T_58.10 ;
    %pushi/vec4 0, 0, 1;
    %assign/vec4 v0x55ab8ced2db0_0, 0;
    %jmp T_58.13;
T_58.11 ;
    %pushi/vec4 0, 0, 1;
    %assign/vec4 v0x55ab8ced2db0_0, 0;
    %jmp T_58.13;
T_58.13 ;
    %pop/vec4 1;
    %load/vec4 v0x55ab8cece1b0_0;
    %assign/vec4 v0x55ab8cece270_0, 0;
    %load/vec4 v0x55ab8cecdf10_0;
    %assign/vec4 v0x55ab8cece0d0_0, 0;
    %load/vec4 v0x55ab8ceceb10_0;
    %or/r;
    %flag_set/vec4 8;
    %jmp/0xz  T_58.14, 8;
    %load/vec4 v0x55ab8cece4d0_0;
    %pushi/vec4 895, 0, 10;
    %and;
    %assign/vec4 v0x55ab8cece5b0_0, 0;
    %jmp T_58.15;
T_58.14 ;
    %load/vec4 v0x55ab8cece4d0_0;
    %assign/vec4 v0x55ab8cece5b0_0, 0;
T_58.15 ;
    %load/vec4 v0x55ab8ced1220_0;
    %assign/vec4 v0x55ab8ced13e0_0, 0;
    %load/vec4 v0x55ab8ced0180_0;
    %assign/vec4 v0x55ab8ced0260_0, 0;
    %load/vec4 v0x55ab8ced0500_0;
    %assign/vec4 v0x55ab8ced06c0_0, 0;
    %load/vec4 v0x55ab8ced0960_0;
    %assign/vec4 v0x55ab8ced0b20_0, 0;
    %load/vec4 v0x55ab8ced0dc0_0;
    %assign/vec4 v0x55ab8ced0f80_0, 0;
    %load/vec4 v0x55ab8ceceb10_0;
    %assign/vec4 v0x55ab8cececd0_0, 0;
    %load/vec4 v0x55ab8ced2c30_0;
    %flag_set/vec4 9;
    %flag_get/vec4 9;
    %jmp/0 T_58.18, 9;
    %load/vec4 v0x55ab8cece4d0_0;
    %parti/s 1, 1, 2;
    %flag_set/vec4 9;
    %flag_get/vec4 9;
    %jmp/1 T_58.19, 9;
    %load/vec4 v0x55ab8cece4d0_0;
    %parti/s 1, 2, 3;
    %or;
T_58.19;
    %and;
T_58.18;
    %flag_set/vec4 8;
    %jmp/0xz  T_58.16, 8;
    %load/vec4 v0x55ab8cecfda0_0;
    %assign/vec4 v0x55ab8ced1ae0_0, 0;
    %jmp T_58.17;
T_58.16 ;
    %load/vec4 v0x55ab8ced2c30_0;
    %flag_set/vec4 9;
    %flag_get/vec4 9;
    %jmp/0 T_58.22, 9;
    %load/vec4 v0x55ab8cece4d0_0;
    %parti/s 1, 5, 4;
    %and;
T_58.22;
    %flag_set/vec4 8;
    %jmp/0xz  T_58.20, 8;
    %load/vec4 v0x55ab8cecffd0_0;
    %assign/vec4 v0x55ab8ced1ae0_0, 0;
    %jmp T_58.21;
T_58.20 ;
    %load/vec4 v0x55ab8ced1840_0;
    %assign/vec4 v0x55ab8ced1ae0_0, 0;
T_58.21 ;
T_58.17 ;
T_58.5 ;
T_58.3 ;
T_58.1 ;
    %jmp T_58;
    .thread T_58;
    .scope S_0x55ab8ced3c80;
T_59 ;
    %wait E_0x55ab8ced4010;
    %load/vec4 v0x55ab8ced8770_0;
    %flag_set/vec4 8;
    %jmp/0xz  T_59.0, 8;
    %pushi/vec4 0, 0, 32;
    %assign/vec4 v0x55ab8ced4d30_0, 0;
    %pushi/vec4 0, 0, 32;
    %assign/vec4 v0x55ab8ced57e0_0, 0;
    %pushi/vec4 0, 0, 32;
    %assign/vec4 v0x55ab8ced5a80_0, 0;
    %pushi/vec4 0, 0, 32;
    %assign/vec4 v0x55ab8ced5b60_0, 0;
    %pushi/vec4 0, 0, 32;
    %assign/vec4 v0x55ab8ced5c40_0, 0;
    %pushi/vec4 0, 0, 32;
    %assign/vec4 v0x55ab8ced5d20_0, 0;
    %pushi/vec4 0, 0, 32;
    %assign/vec4 v0x55ab8ced5e00_0, 0;
    %pushi/vec4 0, 0, 32;
    %assign/vec4 v0x55ab8ced5ee0_0, 0;
    %pushi/vec4 0, 0, 32;
    %assign/vec4 v0x55ab8ced5fc0_0, 0;
    %pushi/vec4 0, 0, 32;
    %assign/vec4 v0x55ab8ced4420_0, 0;
    %pushi/vec4 0, 0, 32;
    %assign/vec4 v0x55ab8ced4550_0, 0;
    %pushi/vec4 0, 0, 32;
    %assign/vec4 v0x55ab8ced4630_0, 0;
    %pushi/vec4 0, 0, 32;
    %assign/vec4 v0x55ab8ced4710_0, 0;
    %pushi/vec4 0, 0, 32;
    %assign/vec4 v0x55ab8ced47f0_0, 0;
    %pushi/vec4 0, 0, 32;
    %assign/vec4 v0x55ab8ced48d0_0, 0;
    %pushi/vec4 0, 0, 32;
    %assign/vec4 v0x55ab8ced49b0_0, 0;
    %pushi/vec4 0, 0, 32;
    %assign/vec4 v0x55ab8ced4a90_0, 0;
    %pushi/vec4 0, 0, 32;
    %assign/vec4 v0x55ab8ced4b70_0, 0;
    %pushi/vec4 0, 0, 32;
    %assign/vec4 v0x55ab8ced4c50_0, 0;
    %pushi/vec4 0, 0, 32;
    %assign/vec4 v0x55ab8ced4e10_0, 0;
    %pushi/vec4 0, 0, 32;
    %assign/vec4 v0x55ab8ced4ef0_0, 0;
    %pushi/vec4 0, 0, 32;
    %assign/vec4 v0x55ab8ced50e0_0, 0;
    %pushi/vec4 0, 0, 32;
    %assign/vec4 v0x55ab8ced51c0_0, 0;
    %pushi/vec4 0, 0, 32;
    %assign/vec4 v0x55ab8ced52a0_0, 0;
    %pushi/vec4 0, 0, 32;
    %assign/vec4 v0x55ab8ced5380_0, 0;
    %pushi/vec4 0, 0, 32;
    %assign/vec4 v0x55ab8ced5460_0, 0;
    %pushi/vec4 0, 0, 32;
    %assign/vec4 v0x55ab8ced5540_0, 0;
    %pushi/vec4 0, 0, 32;
    %assign/vec4 v0x55ab8ced5620_0, 0;
    %pushi/vec4 0, 0, 32;
    %assign/vec4 v0x55ab8ced5700_0, 0;
    %pushi/vec4 0, 0, 32;
    %assign/vec4 v0x55ab8ced58c0_0, 0;
    %pushi/vec4 0, 0, 32;
    %assign/vec4 v0x55ab8ced59a0_0, 0;
    %jmp T_59.1;
T_59.0 ;
    %load/vec4 v0x55ab8ced8440_0;
    %cmpi/e 1, 0, 5;
    %jmp/0xz  T_59.2, 4;
    %load/vec4 v0x55ab8ced8500_0;
    %assign/vec4 v0x55ab8ced4d30_0, 0;
    %jmp T_59.3;
T_59.2 ;
    %load/vec4 v0x55ab8ced85d0_0;
    %cmpi/e 1, 0, 5;
    %jmp/0xz  T_59.4, 4;
    %load/vec4 v0x55ab8ced86a0_0;
    %assign/vec4 v0x55ab8ced4d30_0, 0;
T_59.4 ;
T_59.3 ;
    %load/vec4 v0x55ab8ced8440_0;
    %cmpi/e 2, 0, 5;
    %jmp/0xz  T_59.6, 4;
    %load/vec4 v0x55ab8ced8500_0;
    %assign/vec4 v0x55ab8ced57e0_0, 0;
    %jmp T_59.7;
T_59.6 ;
    %load/vec4 v0x55ab8ced85d0_0;
    %cmpi/e 2, 0, 5;
    %jmp/0xz  T_59.8, 4;
    %load/vec4 v0x55ab8ced86a0_0;
    %assign/vec4 v0x55ab8ced57e0_0, 0;
T_59.8 ;
T_59.7 ;
    %load/vec4 v0x55ab8ced8440_0;
    %cmpi/e 3, 0, 5;
    %jmp/0xz  T_59.10, 4;
    %load/vec4 v0x55ab8ced8500_0;
    %assign/vec4 v0x55ab8ced5a80_0, 0;
    %jmp T_59.11;
T_59.10 ;
    %load/vec4 v0x55ab8ced85d0_0;
    %cmpi/e 3, 0, 5;
    %jmp/0xz  T_59.12, 4;
    %load/vec4 v0x55ab8ced86a0_0;
    %assign/vec4 v0x55ab8ced5a80_0, 0;
T_59.12 ;
T_59.11 ;
    %load/vec4 v0x55ab8ced8440_0;
    %cmpi/e 4, 0, 5;
    %jmp/0xz  T_59.14, 4;
    %load/vec4 v0x55ab8ced8500_0;
    %assign/vec4 v0x55ab8ced5b60_0, 0;
    %jmp T_59.15;
T_59.14 ;
    %load/vec4 v0x55ab8ced85d0_0;
    %cmpi/e 4, 0, 5;
    %jmp/0xz  T_59.16, 4;
    %load/vec4 v0x55ab8ced86a0_0;
    %assign/vec4 v0x55ab8ced5b60_0, 0;
T_59.16 ;
T_59.15 ;
    %load/vec4 v0x55ab8ced8440_0;
    %cmpi/e 5, 0, 5;
    %jmp/0xz  T_59.18, 4;
    %load/vec4 v0x55ab8ced8500_0;
    %assign/vec4 v0x55ab8ced5c40_0, 0;
    %jmp T_59.19;
T_59.18 ;
    %load/vec4 v0x55ab8ced85d0_0;
    %cmpi/e 5, 0, 5;
    %jmp/0xz  T_59.20, 4;
    %load/vec4 v0x55ab8ced86a0_0;
    %assign/vec4 v0x55ab8ced5c40_0, 0;
T_59.20 ;
T_59.19 ;
    %load/vec4 v0x55ab8ced8440_0;
    %cmpi/e 6, 0, 5;
    %jmp/0xz  T_59.22, 4;
    %load/vec4 v0x55ab8ced8500_0;
    %assign/vec4 v0x55ab8ced5d20_0, 0;
    %jmp T_59.23;
T_59.22 ;
    %load/vec4 v0x55ab8ced85d0_0;
    %cmpi/e 6, 0, 5;
    %jmp/0xz  T_59.24, 4;
    %load/vec4 v0x55ab8ced86a0_0;
    %assign/vec4 v0x55ab8ced5d20_0, 0;
T_59.24 ;
T_59.23 ;
    %load/vec4 v0x55ab8ced8440_0;
    %cmpi/e 7, 0, 5;
    %jmp/0xz  T_59.26, 4;
    %load/vec4 v0x55ab8ced8500_0;
    %assign/vec4 v0x55ab8ced5e00_0, 0;
    %jmp T_59.27;
T_59.26 ;
    %load/vec4 v0x55ab8ced85d0_0;
    %cmpi/e 7, 0, 5;
    %jmp/0xz  T_59.28, 4;
    %load/vec4 v0x55ab8ced86a0_0;
    %assign/vec4 v0x55ab8ced5e00_0, 0;
T_59.28 ;
T_59.27 ;
    %load/vec4 v0x55ab8ced8440_0;
    %cmpi/e 8, 0, 5;
    %jmp/0xz  T_59.30, 4;
    %load/vec4 v0x55ab8ced8500_0;
    %assign/vec4 v0x55ab8ced5ee0_0, 0;
    %jmp T_59.31;
T_59.30 ;
    %load/vec4 v0x55ab8ced85d0_0;
    %cmpi/e 8, 0, 5;
    %jmp/0xz  T_59.32, 4;
    %load/vec4 v0x55ab8ced86a0_0;
    %assign/vec4 v0x55ab8ced5ee0_0, 0;
T_59.32 ;
T_59.31 ;
    %load/vec4 v0x55ab8ced8440_0;
    %cmpi/e 9, 0, 5;
    %jmp/0xz  T_59.34, 4;
    %load/vec4 v0x55ab8ced8500_0;
    %assign/vec4 v0x55ab8ced5fc0_0, 0;
    %jmp T_59.35;
T_59.34 ;
    %load/vec4 v0x55ab8ced85d0_0;
    %cmpi/e 9, 0, 5;
    %jmp/0xz  T_59.36, 4;
    %load/vec4 v0x55ab8ced86a0_0;
    %assign/vec4 v0x55ab8ced5fc0_0, 0;
T_59.36 ;
T_59.35 ;
    %load/vec4 v0x55ab8ced8440_0;
    %cmpi/e 10, 0, 5;
    %jmp/0xz  T_59.38, 4;
    %load/vec4 v0x55ab8ced8500_0;
    %assign/vec4 v0x55ab8ced4420_0, 0;
    %jmp T_59.39;
T_59.38 ;
    %load/vec4 v0x55ab8ced85d0_0;
    %cmpi/e 10, 0, 5;
    %jmp/0xz  T_59.40, 4;
    %load/vec4 v0x55ab8ced86a0_0;
    %assign/vec4 v0x55ab8ced4420_0, 0;
T_59.40 ;
T_59.39 ;
    %load/vec4 v0x55ab8ced8440_0;
    %cmpi/e 11, 0, 5;
    %jmp/0xz  T_59.42, 4;
    %load/vec4 v0x55ab8ced8500_0;
    %assign/vec4 v0x55ab8ced4550_0, 0;
    %jmp T_59.43;
T_59.42 ;
    %load/vec4 v0x55ab8ced85d0_0;
    %cmpi/e 11, 0, 5;
    %jmp/0xz  T_59.44, 4;
    %load/vec4 v0x55ab8ced86a0_0;
    %assign/vec4 v0x55ab8ced4550_0, 0;
T_59.44 ;
T_59.43 ;
    %load/vec4 v0x55ab8ced8440_0;
    %cmpi/e 12, 0, 5;
    %jmp/0xz  T_59.46, 4;
    %load/vec4 v0x55ab8ced8500_0;
    %assign/vec4 v0x55ab8ced4630_0, 0;
    %jmp T_59.47;
T_59.46 ;
    %load/vec4 v0x55ab8ced85d0_0;
    %cmpi/e 12, 0, 5;
    %jmp/0xz  T_59.48, 4;
    %load/vec4 v0x55ab8ced86a0_0;
    %assign/vec4 v0x55ab8ced4630_0, 0;
T_59.48 ;
T_59.47 ;
    %load/vec4 v0x55ab8ced8440_0;
    %cmpi/e 13, 0, 5;
    %jmp/0xz  T_59.50, 4;
    %load/vec4 v0x55ab8ced8500_0;
    %assign/vec4 v0x55ab8ced4710_0, 0;
    %jmp T_59.51;
T_59.50 ;
    %load/vec4 v0x55ab8ced85d0_0;
    %cmpi/e 13, 0, 5;
    %jmp/0xz  T_59.52, 4;
    %load/vec4 v0x55ab8ced86a0_0;
    %assign/vec4 v0x55ab8ced4710_0, 0;
T_59.52 ;
T_59.51 ;
    %load/vec4 v0x55ab8ced8440_0;
    %cmpi/e 14, 0, 5;
    %jmp/0xz  T_59.54, 4;
    %load/vec4 v0x55ab8ced8500_0;
    %assign/vec4 v0x55ab8ced47f0_0, 0;
    %jmp T_59.55;
T_59.54 ;
    %load/vec4 v0x55ab8ced85d0_0;
    %cmpi/e 14, 0, 5;
    %jmp/0xz  T_59.56, 4;
    %load/vec4 v0x55ab8ced86a0_0;
    %assign/vec4 v0x55ab8ced47f0_0, 0;
T_59.56 ;
T_59.55 ;
    %load/vec4 v0x55ab8ced8440_0;
    %cmpi/e 15, 0, 5;
    %jmp/0xz  T_59.58, 4;
    %load/vec4 v0x55ab8ced8500_0;
    %assign/vec4 v0x55ab8ced48d0_0, 0;
    %jmp T_59.59;
T_59.58 ;
    %load/vec4 v0x55ab8ced85d0_0;
    %cmpi/e 15, 0, 5;
    %jmp/0xz  T_59.60, 4;
    %load/vec4 v0x55ab8ced86a0_0;
    %assign/vec4 v0x55ab8ced48d0_0, 0;
T_59.60 ;
T_59.59 ;
    %load/vec4 v0x55ab8ced8440_0;
    %cmpi/e 16, 0, 5;
    %jmp/0xz  T_59.62, 4;
    %load/vec4 v0x55ab8ced8500_0;
    %assign/vec4 v0x55ab8ced49b0_0, 0;
    %jmp T_59.63;
T_59.62 ;
    %load/vec4 v0x55ab8ced85d0_0;
    %cmpi/e 16, 0, 5;
    %jmp/0xz  T_59.64, 4;
    %load/vec4 v0x55ab8ced86a0_0;
    %assign/vec4 v0x55ab8ced49b0_0, 0;
T_59.64 ;
T_59.63 ;
    %load/vec4 v0x55ab8ced8440_0;
    %cmpi/e 17, 0, 5;
    %jmp/0xz  T_59.66, 4;
    %load/vec4 v0x55ab8ced8500_0;
    %assign/vec4 v0x55ab8ced4a90_0, 0;
    %jmp T_59.67;
T_59.66 ;
    %load/vec4 v0x55ab8ced85d0_0;
    %cmpi/e 17, 0, 5;
    %jmp/0xz  T_59.68, 4;
    %load/vec4 v0x55ab8ced86a0_0;
    %assign/vec4 v0x55ab8ced4a90_0, 0;
T_59.68 ;
T_59.67 ;
    %load/vec4 v0x55ab8ced8440_0;
    %cmpi/e 18, 0, 5;
    %jmp/0xz  T_59.70, 4;
    %load/vec4 v0x55ab8ced8500_0;
    %assign/vec4 v0x55ab8ced4b70_0, 0;
    %jmp T_59.71;
T_59.70 ;
    %load/vec4 v0x55ab8ced85d0_0;
    %cmpi/e 18, 0, 5;
    %jmp/0xz  T_59.72, 4;
    %load/vec4 v0x55ab8ced86a0_0;
    %assign/vec4 v0x55ab8ced4b70_0, 0;
T_59.72 ;
T_59.71 ;
    %load/vec4 v0x55ab8ced8440_0;
    %cmpi/e 19, 0, 5;
    %jmp/0xz  T_59.74, 4;
    %load/vec4 v0x55ab8ced8500_0;
    %assign/vec4 v0x55ab8ced4c50_0, 0;
    %jmp T_59.75;
T_59.74 ;
    %load/vec4 v0x55ab8ced85d0_0;
    %cmpi/e 19, 0, 5;
    %jmp/0xz  T_59.76, 4;
    %load/vec4 v0x55ab8ced86a0_0;
    %assign/vec4 v0x55ab8ced4c50_0, 0;
T_59.76 ;
T_59.75 ;
    %load/vec4 v0x55ab8ced8440_0;
    %cmpi/e 20, 0, 5;
    %jmp/0xz  T_59.78, 4;
    %load/vec4 v0x55ab8ced8500_0;
    %assign/vec4 v0x55ab8ced4e10_0, 0;
    %jmp T_59.79;
T_59.78 ;
    %load/vec4 v0x55ab8ced85d0_0;
    %cmpi/e 20, 0, 5;
    %jmp/0xz  T_59.80, 4;
    %load/vec4 v0x55ab8ced86a0_0;
    %assign/vec4 v0x55ab8ced4e10_0, 0;
T_59.80 ;
T_59.79 ;
    %load/vec4 v0x55ab8ced8440_0;
    %cmpi/e 21, 0, 5;
    %jmp/0xz  T_59.82, 4;
    %load/vec4 v0x55ab8ced8500_0;
    %assign/vec4 v0x55ab8ced4ef0_0, 0;
    %jmp T_59.83;
T_59.82 ;
    %load/vec4 v0x55ab8ced85d0_0;
    %cmpi/e 21, 0, 5;
    %jmp/0xz  T_59.84, 4;
    %load/vec4 v0x55ab8ced86a0_0;
    %assign/vec4 v0x55ab8ced4ef0_0, 0;
T_59.84 ;
T_59.83 ;
    %load/vec4 v0x55ab8ced8440_0;
    %cmpi/e 22, 0, 5;
    %jmp/0xz  T_59.86, 4;
    %load/vec4 v0x55ab8ced8500_0;
    %assign/vec4 v0x55ab8ced50e0_0, 0;
    %jmp T_59.87;
T_59.86 ;
    %load/vec4 v0x55ab8ced85d0_0;
    %cmpi/e 22, 0, 5;
    %jmp/0xz  T_59.88, 4;
    %load/vec4 v0x55ab8ced86a0_0;
    %assign/vec4 v0x55ab8ced50e0_0, 0;
T_59.88 ;
T_59.87 ;
    %load/vec4 v0x55ab8ced8440_0;
    %cmpi/e 23, 0, 5;
    %jmp/0xz  T_59.90, 4;
    %load/vec4 v0x55ab8ced8500_0;
    %assign/vec4 v0x55ab8ced51c0_0, 0;
    %jmp T_59.91;
T_59.90 ;
    %load/vec4 v0x55ab8ced85d0_0;
    %cmpi/e 23, 0, 5;
    %jmp/0xz  T_59.92, 4;
    %load/vec4 v0x55ab8ced86a0_0;
    %assign/vec4 v0x55ab8ced51c0_0, 0;
T_59.92 ;
T_59.91 ;
    %load/vec4 v0x55ab8ced8440_0;
    %cmpi/e 24, 0, 5;
    %jmp/0xz  T_59.94, 4;
    %load/vec4 v0x55ab8ced8500_0;
    %assign/vec4 v0x55ab8ced52a0_0, 0;
    %jmp T_59.95;
T_59.94 ;
    %load/vec4 v0x55ab8ced85d0_0;
    %cmpi/e 24, 0, 5;
    %jmp/0xz  T_59.96, 4;
    %load/vec4 v0x55ab8ced86a0_0;
    %assign/vec4 v0x55ab8ced52a0_0, 0;
T_59.96 ;
T_59.95 ;
    %load/vec4 v0x55ab8ced8440_0;
    %cmpi/e 25, 0, 5;
    %jmp/0xz  T_59.98, 4;
    %load/vec4 v0x55ab8ced8500_0;
    %assign/vec4 v0x55ab8ced5380_0, 0;
    %jmp T_59.99;
T_59.98 ;
    %load/vec4 v0x55ab8ced85d0_0;
    %cmpi/e 25, 0, 5;
    %jmp/0xz  T_59.100, 4;
    %load/vec4 v0x55ab8ced86a0_0;
    %assign/vec4 v0x55ab8ced5380_0, 0;
T_59.100 ;
T_59.99 ;
    %load/vec4 v0x55ab8ced8440_0;
    %cmpi/e 26, 0, 5;
    %jmp/0xz  T_59.102, 4;
    %load/vec4 v0x55ab8ced8500_0;
    %assign/vec4 v0x55ab8ced5460_0, 0;
    %jmp T_59.103;
T_59.102 ;
    %load/vec4 v0x55ab8ced85d0_0;
    %cmpi/e 26, 0, 5;
    %jmp/0xz  T_59.104, 4;
    %load/vec4 v0x55ab8ced86a0_0;
    %assign/vec4 v0x55ab8ced5460_0, 0;
T_59.104 ;
T_59.103 ;
    %load/vec4 v0x55ab8ced8440_0;
    %cmpi/e 27, 0, 5;
    %jmp/0xz  T_59.106, 4;
    %load/vec4 v0x55ab8ced8500_0;
    %assign/vec4 v0x55ab8ced5540_0, 0;
    %jmp T_59.107;
T_59.106 ;
    %load/vec4 v0x55ab8ced85d0_0;
    %cmpi/e 27, 0, 5;
    %jmp/0xz  T_59.108, 4;
    %load/vec4 v0x55ab8ced86a0_0;
    %assign/vec4 v0x55ab8ced5540_0, 0;
T_59.108 ;
T_59.107 ;
    %load/vec4 v0x55ab8ced8440_0;
    %cmpi/e 28, 0, 5;
    %jmp/0xz  T_59.110, 4;
    %load/vec4 v0x55ab8ced8500_0;
    %assign/vec4 v0x55ab8ced5620_0, 0;
    %jmp T_59.111;
T_59.110 ;
    %load/vec4 v0x55ab8ced85d0_0;
    %cmpi/e 28, 0, 5;
    %jmp/0xz  T_59.112, 4;
    %load/vec4 v0x55ab8ced86a0_0;
    %assign/vec4 v0x55ab8ced5620_0, 0;
T_59.112 ;
T_59.111 ;
    %load/vec4 v0x55ab8ced8440_0;
    %cmpi/e 29, 0, 5;
    %jmp/0xz  T_59.114, 4;
    %load/vec4 v0x55ab8ced8500_0;
    %assign/vec4 v0x55ab8ced5700_0, 0;
    %jmp T_59.115;
T_59.114 ;
    %load/vec4 v0x55ab8ced85d0_0;
    %cmpi/e 29, 0, 5;
    %jmp/0xz  T_59.116, 4;
    %load/vec4 v0x55ab8ced86a0_0;
    %assign/vec4 v0x55ab8ced5700_0, 0;
T_59.116 ;
T_59.115 ;
    %load/vec4 v0x55ab8ced8440_0;
    %cmpi/e 30, 0, 5;
    %jmp/0xz  T_59.118, 4;
    %load/vec4 v0x55ab8ced8500_0;
    %assign/vec4 v0x55ab8ced58c0_0, 0;
    %jmp T_59.119;
T_59.118 ;
    %load/vec4 v0x55ab8ced85d0_0;
    %cmpi/e 30, 0, 5;
    %jmp/0xz  T_59.120, 4;
    %load/vec4 v0x55ab8ced86a0_0;
    %assign/vec4 v0x55ab8ced58c0_0, 0;
T_59.120 ;
T_59.119 ;
    %load/vec4 v0x55ab8ced8440_0;
    %cmpi/e 31, 0, 5;
    %jmp/0xz  T_59.122, 4;
    %load/vec4 v0x55ab8ced8500_0;
    %assign/vec4 v0x55ab8ced59a0_0, 0;
    %jmp T_59.123;
T_59.122 ;
    %load/vec4 v0x55ab8ced85d0_0;
    %cmpi/e 31, 0, 5;
    %jmp/0xz  T_59.124, 4;
    %load/vec4 v0x55ab8ced86a0_0;
    %assign/vec4 v0x55ab8ced59a0_0, 0;
T_59.124 ;
T_59.123 ;
T_59.1 ;
    %jmp T_59;
    .thread T_59;
    .scope S_0x55ab8ced3c80;
T_60 ;
    %wait E_0x55ab8ced3ec0;
    %load/vec4 v0x55ab8ced7d60_0;
    %dup/vec4;
    %pushi/vec4 1, 0, 5;
    %cmp/u;
    %jmp/1 T_60.0, 6;
    %dup/vec4;
    %pushi/vec4 2, 0, 5;
    %cmp/u;
    %jmp/1 T_60.1, 6;
    %dup/vec4;
    %pushi/vec4 3, 0, 5;
    %cmp/u;
    %jmp/1 T_60.2, 6;
    %dup/vec4;
    %pushi/vec4 4, 0, 5;
    %cmp/u;
    %jmp/1 T_60.3, 6;
    %dup/vec4;
    %pushi/vec4 5, 0, 5;
    %cmp/u;
    %jmp/1 T_60.4, 6;
    %dup/vec4;
    %pushi/vec4 6, 0, 5;
    %cmp/u;
    %jmp/1 T_60.5, 6;
    %dup/vec4;
    %pushi/vec4 7, 0, 5;
    %cmp/u;
    %jmp/1 T_60.6, 6;
    %dup/vec4;
    %pushi/vec4 8, 0, 5;
    %cmp/u;
    %jmp/1 T_60.7, 6;
    %dup/vec4;
    %pushi/vec4 9, 0, 5;
    %cmp/u;
    %jmp/1 T_60.8, 6;
    %dup/vec4;
    %pushi/vec4 10, 0, 5;
    %cmp/u;
    %jmp/1 T_60.9, 6;
    %dup/vec4;
    %pushi/vec4 11, 0, 5;
    %cmp/u;
    %jmp/1 T_60.10, 6;
    %dup/vec4;
    %pushi/vec4 12, 0, 5;
    %cmp/u;
    %jmp/1 T_60.11, 6;
    %dup/vec4;
    %pushi/vec4 13, 0, 5;
    %cmp/u;
    %jmp/1 T_60.12, 6;
    %dup/vec4;
    %pushi/vec4 14, 0, 5;
    %cmp/u;
    %jmp/1 T_60.13, 6;
    %dup/vec4;
    %pushi/vec4 15, 0, 5;
    %cmp/u;
    %jmp/1 T_60.14, 6;
    %dup/vec4;
    %pushi/vec4 16, 0, 5;
    %cmp/u;
    %jmp/1 T_60.15, 6;
    %dup/vec4;
    %pushi/vec4 17, 0, 5;
    %cmp/u;
    %jmp/1 T_60.16, 6;
    %dup/vec4;
    %pushi/vec4 18, 0, 5;
    %cmp/u;
    %jmp/1 T_60.17, 6;
    %dup/vec4;
    %pushi/vec4 19, 0, 5;
    %cmp/u;
    %jmp/1 T_60.18, 6;
    %dup/vec4;
    %pushi/vec4 20, 0, 5;
    %cmp/u;
    %jmp/1 T_60.19, 6;
    %dup/vec4;
    %pushi/vec4 21, 0, 5;
    %cmp/u;
    %jmp/1 T_60.20, 6;
    %dup/vec4;
    %pushi/vec4 22, 0, 5;
    %cmp/u;
    %jmp/1 T_60.21, 6;
    %dup/vec4;
    %pushi/vec4 23, 0, 5;
    %cmp/u;
    %jmp/1 T_60.22, 6;
    %dup/vec4;
    %pushi/vec4 24, 0, 5;
    %cmp/u;
    %jmp/1 T_60.23, 6;
    %dup/vec4;
    %pushi/vec4 25, 0, 5;
    %cmp/u;
    %jmp/1 T_60.24, 6;
    %dup/vec4;
    %pushi/vec4 26, 0, 5;
    %cmp/u;
    %jmp/1 T_60.25, 6;
    %dup/vec4;
    %pushi/vec4 27, 0, 5;
    %cmp/u;
    %jmp/1 T_60.26, 6;
    %dup/vec4;
    %pushi/vec4 28, 0, 5;
    %cmp/u;
    %jmp/1 T_60.27, 6;
    %dup/vec4;
    %pushi/vec4 29, 0, 5;
    %cmp/u;
    %jmp/1 T_60.28, 6;
    %dup/vec4;
    %pushi/vec4 30, 0, 5;
    %cmp/u;
    %jmp/1 T_60.29, 6;
    %dup/vec4;
    %pushi/vec4 31, 0, 5;
    %cmp/u;
    %jmp/1 T_60.30, 6;
    %pushi/vec4 0, 0, 32;
    %store/vec4 v0x55ab8ced4070_0, 0, 32;
    %jmp T_60.32;
T_60.0 ;
    %load/vec4 v0x55ab8ced4d30_0;
    %store/vec4 v0x55ab8ced4070_0, 0, 32;
    %jmp T_60.32;
T_60.1 ;
    %load/vec4 v0x55ab8ced57e0_0;
    %store/vec4 v0x55ab8ced4070_0, 0, 32;
    %jmp T_60.32;
T_60.2 ;
    %load/vec4 v0x55ab8ced5a80_0;
    %store/vec4 v0x55ab8ced4070_0, 0, 32;
    %jmp T_60.32;
T_60.3 ;
    %load/vec4 v0x55ab8ced5b60_0;
    %store/vec4 v0x55ab8ced4070_0, 0, 32;
    %jmp T_60.32;
T_60.4 ;
    %load/vec4 v0x55ab8ced5c40_0;
    %store/vec4 v0x55ab8ced4070_0, 0, 32;
    %jmp T_60.32;
T_60.5 ;
    %load/vec4 v0x55ab8ced5d20_0;
    %store/vec4 v0x55ab8ced4070_0, 0, 32;
    %jmp T_60.32;
T_60.6 ;
    %load/vec4 v0x55ab8ced5e00_0;
    %store/vec4 v0x55ab8ced4070_0, 0, 32;
    %jmp T_60.32;
T_60.7 ;
    %load/vec4 v0x55ab8ced5ee0_0;
    %store/vec4 v0x55ab8ced4070_0, 0, 32;
    %jmp T_60.32;
T_60.8 ;
    %load/vec4 v0x55ab8ced5fc0_0;
    %store/vec4 v0x55ab8ced4070_0, 0, 32;
    %jmp T_60.32;
T_60.9 ;
    %load/vec4 v0x55ab8ced4420_0;
    %store/vec4 v0x55ab8ced4070_0, 0, 32;
    %jmp T_60.32;
T_60.10 ;
    %load/vec4 v0x55ab8ced4550_0;
    %store/vec4 v0x55ab8ced4070_0, 0, 32;
    %jmp T_60.32;
T_60.11 ;
    %load/vec4 v0x55ab8ced4630_0;
    %store/vec4 v0x55ab8ced4070_0, 0, 32;
    %jmp T_60.32;
T_60.12 ;
    %load/vec4 v0x55ab8ced4710_0;
    %store/vec4 v0x55ab8ced4070_0, 0, 32;
    %jmp T_60.32;
T_60.13 ;
    %load/vec4 v0x55ab8ced47f0_0;
    %store/vec4 v0x55ab8ced4070_0, 0, 32;
    %jmp T_60.32;
T_60.14 ;
    %load/vec4 v0x55ab8ced48d0_0;
    %store/vec4 v0x55ab8ced4070_0, 0, 32;
    %jmp T_60.32;
T_60.15 ;
    %load/vec4 v0x55ab8ced49b0_0;
    %store/vec4 v0x55ab8ced4070_0, 0, 32;
    %jmp T_60.32;
T_60.16 ;
    %load/vec4 v0x55ab8ced4a90_0;
    %store/vec4 v0x55ab8ced4070_0, 0, 32;
    %jmp T_60.32;
T_60.17 ;
    %load/vec4 v0x55ab8ced4b70_0;
    %store/vec4 v0x55ab8ced4070_0, 0, 32;
    %jmp T_60.32;
T_60.18 ;
    %load/vec4 v0x55ab8ced4c50_0;
    %store/vec4 v0x55ab8ced4070_0, 0, 32;
    %jmp T_60.32;
T_60.19 ;
    %load/vec4 v0x55ab8ced4e10_0;
    %store/vec4 v0x55ab8ced4070_0, 0, 32;
    %jmp T_60.32;
T_60.20 ;
    %load/vec4 v0x55ab8ced4ef0_0;
    %store/vec4 v0x55ab8ced4070_0, 0, 32;
    %jmp T_60.32;
T_60.21 ;
    %load/vec4 v0x55ab8ced50e0_0;
    %store/vec4 v0x55ab8ced4070_0, 0, 32;
    %jmp T_60.32;
T_60.22 ;
    %load/vec4 v0x55ab8ced51c0_0;
    %store/vec4 v0x55ab8ced4070_0, 0, 32;
    %jmp T_60.32;
T_60.23 ;
    %load/vec4 v0x55ab8ced52a0_0;
    %store/vec4 v0x55ab8ced4070_0, 0, 32;
    %jmp T_60.32;
T_60.24 ;
    %load/vec4 v0x55ab8ced5380_0;
    %store/vec4 v0x55ab8ced4070_0, 0, 32;
    %jmp T_60.32;
T_60.25 ;
    %load/vec4 v0x55ab8ced5460_0;
    %store/vec4 v0x55ab8ced4070_0, 0, 32;
    %jmp T_60.32;
T_60.26 ;
    %load/vec4 v0x55ab8ced5540_0;
    %store/vec4 v0x55ab8ced4070_0, 0, 32;
    %jmp T_60.32;
T_60.27 ;
    %load/vec4 v0x55ab8ced5620_0;
    %store/vec4 v0x55ab8ced4070_0, 0, 32;
    %jmp T_60.32;
T_60.28 ;
    %load/vec4 v0x55ab8ced5700_0;
    %store/vec4 v0x55ab8ced4070_0, 0, 32;
    %jmp T_60.32;
T_60.29 ;
    %load/vec4 v0x55ab8ced58c0_0;
    %store/vec4 v0x55ab8ced4070_0, 0, 32;
    %jmp T_60.32;
T_60.30 ;
    %load/vec4 v0x55ab8ced59a0_0;
    %store/vec4 v0x55ab8ced4070_0, 0, 32;
    %jmp T_60.32;
T_60.32 ;
    %pop/vec4 1;
    %load/vec4 v0x55ab8ced80c0_0;
    %dup/vec4;
    %pushi/vec4 1, 0, 5;
    %cmp/u;
    %jmp/1 T_60.33, 6;
    %dup/vec4;
    %pushi/vec4 2, 0, 5;
    %cmp/u;
    %jmp/1 T_60.34, 6;
    %dup/vec4;
    %pushi/vec4 3, 0, 5;
    %cmp/u;
    %jmp/1 T_60.35, 6;
    %dup/vec4;
    %pushi/vec4 4, 0, 5;
    %cmp/u;
    %jmp/1 T_60.36, 6;
    %dup/vec4;
    %pushi/vec4 5, 0, 5;
    %cmp/u;
    %jmp/1 T_60.37, 6;
    %dup/vec4;
    %pushi/vec4 6, 0, 5;
    %cmp/u;
    %jmp/1 T_60.38, 6;
    %dup/vec4;
    %pushi/vec4 7, 0, 5;
    %cmp/u;
    %jmp/1 T_60.39, 6;
    %dup/vec4;
    %pushi/vec4 8, 0, 5;
    %cmp/u;
    %jmp/1 T_60.40, 6;
    %dup/vec4;
    %pushi/vec4 9, 0, 5;
    %cmp/u;
    %jmp/1 T_60.41, 6;
    %dup/vec4;
    %pushi/vec4 10, 0, 5;
    %cmp/u;
    %jmp/1 T_60.42, 6;
    %dup/vec4;
    %pushi/vec4 11, 0, 5;
    %cmp/u;
    %jmp/1 T_60.43, 6;
    %dup/vec4;
    %pushi/vec4 12, 0, 5;
    %cmp/u;
    %jmp/1 T_60.44, 6;
    %dup/vec4;
    %pushi/vec4 13, 0, 5;
    %cmp/u;
    %jmp/1 T_60.45, 6;
    %dup/vec4;
    %pushi/vec4 14, 0, 5;
    %cmp/u;
    %jmp/1 T_60.46, 6;
    %dup/vec4;
    %pushi/vec4 15, 0, 5;
    %cmp/u;
    %jmp/1 T_60.47, 6;
    %dup/vec4;
    %pushi/vec4 16, 0, 5;
    %cmp/u;
    %jmp/1 T_60.48, 6;
    %dup/vec4;
    %pushi/vec4 17, 0, 5;
    %cmp/u;
    %jmp/1 T_60.49, 6;
    %dup/vec4;
    %pushi/vec4 18, 0, 5;
    %cmp/u;
    %jmp/1 T_60.50, 6;
    %dup/vec4;
    %pushi/vec4 19, 0, 5;
    %cmp/u;
    %jmp/1 T_60.51, 6;
    %dup/vec4;
    %pushi/vec4 20, 0, 5;
    %cmp/u;
    %jmp/1 T_60.52, 6;
    %dup/vec4;
    %pushi/vec4 21, 0, 5;
    %cmp/u;
    %jmp/1 T_60.53, 6;
    %dup/vec4;
    %pushi/vec4 22, 0, 5;
    %cmp/u;
    %jmp/1 T_60.54, 6;
    %dup/vec4;
    %pushi/vec4 23, 0, 5;
    %cmp/u;
    %jmp/1 T_60.55, 6;
    %dup/vec4;
    %pushi/vec4 24, 0, 5;
    %cmp/u;
    %jmp/1 T_60.56, 6;
    %dup/vec4;
    %pushi/vec4 25, 0, 5;
    %cmp/u;
    %jmp/1 T_60.57, 6;
    %dup/vec4;
    %pushi/vec4 26, 0, 5;
    %cmp/u;
    %jmp/1 T_60.58, 6;
    %dup/vec4;
    %pushi/vec4 27, 0, 5;
    %cmp/u;
    %jmp/1 T_60.59, 6;
    %dup/vec4;
    %pushi/vec4 28, 0, 5;
    %cmp/u;
    %jmp/1 T_60.60, 6;
    %dup/vec4;
    %pushi/vec4 29, 0, 5;
    %cmp/u;
    %jmp/1 T_60.61, 6;
    %dup/vec4;
    %pushi/vec4 30, 0, 5;
    %cmp/u;
    %jmp/1 T_60.62, 6;
    %dup/vec4;
    %pushi/vec4 31, 0, 5;
    %cmp/u;
    %jmp/1 T_60.63, 6;
    %pushi/vec4 0, 0, 32;
    %store/vec4 v0x55ab8ced4250_0, 0, 32;
    %jmp T_60.65;
T_60.33 ;
    %load/vec4 v0x55ab8ced4d30_0;
    %store/vec4 v0x55ab8ced4250_0, 0, 32;
    %jmp T_60.65;
T_60.34 ;
    %load/vec4 v0x55ab8ced57e0_0;
    %store/vec4 v0x55ab8ced4250_0, 0, 32;
    %jmp T_60.65;
T_60.35 ;
    %load/vec4 v0x55ab8ced5a80_0;
    %store/vec4 v0x55ab8ced4250_0, 0, 32;
    %jmp T_60.65;
T_60.36 ;
    %load/vec4 v0x55ab8ced5b60_0;
    %store/vec4 v0x55ab8ced4250_0, 0, 32;
    %jmp T_60.65;
T_60.37 ;
    %load/vec4 v0x55ab8ced5c40_0;
    %store/vec4 v0x55ab8ced4250_0, 0, 32;
    %jmp T_60.65;
T_60.38 ;
    %load/vec4 v0x55ab8ced5d20_0;
    %store/vec4 v0x55ab8ced4250_0, 0, 32;
    %jmp T_60.65;
T_60.39 ;
    %load/vec4 v0x55ab8ced5e00_0;
    %store/vec4 v0x55ab8ced4250_0, 0, 32;
    %jmp T_60.65;
T_60.40 ;
    %load/vec4 v0x55ab8ced5ee0_0;
    %store/vec4 v0x55ab8ced4250_0, 0, 32;
    %jmp T_60.65;
T_60.41 ;
    %load/vec4 v0x55ab8ced5fc0_0;
    %store/vec4 v0x55ab8ced4250_0, 0, 32;
    %jmp T_60.65;
T_60.42 ;
    %load/vec4 v0x55ab8ced4420_0;
    %store/vec4 v0x55ab8ced4250_0, 0, 32;
    %jmp T_60.65;
T_60.43 ;
    %load/vec4 v0x55ab8ced4550_0;
    %store/vec4 v0x55ab8ced4250_0, 0, 32;
    %jmp T_60.65;
T_60.44 ;
    %load/vec4 v0x55ab8ced4630_0;
    %store/vec4 v0x55ab8ced4250_0, 0, 32;
    %jmp T_60.65;
T_60.45 ;
    %load/vec4 v0x55ab8ced4710_0;
    %store/vec4 v0x55ab8ced4250_0, 0, 32;
    %jmp T_60.65;
T_60.46 ;
    %load/vec4 v0x55ab8ced47f0_0;
    %store/vec4 v0x55ab8ced4250_0, 0, 32;
    %jmp T_60.65;
T_60.47 ;
    %load/vec4 v0x55ab8ced48d0_0;
    %store/vec4 v0x55ab8ced4250_0, 0, 32;
    %jmp T_60.65;
T_60.48 ;
    %load/vec4 v0x55ab8ced49b0_0;
    %store/vec4 v0x55ab8ced4250_0, 0, 32;
    %jmp T_60.65;
T_60.49 ;
    %load/vec4 v0x55ab8ced4a90_0;
    %store/vec4 v0x55ab8ced4250_0, 0, 32;
    %jmp T_60.65;
T_60.50 ;
    %load/vec4 v0x55ab8ced4b70_0;
    %store/vec4 v0x55ab8ced4250_0, 0, 32;
    %jmp T_60.65;
T_60.51 ;
    %load/vec4 v0x55ab8ced4c50_0;
    %store/vec4 v0x55ab8ced4250_0, 0, 32;
    %jmp T_60.65;
T_60.52 ;
    %load/vec4 v0x55ab8ced4e10_0;
    %store/vec4 v0x55ab8ced4250_0, 0, 32;
    %jmp T_60.65;
T_60.53 ;
    %load/vec4 v0x55ab8ced4ef0_0;
    %store/vec4 v0x55ab8ced4250_0, 0, 32;
    %jmp T_60.65;
T_60.54 ;
    %load/vec4 v0x55ab8ced50e0_0;
    %store/vec4 v0x55ab8ced4250_0, 0, 32;
    %jmp T_60.65;
T_60.55 ;
    %load/vec4 v0x55ab8ced51c0_0;
    %store/vec4 v0x55ab8ced4250_0, 0, 32;
    %jmp T_60.65;
T_60.56 ;
    %load/vec4 v0x55ab8ced52a0_0;
    %store/vec4 v0x55ab8ced4250_0, 0, 32;
    %jmp T_60.65;
T_60.57 ;
    %load/vec4 v0x55ab8ced5380_0;
    %store/vec4 v0x55ab8ced4250_0, 0, 32;
    %jmp T_60.65;
T_60.58 ;
    %load/vec4 v0x55ab8ced5460_0;
    %store/vec4 v0x55ab8ced4250_0, 0, 32;
    %jmp T_60.65;
T_60.59 ;
    %load/vec4 v0x55ab8ced5540_0;
    %store/vec4 v0x55ab8ced4250_0, 0, 32;
    %jmp T_60.65;
T_60.60 ;
    %load/vec4 v0x55ab8ced5620_0;
    %store/vec4 v0x55ab8ced4250_0, 0, 32;
    %jmp T_60.65;
T_60.61 ;
    %load/vec4 v0x55ab8ced5700_0;
    %store/vec4 v0x55ab8ced4250_0, 0, 32;
    %jmp T_60.65;
T_60.62 ;
    %load/vec4 v0x55ab8ced58c0_0;
    %store/vec4 v0x55ab8ced4250_0, 0, 32;
    %jmp T_60.65;
T_60.63 ;
    %load/vec4 v0x55ab8ced59a0_0;
    %store/vec4 v0x55ab8ced4250_0, 0, 32;
    %jmp T_60.65;
T_60.65 ;
    %pop/vec4 1;
    %jmp T_60;
    .thread T_60, $push;
    .scope S_0x55ab8ced3c80;
T_61 ;
    %wait E_0x55ab8ced3e60;
    %load/vec4 v0x55ab8ced7f00_0;
    %dup/vec4;
    %pushi/vec4 1, 0, 5;
    %cmp/u;
    %jmp/1 T_61.0, 6;
    %dup/vec4;
    %pushi/vec4 2, 0, 5;
    %cmp/u;
    %jmp/1 T_61.1, 6;
    %dup/vec4;
    %pushi/vec4 3, 0, 5;
    %cmp/u;
    %jmp/1 T_61.2, 6;
    %dup/vec4;
    %pushi/vec4 4, 0, 5;
    %cmp/u;
    %jmp/1 T_61.3, 6;
    %dup/vec4;
    %pushi/vec4 5, 0, 5;
    %cmp/u;
    %jmp/1 T_61.4, 6;
    %dup/vec4;
    %pushi/vec4 6, 0, 5;
    %cmp/u;
    %jmp/1 T_61.5, 6;
    %dup/vec4;
    %pushi/vec4 7, 0, 5;
    %cmp/u;
    %jmp/1 T_61.6, 6;
    %dup/vec4;
    %pushi/vec4 8, 0, 5;
    %cmp/u;
    %jmp/1 T_61.7, 6;
    %dup/vec4;
    %pushi/vec4 9, 0, 5;
    %cmp/u;
    %jmp/1 T_61.8, 6;
    %dup/vec4;
    %pushi/vec4 10, 0, 5;
    %cmp/u;
    %jmp/1 T_61.9, 6;
    %dup/vec4;
    %pushi/vec4 11, 0, 5;
    %cmp/u;
    %jmp/1 T_61.10, 6;
    %dup/vec4;
    %pushi/vec4 12, 0, 5;
    %cmp/u;
    %jmp/1 T_61.11, 6;
    %dup/vec4;
    %pushi/vec4 13, 0, 5;
    %cmp/u;
    %jmp/1 T_61.12, 6;
    %dup/vec4;
    %pushi/vec4 14, 0, 5;
    %cmp/u;
    %jmp/1 T_61.13, 6;
    %dup/vec4;
    %pushi/vec4 15, 0, 5;
    %cmp/u;
    %jmp/1 T_61.14, 6;
    %dup/vec4;
    %pushi/vec4 16, 0, 5;
    %cmp/u;
    %jmp/1 T_61.15, 6;
    %dup/vec4;
    %pushi/vec4 17, 0, 5;
    %cmp/u;
    %jmp/1 T_61.16, 6;
    %dup/vec4;
    %pushi/vec4 18, 0, 5;
    %cmp/u;
    %jmp/1 T_61.17, 6;
    %dup/vec4;
    %pushi/vec4 19, 0, 5;
    %cmp/u;
    %jmp/1 T_61.18, 6;
    %dup/vec4;
    %pushi/vec4 20, 0, 5;
    %cmp/u;
    %jmp/1 T_61.19, 6;
    %dup/vec4;
    %pushi/vec4 21, 0, 5;
    %cmp/u;
    %jmp/1 T_61.20, 6;
    %dup/vec4;
    %pushi/vec4 22, 0, 5;
    %cmp/u;
    %jmp/1 T_61.21, 6;
    %dup/vec4;
    %pushi/vec4 23, 0, 5;
    %cmp/u;
    %jmp/1 T_61.22, 6;
    %dup/vec4;
    %pushi/vec4 24, 0, 5;
    %cmp/u;
    %jmp/1 T_61.23, 6;
    %dup/vec4;
    %pushi/vec4 25, 0, 5;
    %cmp/u;
    %jmp/1 T_61.24, 6;
    %dup/vec4;
    %pushi/vec4 26, 0, 5;
    %cmp/u;
    %jmp/1 T_61.25, 6;
    %dup/vec4;
    %pushi/vec4 27, 0, 5;
    %cmp/u;
    %jmp/1 T_61.26, 6;
    %dup/vec4;
    %pushi/vec4 28, 0, 5;
    %cmp/u;
    %jmp/1 T_61.27, 6;
    %dup/vec4;
    %pushi/vec4 29, 0, 5;
    %cmp/u;
    %jmp/1 T_61.28, 6;
    %dup/vec4;
    %pushi/vec4 30, 0, 5;
    %cmp/u;
    %jmp/1 T_61.29, 6;
    %dup/vec4;
    %pushi/vec4 31, 0, 5;
    %cmp/u;
    %jmp/1 T_61.30, 6;
    %pushi/vec4 0, 0, 32;
    %store/vec4 v0x55ab8ced4170_0, 0, 32;
    %jmp T_61.32;
T_61.0 ;
    %load/vec4 v0x55ab8ced4d30_0;
    %store/vec4 v0x55ab8ced4170_0, 0, 32;
    %jmp T_61.32;
T_61.1 ;
    %load/vec4 v0x55ab8ced57e0_0;
    %store/vec4 v0x55ab8ced4170_0, 0, 32;
    %jmp T_61.32;
T_61.2 ;
    %load/vec4 v0x55ab8ced5a80_0;
    %store/vec4 v0x55ab8ced4170_0, 0, 32;
    %jmp T_61.32;
T_61.3 ;
    %load/vec4 v0x55ab8ced5b60_0;
    %store/vec4 v0x55ab8ced4170_0, 0, 32;
    %jmp T_61.32;
T_61.4 ;
    %load/vec4 v0x55ab8ced5c40_0;
    %store/vec4 v0x55ab8ced4170_0, 0, 32;
    %jmp T_61.32;
T_61.5 ;
    %load/vec4 v0x55ab8ced5d20_0;
    %store/vec4 v0x55ab8ced4170_0, 0, 32;
    %jmp T_61.32;
T_61.6 ;
    %load/vec4 v0x55ab8ced5e00_0;
    %store/vec4 v0x55ab8ced4170_0, 0, 32;
    %jmp T_61.32;
T_61.7 ;
    %load/vec4 v0x55ab8ced5ee0_0;
    %store/vec4 v0x55ab8ced4170_0, 0, 32;
    %jmp T_61.32;
T_61.8 ;
    %load/vec4 v0x55ab8ced5fc0_0;
    %store/vec4 v0x55ab8ced4170_0, 0, 32;
    %jmp T_61.32;
T_61.9 ;
    %load/vec4 v0x55ab8ced4420_0;
    %store/vec4 v0x55ab8ced4170_0, 0, 32;
    %jmp T_61.32;
T_61.10 ;
    %load/vec4 v0x55ab8ced4550_0;
    %store/vec4 v0x55ab8ced4170_0, 0, 32;
    %jmp T_61.32;
T_61.11 ;
    %load/vec4 v0x55ab8ced4630_0;
    %store/vec4 v0x55ab8ced4170_0, 0, 32;
    %jmp T_61.32;
T_61.12 ;
    %load/vec4 v0x55ab8ced4710_0;
    %store/vec4 v0x55ab8ced4170_0, 0, 32;
    %jmp T_61.32;
T_61.13 ;
    %load/vec4 v0x55ab8ced47f0_0;
    %store/vec4 v0x55ab8ced4170_0, 0, 32;
    %jmp T_61.32;
T_61.14 ;
    %load/vec4 v0x55ab8ced48d0_0;
    %store/vec4 v0x55ab8ced4170_0, 0, 32;
    %jmp T_61.32;
T_61.15 ;
    %load/vec4 v0x55ab8ced49b0_0;
    %store/vec4 v0x55ab8ced4170_0, 0, 32;
    %jmp T_61.32;
T_61.16 ;
    %load/vec4 v0x55ab8ced4a90_0;
    %store/vec4 v0x55ab8ced4170_0, 0, 32;
    %jmp T_61.32;
T_61.17 ;
    %load/vec4 v0x55ab8ced4b70_0;
    %store/vec4 v0x55ab8ced4170_0, 0, 32;
    %jmp T_61.32;
T_61.18 ;
    %load/vec4 v0x55ab8ced4c50_0;
    %store/vec4 v0x55ab8ced4170_0, 0, 32;
    %jmp T_61.32;
T_61.19 ;
    %load/vec4 v0x55ab8ced4e10_0;
    %store/vec4 v0x55ab8ced4170_0, 0, 32;
    %jmp T_61.32;
T_61.20 ;
    %load/vec4 v0x55ab8ced4ef0_0;
    %store/vec4 v0x55ab8ced4170_0, 0, 32;
    %jmp T_61.32;
T_61.21 ;
    %load/vec4 v0x55ab8ced50e0_0;
    %store/vec4 v0x55ab8ced4170_0, 0, 32;
    %jmp T_61.32;
T_61.22 ;
    %load/vec4 v0x55ab8ced51c0_0;
    %store/vec4 v0x55ab8ced4170_0, 0, 32;
    %jmp T_61.32;
T_61.23 ;
    %load/vec4 v0x55ab8ced52a0_0;
    %store/vec4 v0x55ab8ced4170_0, 0, 32;
    %jmp T_61.32;
T_61.24 ;
    %load/vec4 v0x55ab8ced5380_0;
    %store/vec4 v0x55ab8ced4170_0, 0, 32;
    %jmp T_61.32;
T_61.25 ;
    %load/vec4 v0x55ab8ced5460_0;
    %store/vec4 v0x55ab8ced4170_0, 0, 32;
    %jmp T_61.32;
T_61.26 ;
    %load/vec4 v0x55ab8ced5540_0;
    %store/vec4 v0x55ab8ced4170_0, 0, 32;
    %jmp T_61.32;
T_61.27 ;
    %load/vec4 v0x55ab8ced5620_0;
    %store/vec4 v0x55ab8ced4170_0, 0, 32;
    %jmp T_61.32;
T_61.28 ;
    %load/vec4 v0x55ab8ced5700_0;
    %store/vec4 v0x55ab8ced4170_0, 0, 32;
    %jmp T_61.32;
T_61.29 ;
    %load/vec4 v0x55ab8ced58c0_0;
    %store/vec4 v0x55ab8ced4170_0, 0, 32;
    %jmp T_61.32;
T_61.30 ;
    %load/vec4 v0x55ab8ced59a0_0;
    %store/vec4 v0x55ab8ced4170_0, 0, 32;
    %jmp T_61.32;
T_61.32 ;
    %pop/vec4 1;
    %load/vec4 v0x55ab8ced8280_0;
    %dup/vec4;
    %pushi/vec4 1, 0, 5;
    %cmp/u;
    %jmp/1 T_61.33, 6;
    %dup/vec4;
    %pushi/vec4 2, 0, 5;
    %cmp/u;
    %jmp/1 T_61.34, 6;
    %dup/vec4;
    %pushi/vec4 3, 0, 5;
    %cmp/u;
    %jmp/1 T_61.35, 6;
    %dup/vec4;
    %pushi/vec4 4, 0, 5;
    %cmp/u;
    %jmp/1 T_61.36, 6;
    %dup/vec4;
    %pushi/vec4 5, 0, 5;
    %cmp/u;
    %jmp/1 T_61.37, 6;
    %dup/vec4;
    %pushi/vec4 6, 0, 5;
    %cmp/u;
    %jmp/1 T_61.38, 6;
    %dup/vec4;
    %pushi/vec4 7, 0, 5;
    %cmp/u;
    %jmp/1 T_61.39, 6;
    %dup/vec4;
    %pushi/vec4 8, 0, 5;
    %cmp/u;
    %jmp/1 T_61.40, 6;
    %dup/vec4;
    %pushi/vec4 9, 0, 5;
    %cmp/u;
    %jmp/1 T_61.41, 6;
    %dup/vec4;
    %pushi/vec4 10, 0, 5;
    %cmp/u;
    %jmp/1 T_61.42, 6;
    %dup/vec4;
    %pushi/vec4 11, 0, 5;
    %cmp/u;
    %jmp/1 T_61.43, 6;
    %dup/vec4;
    %pushi/vec4 12, 0, 5;
    %cmp/u;
    %jmp/1 T_61.44, 6;
    %dup/vec4;
    %pushi/vec4 13, 0, 5;
    %cmp/u;
    %jmp/1 T_61.45, 6;
    %dup/vec4;
    %pushi/vec4 14, 0, 5;
    %cmp/u;
    %jmp/1 T_61.46, 6;
    %dup/vec4;
    %pushi/vec4 15, 0, 5;
    %cmp/u;
    %jmp/1 T_61.47, 6;
    %dup/vec4;
    %pushi/vec4 16, 0, 5;
    %cmp/u;
    %jmp/1 T_61.48, 6;
    %dup/vec4;
    %pushi/vec4 17, 0, 5;
    %cmp/u;
    %jmp/1 T_61.49, 6;
    %dup/vec4;
    %pushi/vec4 18, 0, 5;
    %cmp/u;
    %jmp/1 T_61.50, 6;
    %dup/vec4;
    %pushi/vec4 19, 0, 5;
    %cmp/u;
    %jmp/1 T_61.51, 6;
    %dup/vec4;
    %pushi/vec4 20, 0, 5;
    %cmp/u;
    %jmp/1 T_61.52, 6;
    %dup/vec4;
    %pushi/vec4 21, 0, 5;
    %cmp/u;
    %jmp/1 T_61.53, 6;
    %dup/vec4;
    %pushi/vec4 22, 0, 5;
    %cmp/u;
    %jmp/1 T_61.54, 6;
    %dup/vec4;
    %pushi/vec4 23, 0, 5;
    %cmp/u;
    %jmp/1 T_61.55, 6;
    %dup/vec4;
    %pushi/vec4 24, 0, 5;
    %cmp/u;
    %jmp/1 T_61.56, 6;
    %dup/vec4;
    %pushi/vec4 25, 0, 5;
    %cmp/u;
    %jmp/1 T_61.57, 6;
    %dup/vec4;
    %pushi/vec4 26, 0, 5;
    %cmp/u;
    %jmp/1 T_61.58, 6;
    %dup/vec4;
    %pushi/vec4 27, 0, 5;
    %cmp/u;
    %jmp/1 T_61.59, 6;
    %dup/vec4;
    %pushi/vec4 28, 0, 5;
    %cmp/u;
    %jmp/1 T_61.60, 6;
    %dup/vec4;
    %pushi/vec4 29, 0, 5;
    %cmp/u;
    %jmp/1 T_61.61, 6;
    %dup/vec4;
    %pushi/vec4 30, 0, 5;
    %cmp/u;
    %jmp/1 T_61.62, 6;
    %dup/vec4;
    %pushi/vec4 31, 0, 5;
    %cmp/u;
    %jmp/1 T_61.63, 6;
    %pushi/vec4 0, 0, 32;
    %store/vec4 v0x55ab8ced4340_0, 0, 32;
    %jmp T_61.65;
T_61.33 ;
    %load/vec4 v0x55ab8ced4d30_0;
    %store/vec4 v0x55ab8ced4340_0, 0, 32;
    %jmp T_61.65;
T_61.34 ;
    %load/vec4 v0x55ab8ced57e0_0;
    %store/vec4 v0x55ab8ced4340_0, 0, 32;
    %jmp T_61.65;
T_61.35 ;
    %load/vec4 v0x55ab8ced5a80_0;
    %store/vec4 v0x55ab8ced4340_0, 0, 32;
    %jmp T_61.65;
T_61.36 ;
    %load/vec4 v0x55ab8ced5b60_0;
    %store/vec4 v0x55ab8ced4340_0, 0, 32;
    %jmp T_61.65;
T_61.37 ;
    %load/vec4 v0x55ab8ced5c40_0;
    %store/vec4 v0x55ab8ced4340_0, 0, 32;
    %jmp T_61.65;
T_61.38 ;
    %load/vec4 v0x55ab8ced5d20_0;
    %store/vec4 v0x55ab8ced4340_0, 0, 32;
    %jmp T_61.65;
T_61.39 ;
    %load/vec4 v0x55ab8ced5e00_0;
    %store/vec4 v0x55ab8ced4340_0, 0, 32;
    %jmp T_61.65;
T_61.40 ;
    %load/vec4 v0x55ab8ced5ee0_0;
    %store/vec4 v0x55ab8ced4340_0, 0, 32;
    %jmp T_61.65;
T_61.41 ;
    %load/vec4 v0x55ab8ced5fc0_0;
    %store/vec4 v0x55ab8ced4340_0, 0, 32;
    %jmp T_61.65;
T_61.42 ;
    %load/vec4 v0x55ab8ced4420_0;
    %store/vec4 v0x55ab8ced4340_0, 0, 32;
    %jmp T_61.65;
T_61.43 ;
    %load/vec4 v0x55ab8ced4550_0;
    %store/vec4 v0x55ab8ced4340_0, 0, 32;
    %jmp T_61.65;
T_61.44 ;
    %load/vec4 v0x55ab8ced4630_0;
    %store/vec4 v0x55ab8ced4340_0, 0, 32;
    %jmp T_61.65;
T_61.45 ;
    %load/vec4 v0x55ab8ced4710_0;
    %store/vec4 v0x55ab8ced4340_0, 0, 32;
    %jmp T_61.65;
T_61.46 ;
    %load/vec4 v0x55ab8ced47f0_0;
    %store/vec4 v0x55ab8ced4340_0, 0, 32;
    %jmp T_61.65;
T_61.47 ;
    %load/vec4 v0x55ab8ced48d0_0;
    %store/vec4 v0x55ab8ced4340_0, 0, 32;
    %jmp T_61.65;
T_61.48 ;
    %load/vec4 v0x55ab8ced49b0_0;
    %store/vec4 v0x55ab8ced4340_0, 0, 32;
    %jmp T_61.65;
T_61.49 ;
    %load/vec4 v0x55ab8ced4a90_0;
    %store/vec4 v0x55ab8ced4340_0, 0, 32;
    %jmp T_61.65;
T_61.50 ;
    %load/vec4 v0x55ab8ced4b70_0;
    %store/vec4 v0x55ab8ced4340_0, 0, 32;
    %jmp T_61.65;
T_61.51 ;
    %load/vec4 v0x55ab8ced4c50_0;
    %store/vec4 v0x55ab8ced4340_0, 0, 32;
    %jmp T_61.65;
T_61.52 ;
    %load/vec4 v0x55ab8ced4e10_0;
    %store/vec4 v0x55ab8ced4340_0, 0, 32;
    %jmp T_61.65;
T_61.53 ;
    %load/vec4 v0x55ab8ced4ef0_0;
    %store/vec4 v0x55ab8ced4340_0, 0, 32;
    %jmp T_61.65;
T_61.54 ;
    %load/vec4 v0x55ab8ced50e0_0;
    %store/vec4 v0x55ab8ced4340_0, 0, 32;
    %jmp T_61.65;
T_61.55 ;
    %load/vec4 v0x55ab8ced51c0_0;
    %store/vec4 v0x55ab8ced4340_0, 0, 32;
    %jmp T_61.65;
T_61.56 ;
    %load/vec4 v0x55ab8ced52a0_0;
    %store/vec4 v0x55ab8ced4340_0, 0, 32;
    %jmp T_61.65;
T_61.57 ;
    %load/vec4 v0x55ab8ced5380_0;
    %store/vec4 v0x55ab8ced4340_0, 0, 32;
    %jmp T_61.65;
T_61.58 ;
    %load/vec4 v0x55ab8ced5460_0;
    %store/vec4 v0x55ab8ced4340_0, 0, 32;
    %jmp T_61.65;
T_61.59 ;
    %load/vec4 v0x55ab8ced5540_0;
    %store/vec4 v0x55ab8ced4340_0, 0, 32;
    %jmp T_61.65;
T_61.60 ;
    %load/vec4 v0x55ab8ced5620_0;
    %store/vec4 v0x55ab8ced4340_0, 0, 32;
    %jmp T_61.65;
T_61.61 ;
    %load/vec4 v0x55ab8ced5700_0;
    %store/vec4 v0x55ab8ced4340_0, 0, 32;
    %jmp T_61.65;
T_61.62 ;
    %load/vec4 v0x55ab8ced58c0_0;
    %store/vec4 v0x55ab8ced4340_0, 0, 32;
    %jmp T_61.65;
T_61.63 ;
    %load/vec4 v0x55ab8ced59a0_0;
    %store/vec4 v0x55ab8ced4340_0, 0, 32;
    %jmp T_61.65;
T_61.65 ;
    %pop/vec4 1;
    %jmp T_61;
    .thread T_61, $push;
    .scope S_0x55ab8cec1560;
T_62 ;
    %wait E_0x55ab8c8315a0;
    %load/vec4 v0x55ab8cee8210_0;
    %flag_set/vec4 8;
    %jmp/0xz  T_62.0, 8;
    %pushi/vec4 0, 0, 32;
    %assign/vec4 v0x55ab8cee5120_0, 0;
    %jmp T_62.1;
T_62.0 ;
    %load/vec4 v0x55ab8cedbfa0_0;
    %flag_set/vec4 8;
    %jmp/0xz  T_62.2, 8;
    %load/vec4 v0x55ab8cedbe10_0;
    %assign/vec4 v0x55ab8cee5120_0, 0;
    %jmp T_62.3;
T_62.2 ;
    %load/vec4 v0x55ab8cedc860_0;
    %flag_set/vec4 8;
    %jmp/0xz  T_62.4, 8;
    %load/vec4 v0x55ab8cedc6b0_0;
    %assign/vec4 v0x55ab8cee5120_0, 0;
    %jmp T_62.5;
T_62.4 ;
    %load/vec4 v0x55ab8cedc5c0_0;
    %flag_set/vec4 8;
    %jmp/0xz  T_62.6, 8;
    %load/vec4 v0x55ab8cedc070_0;
    %assign/vec4 v0x55ab8cee5120_0, 0;
    %jmp T_62.7;
T_62.6 ;
    %load/vec4 v0x55ab8cedef50_0;
    %flag_set/vec4 8;
    %jmp/0xz  T_62.8, 8;
    %load/vec4 v0x55ab8cee5120_0;
    %addi 8, 0, 32;
    %assign/vec4 v0x55ab8cee5120_0, 0;
    %jmp T_62.9;
T_62.8 ;
    %load/vec4 v0x55ab8cee8350_0;
    %flag_set/vec4 8;
    %jmp/0xz  T_62.10, 8;
    %load/vec4 v0x55ab8cee5120_0;
    %addi 4, 0, 32;
    %assign/vec4 v0x55ab8cee5120_0, 0;
T_62.10 ;
T_62.9 ;
T_62.7 ;
T_62.5 ;
T_62.3 ;
T_62.1 ;
    %jmp T_62;
    .thread T_62;
    .scope S_0x55ab8cec1560;
T_63 ;
    %wait E_0x55ab8c8315a0;
    %load/vec4 v0x55ab8cee8210_0;
    %flag_set/vec4 8;
    %jmp/0xz  T_63.0, 8;
    %pushi/vec4 3, 0, 2;
    %assign/vec4 v0x55ab8cee8170_0, 0;
    %jmp T_63.1;
T_63.0 ;
    %load/vec4 v0x55ab8cedbfa0_0;
    %flag_set/vec4 8;
    %jmp/0xz  T_63.2, 8;
    %load/vec4 v0x55ab8cedbed0_0;
    %assign/vec4 v0x55ab8cee8170_0, 0;
T_63.2 ;
T_63.1 ;
    %jmp T_63;
    .thread T_63;
    .scope S_0x55ab8cec1560;
T_64 ;
    %wait E_0x55ab8ce15600;
    %pushi/vec4 0, 0, 1;
    %store/vec4 v0x55ab8cee3200_0, 0, 1;
    %pushi/vec4 0, 0, 1;
    %store/vec4 v0x55ab8cee83f0_0, 0, 1;
    %pushi/vec4 0, 0, 1;
    %store/vec4 v0x55ab8cee8490_0, 0, 1;
    %load/vec4 v0x55ab8cedbfa0_0;
    %flag_set/vec4 8;
    %jmp/1 T_64.2, 8;
    %load/vec4 v0x55ab8cee8530_0;
    %flag_set/vec4 9;
    %flag_or 8, 9;
T_64.2;
    %jmp/0xz  T_64.0, 8;
    %pushi/vec4 0, 0, 1;
    %store/vec4 v0x55ab8cee83f0_0, 0, 1;
    %pushi/vec4 0, 0, 1;
    %store/vec4 v0x55ab8cee8490_0, 0, 1;
    %jmp T_64.1;
T_64.0 ;
    %load/vec4 v0x55ab8cee0630_0;
    %flag_set/vec4 9;
    %flag_get/vec4 9;
    %jmp/0 T_64.5, 9;
    %load/vec4 v0x55ab8cee0590_0;
    %parti/s 30, 2, 3;
    %concati/vec4 0, 0, 2;
    %load/vec4 v0x55ab8cee5120_0;
    %parti/s 30, 2, 3;
    %concati/vec4 0, 0, 2;
    %cmp/e;
    %flag_get/vec4 4;
    %and;
T_64.5;
    %flag_set/vec4 8;
    %jmp/0xz  T_64.3, 8;
    %pushi/vec4 1, 0, 1;
    %store/vec4 v0x55ab8cee83f0_0, 0, 1;
    %jmp T_64.4;
T_64.3 ;
    %load/vec4 v0x55ab8cee1010_0;
    %flag_set/vec4 9;
    %flag_get/vec4 9;
    %jmp/0 T_64.8, 9;
    %load/vec4 v0x55ab8cee0f70_0;
    %parti/s 30, 2, 3;
    %concati/vec4 0, 0, 2;
    %load/vec4 v0x55ab8cee5120_0;
    %parti/s 30, 2, 3;
    %concati/vec4 0, 0, 2;
    %cmp/e;
    %flag_get/vec4 4;
    %and;
T_64.8;
    %flag_set/vec4 8;
    %jmp/0xz  T_64.6, 8;
    %pushi/vec4 1, 0, 1;
    %store/vec4 v0x55ab8cee8490_0, 0, 1;
    %jmp T_64.7;
T_64.6 ;
    %load/vec4 v0x55ab8cee0630_0;
    %flag_set/vec4 8;
    %jmp/1 T_64.11, 8;
    %load/vec4 v0x55ab8cee1010_0;
    %flag_set/vec4 9;
    %flag_or 8, 9;
T_64.11;
    %jmp/0xz  T_64.9, 8;
    %pushi/vec4 1, 0, 1;
    %store/vec4 v0x55ab8cee3200_0, 0, 1;
T_64.9 ;
T_64.7 ;
T_64.4 ;
T_64.1 ;
    %jmp T_64;
    .thread T_64, $push;
    .scope S_0x55ab8cec1560;
T_65 ;
    %wait E_0x55ab8c6aac60;
    %pushi/vec4 0, 0, 32;
    %store/vec4 v0x55ab8cee4b20_0, 0, 32;
    %pushi/vec4 0, 0, 32;
    %store/vec4 v0x55ab8cee4f80_0, 0, 32;
    %pushi/vec4 0, 0, 1;
    %store/vec4 v0x55ab8cee4c00_0, 0, 1;
    %pushi/vec4 0, 0, 1;
    %store/vec4 v0x55ab8cee5060_0, 0, 1;
    %pushi/vec4 0, 0, 2;
    %store/vec4 v0x55ab8cee4920_0, 0, 2;
    %pushi/vec4 0, 0, 2;
    %store/vec4 v0x55ab8cee4d60_0, 0, 2;
    %pushi/vec4 0, 0, 32;
    %store/vec4 v0x55ab8cee4a60_0, 0, 32;
    %pushi/vec4 0, 0, 32;
    %store/vec4 v0x55ab8cee4ec0_0, 0, 32;
    %load/vec4 v0x55ab8cee83f0_0;
    %flag_set/vec4 8;
    %jmp/0xz  T_65.0, 8;
    %pushi/vec4 1, 0, 1;
    %store/vec4 v0x55ab8cee4c00_0, 0, 1;
    %load/vec4 v0x55ab8cee1010_0;
    %store/vec4 v0x55ab8cee5060_0, 0, 1;
    %load/vec4 v0x55ab8cee01e0_0;
    %store/vec4 v0x55ab8cee4b20_0, 0, 32;
    %load/vec4 v0x55ab8cee0590_0;
    %store/vec4 v0x55ab8cee4a60_0, 0, 32;
    %load/vec4 v0x55ab8cedfe70_0;
    %load/vec4 v0x55ab8cedfd80_0;
    %concat/vec4; draw_concat_vec4
    %store/vec4 v0x55ab8cee4920_0, 0, 2;
    %load/vec4 v0x55ab8cee0bc0_0;
    %store/vec4 v0x55ab8cee4f80_0, 0, 32;
    %load/vec4 v0x55ab8cee0f70_0;
    %store/vec4 v0x55ab8cee4ec0_0, 0, 32;
    %load/vec4 v0x55ab8cee08a0_0;
    %load/vec4 v0x55ab8cee0800_0;
    %concat/vec4; draw_concat_vec4
    %store/vec4 v0x55ab8cee4d60_0, 0, 2;
    %jmp T_65.1;
T_65.0 ;
    %load/vec4 v0x55ab8cee8490_0;
    %flag_set/vec4 8;
    %jmp/0xz  T_65.2, 8;
    %pushi/vec4 1, 0, 1;
    %store/vec4 v0x55ab8cee4c00_0, 0, 1;
    %pushi/vec4 0, 0, 1;
    %store/vec4 v0x55ab8cee5060_0, 0, 1;
    %load/vec4 v0x55ab8cee0bc0_0;
    %store/vec4 v0x55ab8cee4b20_0, 0, 32;
    %load/vec4 v0x55ab8cee0f70_0;
    %store/vec4 v0x55ab8cee4a60_0, 0, 32;
    %load/vec4 v0x55ab8cee08a0_0;
    %load/vec4 v0x55ab8cee0800_0;
    %concat/vec4; draw_concat_vec4
    %store/vec4 v0x55ab8cee4920_0, 0, 2;
    %pushi/vec4 0, 0, 32;
    %store/vec4 v0x55ab8cee4f80_0, 0, 32;
    %pushi/vec4 0, 0, 32;
    %store/vec4 v0x55ab8cee4ec0_0, 0, 32;
    %pushi/vec4 0, 0, 2;
    %store/vec4 v0x55ab8cee4d60_0, 0, 2;
T_65.2 ;
T_65.1 ;
    %jmp T_65;
    .thread T_65, $push;
    .scope S_0x55ab8cec1560;
T_66 ;
    %wait E_0x55ab8c8315a0;
    %load/vec4 v0x55ab8cee8210_0;
    %flag_set/vec4 8;
    %jmp/0xz  T_66.0, 8;
    %pushi/vec4 0, 0, 1;
    %assign/vec4 v0x55ab8cededf0_0, 0;
    %jmp T_66.1;
T_66.0 ;
    %load/vec4 v0x55ab8cedf750_0;
    %flag_set/vec4 8;
    %jmp/1 T_66.4, 8;
    %load/vec4 v0x55ab8cee7e70_0;
    %flag_set/vec4 9;
    %flag_or 8, 9;
T_66.4;
    %jmp/0xz  T_66.2, 8;
    %pushi/vec4 0, 0, 1;
    %assign/vec4 v0x55ab8cededf0_0, 0;
    %jmp T_66.3;
T_66.2 ;
    %load/vec4 v0x55ab8ceded50_0;
    %flag_set/vec4 9;
    %flag_get/vec4 9;
    %jmp/0 T_66.7, 9;
    %load/vec4 v0x55ab8cee1320_0;
    %and;
T_66.7;
    %flag_set/vec4 8;
    %jmp/0xz  T_66.5, 8;
    %pushi/vec4 1, 0, 1;
    %assign/vec4 v0x55ab8cededf0_0, 0;
    %jmp T_66.6;
T_66.5 ;
    %load/vec4 v0x55ab8cee8760_0;
    %flag_set/vec4 8;
    %jmp/0xz  T_66.8, 8;
    %pushi/vec4 0, 0, 1;
    %assign/vec4 v0x55ab8cededf0_0, 0;
T_66.8 ;
T_66.6 ;
T_66.3 ;
T_66.1 ;
    %jmp T_66;
    .thread T_66;
    .scope S_0x55ab8cec1560;
T_67 ;
    %wait E_0x55ab8c8315a0;
    %load/vec4 v0x55ab8cee8210_0;
    %flag_set/vec4 8;
    %jmp/0xz  T_67.0, 8;
    %pushi/vec4 0, 0, 1;
    %assign/vec4 v0x55ab8cede3e0_0, 0;
    %jmp T_67.1;
T_67.0 ;
    %load/vec4 v0x55ab8cedf750_0;
    %flag_set/vec4 8;
    %jmp/1 T_67.4, 8;
    %load/vec4 v0x55ab8cee7e70_0;
    %flag_set/vec4 9;
    %flag_or 8, 9;
T_67.4;
    %jmp/0xz  T_67.2, 8;
    %pushi/vec4 0, 0, 1;
    %assign/vec4 v0x55ab8cede3e0_0, 0;
    %jmp T_67.3;
T_67.2 ;
    %load/vec4 v0x55ab8cede340_0;
    %flag_set/vec4 9;
    %flag_get/vec4 9;
    %jmp/0 T_67.7, 9;
    %load/vec4 v0x55ab8cee1280_0;
    %and;
T_67.7;
    %flag_set/vec4 8;
    %jmp/0xz  T_67.5, 8;
    %pushi/vec4 1, 0, 1;
    %assign/vec4 v0x55ab8cede3e0_0, 0;
    %jmp T_67.6;
T_67.5 ;
    %load/vec4 v0x55ab8cee52a0_0;
    %flag_set/vec4 8;
    %jmp/0xz  T_67.8, 8;
    %pushi/vec4 0, 0, 1;
    %assign/vec4 v0x55ab8cede3e0_0, 0;
T_67.8 ;
T_67.6 ;
T_67.3 ;
T_67.1 ;
    %jmp T_67;
    .thread T_67;
    .scope S_0x55ab8cec1560;
T_68 ;
    %wait E_0x55ab8c7db2d0;
    %pushi/vec4 0, 0, 1;
    %store/vec4 v0x55ab8cee49c0_0, 0, 1;
    %pushi/vec4 0, 0, 1;
    %store/vec4 v0x55ab8cee4e20_0, 0, 1;
    %pushi/vec4 0, 0, 1;
    %store/vec4 v0x55ab8cee4880_0, 0, 1;
    %pushi/vec4 0, 0, 1;
    %store/vec4 v0x55ab8cee4cc0_0, 0, 1;
    %pushi/vec4 0, 0, 32;
    %store/vec4 v0x55ab8cee82b0_0, 0, 32;
    %pushi/vec4 0, 0, 1;
    %store/vec4 v0x55ab8cee71f0_0, 0, 1;
    %pushi/vec4 0, 0, 1;
    %store/vec4 v0x55ab8cee7290_0, 0, 1;
    %load/vec4 v0x55ab8cee5440_0;
    %flag_set/vec4 8;
    %jmp/1 T_68.2, 8;
    %load/vec4 v0x55ab8cee55e0_0;
    %flag_set/vec4 9;
    %flag_or 8, 9;
T_68.2;
    %jmp/0xz  T_68.0, 8;
    %pushi/vec4 1, 0, 1;
    %ix/getv 4, v0x55ab8cee5e00_0;
    %store/vec4 v0x55ab8cee82b0_0, 4, 1;
T_68.0 ;
    %load/vec4 v0x55ab8cedfbd0_0;
    %flag_set/vec4 8;
    %jmp/1 T_68.5, 8;
    %load/vec4 v0x55ab8cee7050_0;
    %flag_set/vec4 9;
    %flag_or 8, 9;
T_68.5;
    %jmp/0xz  T_68.3, 8;
    %pushi/vec4 1, 0, 1;
    %ix/getv 4, v0x55ab8cee7a50_0;
    %store/vec4 v0x55ab8cee82b0_0, 4, 1;
T_68.3 ;
    %load/vec4 v0x55ab8cee5440_0;
    %flag_set/vec4 9;
    %jmp/1 T_68.11, 9;
    %load/vec4 v0x55ab8cedf890_0;
    %flag_set/vec4 10;
    %flag_or 9, 10;
T_68.11;
    %jmp/1 T_68.10, 9;
    %load/vec4 v0x55ab8cedfbd0_0;
    %flag_set/vec4 10;
    %flag_or 9, 10;
T_68.10;
    %jmp/1 T_68.9, 9;
    %load/vec4 v0x55ab8cee8000_0;
    %flag_set/vec4 10;
    %flag_or 9, 10;
T_68.9;
    %flag_get/vec4 9;
    %jmp/0 T_68.8, 9;
    %load/vec4 v0x55ab8cee1670_0;
    %flag_set/vec4 9;
    %jmp/1 T_68.13, 9;
    %load/vec4 v0x55ab8cee1320_0;
    %flag_set/vec4 10;
    %flag_or 9, 10;
T_68.13;
    %flag_get/vec4 9;
    %jmp/1 T_68.12, 9;
    %load/vec4 v0x55ab8cee1280_0;
    %or;
T_68.12;
    %and;
T_68.8;
    %flag_set/vec4 8;
    %jmp/0xz  T_68.6, 8;
    %pushi/vec4 4294967295, 0, 32;
    %store/vec4 v0x55ab8cee82b0_0, 0, 32;
T_68.6 ;
    %load/vec4 v0x55ab8cee3140_0;
    %flag_set/vec4 8;
    %jmp/1 T_68.18, 8;
    %load/vec4 v0x55ab8cee85d0_0;
    %flag_set/vec4 9;
    %flag_or 8, 9;
T_68.18;
    %jmp/1 T_68.17, 8;
    %load/vec4 v0x55ab8cededf0_0;
    %flag_set/vec4 9;
    %flag_or 8, 9;
T_68.17;
    %jmp/1 T_68.16, 8;
    %load/vec4 v0x55ab8cede3e0_0;
    %flag_set/vec4 9;
    %flag_or 8, 9;
T_68.16;
    %jmp/0xz  T_68.14, 8;
    %jmp T_68.15;
T_68.14 ;
    %load/vec4 v0x55ab8cee4c00_0;
    %flag_set/vec4 9;
    %flag_get/vec4 9;
    %jmp/0 T_68.21, 9;
    %load/vec4 v0x55ab8cee82b0_0;
    %load/vec4 v0x55ab8cee1740_0;
    %part/u 1;
    %flag_set/vec4 9;
    %jmp/1 T_68.23, 9;
    %load/vec4 v0x55ab8cee82b0_0;
    %load/vec4 v0x55ab8cee1980_0;
    %part/u 1;
    %flag_set/vec4 10;
    %flag_or 9, 10;
T_68.23;
    %flag_get/vec4 9;
    %jmp/1 T_68.22, 9;
    %load/vec4 v0x55ab8cee82b0_0;
    %load/vec4 v0x55ab8cee1be0_0;
    %part/u 1;
    %or;
T_68.22;
    %nor/r;
    %and;
T_68.21;
    %flag_set/vec4 8;
    %jmp/0xz  T_68.19, 8;
    %pushi/vec4 1, 0, 1;
    %store/vec4 v0x55ab8cee49c0_0, 0, 1;
    %pushi/vec4 1, 0, 1;
    %store/vec4 v0x55ab8cee4880_0, 0, 1;
    %load/vec4 v0x55ab8cee4880_0;
    %flag_set/vec4 10;
    %flag_get/vec4 10;
    %jmp/0 T_68.27, 10;
    %load/vec4 v0x55ab8cee1cb0_0;
    %and;
T_68.27;
    %flag_set/vec4 9;
    %flag_get/vec4 9;
    %jmp/0 T_68.26, 9;
    %load/vec4 v0x55ab8cee1be0_0;
    %or/r;
    %and;
T_68.26;
    %flag_set/vec4 8;
    %jmp/0xz  T_68.24, 8;
    %pushi/vec4 1, 0, 1;
    %ix/getv 4, v0x55ab8cee1be0_0;
    %store/vec4 v0x55ab8cee82b0_0, 4, 1;
T_68.24 ;
T_68.19 ;
T_68.15 ;
    %load/vec4 v0x55ab8cee3140_0;
    %flag_set/vec4 8;
    %jmp/1 T_68.32, 8;
    %load/vec4 v0x55ab8cee85d0_0;
    %flag_set/vec4 9;
    %flag_or 8, 9;
T_68.32;
    %jmp/1 T_68.31, 8;
    %load/vec4 v0x55ab8cededf0_0;
    %flag_set/vec4 9;
    %flag_or 8, 9;
T_68.31;
    %jmp/1 T_68.30, 8;
    %load/vec4 v0x55ab8cede3e0_0;
    %flag_set/vec4 9;
    %flag_or 8, 9;
T_68.30;
    %jmp/0xz  T_68.28, 8;
    %jmp T_68.29;
T_68.28 ;
    %load/vec4 v0x55ab8cedee90_0;
    %flag_set/vec4 11;
    %flag_get/vec4 11;
    %jmp/0 T_68.37, 11;
    %load/vec4 v0x55ab8cee5060_0;
    %and;
T_68.37;
    %flag_set/vec4 10;
    %flag_get/vec4 10;
    %jmp/0 T_68.36, 10;
    %load/vec4 v0x55ab8cee4880_0;
    %and;
T_68.36;
    %flag_set/vec4 9;
    %flag_get/vec4 9;
    %jmp/0 T_68.35, 9;
    %load/vec4 v0x55ab8cee82b0_0;
    %load/vec4 v0x55ab8cee2360_0;
    %part/u 1;
    %flag_set/vec4 9;
    %jmp/1 T_68.39, 9;
    %load/vec4 v0x55ab8cee82b0_0;
    %load/vec4 v0x55ab8cee25c0_0;
    %part/u 1;
    %flag_set/vec4 10;
    %flag_or 9, 10;
T_68.39;
    %flag_get/vec4 9;
    %jmp/1 T_68.38, 9;
    %load/vec4 v0x55ab8cee82b0_0;
    %load/vec4 v0x55ab8cee2840_0;
    %part/u 1;
    %or;
T_68.38;
    %nor/r;
    %and;
T_68.35;
    %flag_set/vec4 8;
    %jmp/0xz  T_68.33, 8;
    %pushi/vec4 1, 0, 1;
    %store/vec4 v0x55ab8cee4e20_0, 0, 1;
    %pushi/vec4 1, 0, 1;
    %store/vec4 v0x55ab8cee4cc0_0, 0, 1;
    %load/vec4 v0x55ab8cee21c0_0;
    %store/vec4 v0x55ab8cee71f0_0, 0, 1;
    %load/vec4 v0x55ab8cee2290_0;
    %store/vec4 v0x55ab8cee7290_0, 0, 1;
    %load/vec4 v0x55ab8cee4cc0_0;
    %flag_set/vec4 10;
    %flag_get/vec4 10;
    %jmp/0 T_68.43, 10;
    %load/vec4 v0x55ab8cee2910_0;
    %and;
T_68.43;
    %flag_set/vec4 9;
    %flag_get/vec4 9;
    %jmp/0 T_68.42, 9;
    %load/vec4 v0x55ab8cee2840_0;
    %or/r;
    %and;
T_68.42;
    %flag_set/vec4 8;
    %jmp/0xz  T_68.40, 8;
    %pushi/vec4 1, 0, 1;
    %ix/getv 4, v0x55ab8cee2840_0;
    %store/vec4 v0x55ab8cee82b0_0, 4, 1;
T_68.40 ;
T_68.33 ;
T_68.29 ;
    %jmp T_68;
    .thread T_68, $push;
    .scope S_0x55ab8cec1560;
T_69 ;
    %wait E_0x55ab8c698ab0;
    %load/vec4 v0x55ab8cee18b0_0;
    %store/vec4 v0x55ab8cee1810_0, 0, 32;
    %load/vec4 v0x55ab8cee1af0_0;
    %store/vec4 v0x55ab8cee1a50_0, 0, 32;
    %load/vec4 v0x55ab8cee5fa0_0;
    %load/vec4 v0x55ab8cee1740_0;
    %cmp/e;
    %jmp/0xz  T_69.0, 4;
    %load/vec4 v0x55ab8cedf660_0;
    %store/vec4 v0x55ab8cee1810_0, 0, 32;
T_69.0 ;
    %load/vec4 v0x55ab8cee5fa0_0;
    %load/vec4 v0x55ab8cee1980_0;
    %cmp/e;
    %jmp/0xz  T_69.2, 4;
    %load/vec4 v0x55ab8cedf660_0;
    %store/vec4 v0x55ab8cee1a50_0, 0, 32;
T_69.2 ;
    %load/vec4 v0x55ab8cee7bf0_0;
    %load/vec4 v0x55ab8cee1740_0;
    %cmp/e;
    %jmp/0xz  T_69.4, 4;
    %load/vec4 v0x55ab8cee7d80_0;
    %store/vec4 v0x55ab8cee1810_0, 0, 32;
T_69.4 ;
    %load/vec4 v0x55ab8cee7bf0_0;
    %load/vec4 v0x55ab8cee1980_0;
    %cmp/e;
    %jmp/0xz  T_69.6, 4;
    %load/vec4 v0x55ab8cee7d80_0;
    %store/vec4 v0x55ab8cee1a50_0, 0, 32;
T_69.6 ;
    %load/vec4 v0x55ab8cee5ed0_0;
    %load/vec4 v0x55ab8cee1740_0;
    %cmp/e;
    %jmp/0xz  T_69.8, 4;
    %load/vec4 v0x55ab8cedf5c0_0;
    %store/vec4 v0x55ab8cee1810_0, 0, 32;
T_69.8 ;
    %load/vec4 v0x55ab8cee5ed0_0;
    %load/vec4 v0x55ab8cee1980_0;
    %cmp/e;
    %jmp/0xz  T_69.10, 4;
    %load/vec4 v0x55ab8cedf5c0_0;
    %store/vec4 v0x55ab8cee1a50_0, 0, 32;
T_69.10 ;
    %load/vec4 v0x55ab8cee7b20_0;
    %load/vec4 v0x55ab8cee1740_0;
    %cmp/e;
    %jmp/0xz  T_69.12, 4;
    %load/vec4 v0x55ab8cee7ce0_0;
    %store/vec4 v0x55ab8cee1810_0, 0, 32;
T_69.12 ;
    %load/vec4 v0x55ab8cee7b20_0;
    %load/vec4 v0x55ab8cee1980_0;
    %cmp/e;
    %jmp/0xz  T_69.14, 4;
    %load/vec4 v0x55ab8cee7ce0_0;
    %store/vec4 v0x55ab8cee1a50_0, 0, 32;
T_69.14 ;
    %load/vec4 v0x55ab8cee5e00_0;
    %load/vec4 v0x55ab8cee1740_0;
    %cmp/e;
    %jmp/0xz  T_69.16, 4;
    %load/vec4 v0x55ab8cee88a0_0;
    %store/vec4 v0x55ab8cee1810_0, 0, 32;
T_69.16 ;
    %load/vec4 v0x55ab8cee5e00_0;
    %load/vec4 v0x55ab8cee1980_0;
    %cmp/e;
    %jmp/0xz  T_69.18, 4;
    %load/vec4 v0x55ab8cee88a0_0;
    %store/vec4 v0x55ab8cee1a50_0, 0, 32;
T_69.18 ;
    %load/vec4 v0x55ab8cee7a50_0;
    %load/vec4 v0x55ab8cee1740_0;
    %cmp/e;
    %jmp/0xz  T_69.20, 4;
    %load/vec4 v0x55ab8cee8990_0;
    %store/vec4 v0x55ab8cee1810_0, 0, 32;
T_69.20 ;
    %load/vec4 v0x55ab8cee7a50_0;
    %load/vec4 v0x55ab8cee1980_0;
    %cmp/e;
    %jmp/0xz  T_69.22, 4;
    %load/vec4 v0x55ab8cee8990_0;
    %store/vec4 v0x55ab8cee1a50_0, 0, 32;
T_69.22 ;
    %load/vec4 v0x55ab8cee1740_0;
    %cmpi/e 0, 0, 5;
    %jmp/0xz  T_69.24, 4;
    %pushi/vec4 0, 0, 32;
    %store/vec4 v0x55ab8cee1810_0, 0, 32;
T_69.24 ;
    %load/vec4 v0x55ab8cee1980_0;
    %cmpi/e 0, 0, 5;
    %jmp/0xz  T_69.26, 4;
    %pushi/vec4 0, 0, 32;
    %store/vec4 v0x55ab8cee1a50_0, 0, 32;
T_69.26 ;
    %jmp T_69;
    .thread T_69, $push;
    .scope S_0x55ab8cec1560;
T_70 ;
    %wait E_0x55ab8c67e870;
    %load/vec4 v0x55ab8cee24d0_0;
    %store/vec4 v0x55ab8cee2430_0, 0, 32;
    %load/vec4 v0x55ab8cee2750_0;
    %store/vec4 v0x55ab8cee2690_0, 0, 32;
    %load/vec4 v0x55ab8cee5fa0_0;
    %load/vec4 v0x55ab8cee2360_0;
    %cmp/e;
    %jmp/0xz  T_70.0, 4;
    %load/vec4 v0x55ab8cedf660_0;
    %store/vec4 v0x55ab8cee2430_0, 0, 32;
T_70.0 ;
    %load/vec4 v0x55ab8cee5fa0_0;
    %load/vec4 v0x55ab8cee25c0_0;
    %cmp/e;
    %jmp/0xz  T_70.2, 4;
    %load/vec4 v0x55ab8cedf660_0;
    %store/vec4 v0x55ab8cee2690_0, 0, 32;
T_70.2 ;
    %load/vec4 v0x55ab8cee7bf0_0;
    %load/vec4 v0x55ab8cee2360_0;
    %cmp/e;
    %jmp/0xz  T_70.4, 4;
    %load/vec4 v0x55ab8cee7d80_0;
    %store/vec4 v0x55ab8cee2430_0, 0, 32;
T_70.4 ;
    %load/vec4 v0x55ab8cee7bf0_0;
    %load/vec4 v0x55ab8cee25c0_0;
    %cmp/e;
    %jmp/0xz  T_70.6, 4;
    %load/vec4 v0x55ab8cee7d80_0;
    %store/vec4 v0x55ab8cee2690_0, 0, 32;
T_70.6 ;
    %load/vec4 v0x55ab8cee5ed0_0;
    %load/vec4 v0x55ab8cee2360_0;
    %cmp/e;
    %jmp/0xz  T_70.8, 4;
    %load/vec4 v0x55ab8cedf5c0_0;
    %store/vec4 v0x55ab8cee2430_0, 0, 32;
T_70.8 ;
    %load/vec4 v0x55ab8cee5ed0_0;
    %load/vec4 v0x55ab8cee25c0_0;
    %cmp/e;
    %jmp/0xz  T_70.10, 4;
    %load/vec4 v0x55ab8cedf5c0_0;
    %store/vec4 v0x55ab8cee2690_0, 0, 32;
T_70.10 ;
    %load/vec4 v0x55ab8cee7b20_0;
    %load/vec4 v0x55ab8cee2360_0;
    %cmp/e;
    %jmp/0xz  T_70.12, 4;
    %load/vec4 v0x55ab8cee7ce0_0;
    %store/vec4 v0x55ab8cee2430_0, 0, 32;
T_70.12 ;
    %load/vec4 v0x55ab8cee7b20_0;
    %load/vec4 v0x55ab8cee25c0_0;
    %cmp/e;
    %jmp/0xz  T_70.14, 4;
    %load/vec4 v0x55ab8cee7ce0_0;
    %store/vec4 v0x55ab8cee2690_0, 0, 32;
T_70.14 ;
    %load/vec4 v0x55ab8cee5e00_0;
    %load/vec4 v0x55ab8cee2360_0;
    %cmp/e;
    %jmp/0xz  T_70.16, 4;
    %load/vec4 v0x55ab8cee88a0_0;
    %store/vec4 v0x55ab8cee2430_0, 0, 32;
T_70.16 ;
    %load/vec4 v0x55ab8cee5e00_0;
    %load/vec4 v0x55ab8cee25c0_0;
    %cmp/e;
    %jmp/0xz  T_70.18, 4;
    %load/vec4 v0x55ab8cee88a0_0;
    %store/vec4 v0x55ab8cee2690_0, 0, 32;
T_70.18 ;
    %load/vec4 v0x55ab8cee7a50_0;
    %load/vec4 v0x55ab8cee2360_0;
    %cmp/e;
    %jmp/0xz  T_70.20, 4;
    %load/vec4 v0x55ab8cee8990_0;
    %store/vec4 v0x55ab8cee2430_0, 0, 32;
T_70.20 ;
    %load/vec4 v0x55ab8cee7a50_0;
    %load/vec4 v0x55ab8cee25c0_0;
    %cmp/e;
    %jmp/0xz  T_70.22, 4;
    %load/vec4 v0x55ab8cee8990_0;
    %store/vec4 v0x55ab8cee2690_0, 0, 32;
T_70.22 ;
    %load/vec4 v0x55ab8cee2360_0;
    %cmpi/e 0, 0, 5;
    %jmp/0xz  T_70.24, 4;
    %pushi/vec4 0, 0, 32;
    %store/vec4 v0x55ab8cee2430_0, 0, 32;
T_70.24 ;
    %load/vec4 v0x55ab8cee25c0_0;
    %cmpi/e 0, 0, 5;
    %jmp/0xz  T_70.26, 4;
    %pushi/vec4 0, 0, 32;
    %store/vec4 v0x55ab8cee2690_0, 0, 32;
T_70.26 ;
    %jmp T_70;
    .thread T_70, $push;
    .scope S_0x55ab8ccacb50;
T_71 ;
    %wait E_0x55ab8c83ac30;
    %pushi/vec4 0, 0, 16;
    %store/vec4 v0x55ab8cdbc930_0, 0, 16;
    %pushi/vec4 0, 0, 32;
    %store/vec4 v0x55ab8cdbd030_0, 0, 32;
    %pushi/vec4 0, 0, 32;
    %store/vec4 v0x55ab8cdbcbd0_0, 0, 32;
    %pushi/vec4 0, 0, 32;
    %store/vec4 v0x55ab8cdbccb0_0, 0, 32;
    %pushi/vec4 0, 0, 32;
    %store/vec4 v0x55ab8cdbc850_0, 0, 32;
    %pushi/vec4 0, 0, 32;
    %store/vec4 v0x55ab8cdbd730_0, 0, 32;
    %pushi/vec4 0, 0, 32;
    %store/vec4 v0x55ab8cdbd2d0_0, 0, 32;
    %pushi/vec4 0, 0, 32;
    %store/vec4 v0x55ab8cdbd3b0_0, 0, 32;
    %pushi/vec4 0, 0, 32;
    %store/vec4 v0x55ab8cdbcf50_0, 0, 32;
    %load/vec4 v0x55ab8cdbd9d0_0;
    %dup/vec4;
    %pushi/vec4 1, 0, 4;
    %cmp/u;
    %jmp/1 T_71.0, 6;
    %dup/vec4;
    %pushi/vec4 2, 0, 4;
    %cmp/u;
    %jmp/1 T_71.1, 6;
    %dup/vec4;
    %pushi/vec4 3, 0, 4;
    %cmp/u;
    %jmp/1 T_71.2, 6;
    %dup/vec4;
    %pushi/vec4 4, 0, 4;
    %cmp/u;
    %jmp/1 T_71.3, 6;
    %dup/vec4;
    %pushi/vec4 6, 0, 4;
    %cmp/u;
    %jmp/1 T_71.4, 6;
    %dup/vec4;
    %pushi/vec4 7, 0, 4;
    %cmp/u;
    %jmp/1 T_71.5, 6;
    %dup/vec4;
    %pushi/vec4 8, 0, 4;
    %cmp/u;
    %jmp/1 T_71.6, 6;
    %dup/vec4;
    %pushi/vec4 9, 0, 4;
    %cmp/u;
    %jmp/1 T_71.7, 6;
    %dup/vec4;
    %pushi/vec4 10, 0, 4;
    %cmp/u;
    %jmp/1 T_71.8, 6;
    %dup/vec4;
    %pushi/vec4 11, 0, 4;
    %cmp/u;
    %jmp/1 T_71.9, 6;
    %load/vec4 v0x55ab8cdbdd50_0;
    %store/vec4 v0x55ab8cdbd650_0, 0, 32;
    %jmp T_71.11;
T_71.0 ;
    %load/vec4 v0x55ab8cdbde20_0;
    %parti/s 1, 0, 2;
    %cmpi/e 1, 0, 1;
    %jmp/0xz  T_71.12, 4;
    %load/vec4 v0x55ab8cdbdd50_0;
    %parti/s 31, 0, 2;
    %concati/vec4 0, 0, 1;
    %store/vec4 v0x55ab8cdbd730_0, 0, 32;
    %jmp T_71.13;
T_71.12 ;
    %load/vec4 v0x55ab8cdbdd50_0;
    %store/vec4 v0x55ab8cdbd730_0, 0, 32;
T_71.13 ;
    %load/vec4 v0x55ab8cdbde20_0;
    %parti/s 1, 1, 2;
    %cmpi/e 1, 0, 1;
    %jmp/0xz  T_71.14, 4;
    %load/vec4 v0x55ab8cdbd730_0;
    %parti/s 30, 0, 2;
    %concati/vec4 0, 0, 2;
    %store/vec4 v0x55ab8cdbd2d0_0, 0, 32;
    %jmp T_71.15;
T_71.14 ;
    %load/vec4 v0x55ab8cdbd730_0;
    %store/vec4 v0x55ab8cdbd2d0_0, 0, 32;
T_71.15 ;
    %load/vec4 v0x55ab8cdbde20_0;
    %parti/s 1, 2, 3;
    %cmpi/e 1, 0, 1;
    %jmp/0xz  T_71.16, 4;
    %load/vec4 v0x55ab8cdbd2d0_0;
    %parti/s 28, 0, 2;
    %concati/vec4 0, 0, 4;
    %store/vec4 v0x55ab8cdbd3b0_0, 0, 32;
    %jmp T_71.17;
T_71.16 ;
    %load/vec4 v0x55ab8cdbd2d0_0;
    %store/vec4 v0x55ab8cdbd3b0_0, 0, 32;
T_71.17 ;
    %load/vec4 v0x55ab8cdbde20_0;
    %parti/s 1, 3, 3;
    %cmpi/e 1, 0, 1;
    %jmp/0xz  T_71.18, 4;
    %load/vec4 v0x55ab8cdbd3b0_0;
    %parti/s 24, 0, 2;
    %concati/vec4 0, 0, 8;
    %store/vec4 v0x55ab8cdbcf50_0, 0, 32;
    %jmp T_71.19;
T_71.18 ;
    %load/vec4 v0x55ab8cdbd3b0_0;
    %store/vec4 v0x55ab8cdbcf50_0, 0, 32;
T_71.19 ;
    %load/vec4 v0x55ab8cdbde20_0;
    %parti/s 1, 4, 4;
    %cmpi/e 1, 0, 1;
    %jmp/0xz  T_71.20, 4;
    %load/vec4 v0x55ab8cdbcf50_0;
    %parti/s 16, 0, 2;
    %concati/vec4 0, 0, 16;
    %store/vec4 v0x55ab8cdbd650_0, 0, 32;
    %jmp T_71.21;
T_71.20 ;
    %load/vec4 v0x55ab8cdbcf50_0;
    %store/vec4 v0x55ab8cdbd650_0, 0, 32;
T_71.21 ;
    %jmp T_71.11;
T_71.1 ;
    %load/vec4 v0x55ab8cdbdd50_0;
    %parti/s 1, 31, 6;
    %cmpi/e 1, 0, 1;
    %flag_get/vec4 4;
    %jmp/0 T_71.24, 4;
    %load/vec4 v0x55ab8cdbd9d0_0;
    %pushi/vec4 3, 0, 4;
    %cmp/e;
    %flag_get/vec4 4;
    %and;
T_71.24;
    %flag_set/vec4 8;
    %jmp/0xz  T_71.22, 8;
    %pushi/vec4 65535, 0, 16;
    %store/vec4 v0x55ab8cdbc930_0, 0, 16;
    %jmp T_71.23;
T_71.22 ;
    %pushi/vec4 0, 0, 16;
    %store/vec4 v0x55ab8cdbc930_0, 0, 16;
T_71.23 ;
    %load/vec4 v0x55ab8cdbde20_0;
    %parti/s 1, 0, 2;
    %cmpi/e 1, 0, 1;
    %jmp/0xz  T_71.25, 4;
    %load/vec4 v0x55ab8cdbc930_0;
    %parti/s 1, 15, 5;
    %load/vec4 v0x55ab8cdbdd50_0;
    %parti/s 31, 1, 2;
    %concat/vec4; draw_concat_vec4
    %store/vec4 v0x55ab8cdbd030_0, 0, 32;
    %jmp T_71.26;
T_71.25 ;
    %load/vec4 v0x55ab8cdbdd50_0;
    %store/vec4 v0x55ab8cdbd030_0, 0, 32;
T_71.26 ;
    %load/vec4 v0x55ab8cdbde20_0;
    %parti/s 1, 1, 2;
    %cmpi/e 1, 0, 1;
    %jmp/0xz  T_71.27, 4;
    %load/vec4 v0x55ab8cdbc930_0;
    %parti/s 2, 14, 5;
    %load/vec4 v0x55ab8cdbd030_0;
    %parti/s 30, 2, 3;
    %concat/vec4; draw_concat_vec4
    %store/vec4 v0x55ab8cdbcbd0_0, 0, 32;
    %jmp T_71.28;
T_71.27 ;
    %load/vec4 v0x55ab8cdbd030_0;
    %store/vec4 v0x55ab8cdbcbd0_0, 0, 32;
T_71.28 ;
    %load/vec4 v0x55ab8cdbde20_0;
    %parti/s 1, 2, 3;
    %cmpi/e 1, 0, 1;
    %jmp/0xz  T_71.29, 4;
    %load/vec4 v0x55ab8cdbc930_0;
    %parti/s 4, 12, 5;
    %load/vec4 v0x55ab8cdbcbd0_0;
    %parti/s 28, 4, 4;
    %concat/vec4; draw_concat_vec4
    %store/vec4 v0x55ab8cdbccb0_0, 0, 32;
    %jmp T_71.30;
T_71.29 ;
    %load/vec4 v0x55ab8cdbcbd0_0;
    %store/vec4 v0x55ab8cdbccb0_0, 0, 32;
T_71.30 ;
    %load/vec4 v0x55ab8cdbde20_0;
    %parti/s 1, 3, 3;
    %cmpi/e 1, 0, 1;
    %jmp/0xz  T_71.31, 4;
    %load/vec4 v0x55ab8cdbc930_0;
    %parti/s 8, 8, 5;
    %load/vec4 v0x55ab8cdbccb0_0;
    %parti/s 24, 8, 5;
    %concat/vec4; draw_concat_vec4
    %store/vec4 v0x55ab8cdbc850_0, 0, 32;
    %jmp T_71.32;
T_71.31 ;
    %load/vec4 v0x55ab8cdbccb0_0;
    %store/vec4 v0x55ab8cdbc850_0, 0, 32;
T_71.32 ;
    %load/vec4 v0x55ab8cdbde20_0;
    %parti/s 1, 4, 4;
    %cmpi/e 1, 0, 1;
    %jmp/0xz  T_71.33, 4;
    %load/vec4 v0x55ab8cdbc930_0;
    %load/vec4 v0x55ab8cdbc850_0;
    %parti/s 16, 16, 6;
    %concat/vec4; draw_concat_vec4
    %store/vec4 v0x55ab8cdbd650_0, 0, 32;
    %jmp T_71.34;
T_71.33 ;
    %load/vec4 v0x55ab8cdbc850_0;
    %store/vec4 v0x55ab8cdbd650_0, 0, 32;
T_71.34 ;
    %jmp T_71.11;
T_71.2 ;
    %load/vec4 v0x55ab8cdbdd50_0;
    %parti/s 1, 31, 6;
    %cmpi/e 1, 0, 1;
    %flag_get/vec4 4;
    %jmp/0 T_71.37, 4;
    %load/vec4 v0x55ab8cdbd9d0_0;
    %pushi/vec4 3, 0, 4;
    %cmp/e;
    %flag_get/vec4 4;
    %and;
T_71.37;
    %flag_set/vec4 8;
    %jmp/0xz  T_71.35, 8;
    %pushi/vec4 65535, 0, 16;
    %store/vec4 v0x55ab8cdbc930_0, 0, 16;
    %jmp T_71.36;
T_71.35 ;
    %pushi/vec4 0, 0, 16;
    %store/vec4 v0x55ab8cdbc930_0, 0, 16;
T_71.36 ;
    %load/vec4 v0x55ab8cdbde20_0;
    %parti/s 1, 0, 2;
    %cmpi/e 1, 0, 1;
    %jmp/0xz  T_71.38, 4;
    %load/vec4 v0x55ab8cdbc930_0;
    %parti/s 1, 15, 5;
    %load/vec4 v0x55ab8cdbdd50_0;
    %parti/s 31, 1, 2;
    %concat/vec4; draw_concat_vec4
    %store/vec4 v0x55ab8cdbd030_0, 0, 32;
    %jmp T_71.39;
T_71.38 ;
    %load/vec4 v0x55ab8cdbdd50_0;
    %store/vec4 v0x55ab8cdbd030_0, 0, 32;
T_71.39 ;
    %load/vec4 v0x55ab8cdbde20_0;
    %parti/s 1, 1, 2;
    %cmpi/e 1, 0, 1;
    %jmp/0xz  T_71.40, 4;
    %load/vec4 v0x55ab8cdbc930_0;
    %parti/s 2, 14, 5;
    %load/vec4 v0x55ab8cdbd030_0;
    %parti/s 30, 2, 3;
    %concat/vec4; draw_concat_vec4
    %store/vec4 v0x55ab8cdbcbd0_0, 0, 32;
    %jmp T_71.41;
T_71.40 ;
    %load/vec4 v0x55ab8cdbd030_0;
    %store/vec4 v0x55ab8cdbcbd0_0, 0, 32;
T_71.41 ;
    %load/vec4 v0x55ab8cdbde20_0;
    %parti/s 1, 2, 3;
    %cmpi/e 1, 0, 1;
    %jmp/0xz  T_71.42, 4;
    %load/vec4 v0x55ab8cdbc930_0;
    %parti/s 4, 12, 5;
    %load/vec4 v0x55ab8cdbcbd0_0;
    %parti/s 28, 4, 4;
    %concat/vec4; draw_concat_vec4
    %store/vec4 v0x55ab8cdbccb0_0, 0, 32;
    %jmp T_71.43;
T_71.42 ;
    %load/vec4 v0x55ab8cdbcbd0_0;
    %store/vec4 v0x55ab8cdbccb0_0, 0, 32;
T_71.43 ;
    %load/vec4 v0x55ab8cdbde20_0;
    %parti/s 1, 3, 3;
    %cmpi/e 1, 0, 1;
    %jmp/0xz  T_71.44, 4;
    %load/vec4 v0x55ab8cdbc930_0;
    %parti/s 8, 8, 5;
    %load/vec4 v0x55ab8cdbccb0_0;
    %parti/s 24, 8, 5;
    %concat/vec4; draw_concat_vec4
    %store/vec4 v0x55ab8cdbc850_0, 0, 32;
    %jmp T_71.45;
T_71.44 ;
    %load/vec4 v0x55ab8cdbccb0_0;
    %store/vec4 v0x55ab8cdbc850_0, 0, 32;
T_71.45 ;
    %load/vec4 v0x55ab8cdbde20_0;
    %parti/s 1, 4, 4;
    %cmpi/e 1, 0, 1;
    %jmp/0xz  T_71.46, 4;
    %load/vec4 v0x55ab8cdbc930_0;
    %load/vec4 v0x55ab8cdbc850_0;
    %parti/s 16, 16, 6;
    %concat/vec4; draw_concat_vec4
    %store/vec4 v0x55ab8cdbd650_0, 0, 32;
    %jmp T_71.47;
T_71.46 ;
    %load/vec4 v0x55ab8cdbc850_0;
    %store/vec4 v0x55ab8cdbd650_0, 0, 32;
T_71.47 ;
    %jmp T_71.11;
T_71.3 ;
    %load/vec4 v0x55ab8cdbde20_0;
    %store/vec4 v0x55ab8cd37190_0, 0, 32;
    %pushi/vec4 0, 0, 1;
    %store/vec4 v0x55ab8cd37280_0, 0, 1;
    %load/vec4 v0x55ab8cd36640_0;
    %store/vec4 v0x55ab8cdbd650_0, 0, 32;
    %jmp T_71.11;
T_71.4 ;
    %load/vec4 v0x55ab8cdbde20_0;
    %inv;
    %store/vec4 v0x55ab8cd37190_0, 0, 32;
    %pushi/vec4 1, 0, 1;
    %store/vec4 v0x55ab8cd37280_0, 0, 1;
    %load/vec4 v0x55ab8cd36640_0;
    %store/vec4 v0x55ab8cdbd650_0, 0, 32;
    %jmp T_71.11;
T_71.5 ;
    %load/vec4 v0x55ab8cdbdd50_0;
    %load/vec4 v0x55ab8cdbde20_0;
    %and;
    %store/vec4 v0x55ab8cdbd650_0, 0, 32;
    %jmp T_71.11;
T_71.6 ;
    %load/vec4 v0x55ab8cdbdd50_0;
    %load/vec4 v0x55ab8cdbde20_0;
    %or;
    %store/vec4 v0x55ab8cdbd650_0, 0, 32;
    %jmp T_71.11;
T_71.7 ;
    %load/vec4 v0x55ab8cdbdd50_0;
    %load/vec4 v0x55ab8cdbde20_0;
    %xor;
    %store/vec4 v0x55ab8cdbd650_0, 0, 32;
    %jmp T_71.11;
T_71.8 ;
    %load/vec4 v0x55ab8cdbdd50_0;
    %load/vec4 v0x55ab8cdbde20_0;
    %cmp/u;
    %flag_mov 8, 5;
    %jmp/0 T_71.48, 8;
    %pushi/vec4 1, 0, 32;
    %jmp/1 T_71.49, 8;
T_71.48 ; End of true expr.
    %pushi/vec4 0, 0, 32;
    %jmp/0 T_71.49, 8;
 ; End of false expr.
    %blend;
T_71.49;
    %store/vec4 v0x55ab8cdbd650_0, 0, 32;
    %jmp T_71.11;
T_71.9 ;
    %load/vec4 v0x55ab8cdbdd50_0;
    %parti/s 1, 31, 6;
    %load/vec4 v0x55ab8cdbde20_0;
    %parti/s 1, 31, 6;
    %cmp/ne;
    %jmp/0xz  T_71.50, 4;
    %load/vec4 v0x55ab8cdbdd50_0;
    %parti/s 1, 31, 6;
    %flag_set/vec4 8;
    %jmp/0 T_71.52, 8;
    %pushi/vec4 1, 0, 32;
    %jmp/1 T_71.53, 8;
T_71.52 ; End of true expr.
    %pushi/vec4 0, 0, 32;
    %jmp/0 T_71.53, 8;
 ; End of false expr.
    %blend;
T_71.53;
    %store/vec4 v0x55ab8cdbd650_0, 0, 32;
    %jmp T_71.51;
T_71.50 ;
    %load/vec4 v0x55ab8cdb7380_0;
    %parti/s 1, 31, 6;
    %flag_set/vec4 8;
    %jmp/0 T_71.54, 8;
    %pushi/vec4 1, 0, 32;
    %jmp/1 T_71.55, 8;
T_71.54 ; End of true expr.
    %pushi/vec4 0, 0, 32;
    %jmp/0 T_71.55, 8;
 ; End of false expr.
    %blend;
T_71.55;
    %store/vec4 v0x55ab8cdbd650_0, 0, 32;
T_71.51 ;
    %jmp T_71.11;
T_71.11 ;
    %pop/vec4 1;
    %jmp T_71;
    .thread T_71, $push;
    .scope S_0x55ab8cc7d820;
T_72 ;
    %wait E_0x55ab8c837440;
    %load/vec4 v0x55ab8cd987d0_0;
    %parti/s 20, 12, 5;
    %concati/vec4 0, 0, 12;
    %store/vec4 v0x55ab8cd93750_0, 0, 32;
    %load/vec4 v0x55ab8cd987d0_0;
    %parti/s 1, 31, 6;
    %replicate 20;
    %load/vec4 v0x55ab8cd987d0_0;
    %parti/s 12, 20, 6;
    %concat/vec4; draw_concat_vec4
    %store/vec4 v0x55ab8cd93670_0, 0, 32;
    %load/vec4 v0x55ab8cd987d0_0;
    %parti/s 1, 31, 6;
    %replicate 19;
    %load/vec4 v0x55ab8cd987d0_0;
    %parti/s 1, 31, 6;
    %concat/vec4; draw_concat_vec4
    %load/vec4 v0x55ab8cd987d0_0;
    %parti/s 1, 7, 4;
    %concat/vec4; draw_concat_vec4
    %load/vec4 v0x55ab8cd987d0_0;
    %parti/s 6, 25, 6;
    %concat/vec4; draw_concat_vec4
    %load/vec4 v0x55ab8cd987d0_0;
    %parti/s 4, 8, 5;
    %concat/vec4; draw_concat_vec4
    %concati/vec4 0, 0, 1;
    %store/vec4 v0x55ab8cd82160_0, 0, 32;
    %load/vec4 v0x55ab8cd987d0_0;
    %parti/s 1, 31, 6;
    %replicate 12;
    %load/vec4 v0x55ab8cd987d0_0;
    %parti/s 8, 12, 5;
    %concat/vec4; draw_concat_vec4
    %load/vec4 v0x55ab8cd987d0_0;
    %parti/s 1, 20, 6;
    %concat/vec4; draw_concat_vec4
    %load/vec4 v0x55ab8cd987d0_0;
    %parti/s 6, 25, 6;
    %concat/vec4; draw_concat_vec4
    %load/vec4 v0x55ab8cd987d0_0;
    %parti/s 4, 21, 6;
    %concat/vec4; draw_concat_vec4
    %concati/vec4 0, 0, 1;
    %store/vec4 v0x55ab8cd98bb0_0, 0, 32;
    %load/vec4 v0x55ab8cd987d0_0;
    %parti/s 5, 20, 6;
    %store/vec4 v0x55ab8cd97090_0, 0, 5;
    %jmp T_72;
    .thread T_72, $push;
    .scope S_0x55ab8cc7d820;
T_73 ;
    %wait E_0x55ab8c836a60;
    %pushi/vec4 0, 0, 4;
    %store/vec4 v0x55ab8cd8d2a0_0, 0, 4;
    %pushi/vec4 0, 0, 32;
    %store/vec4 v0x55ab8cd32fc0_0, 0, 32;
    %pushi/vec4 0, 0, 32;
    %store/vec4 v0x55ab8cd330b0_0, 0, 32;
    %load/vec4 v0x55ab8cd987d0_0;
    %pushi/vec4 4261441663, 0, 32;
    %and;
    %cmpi/e 51, 0, 32;
    %jmp/0xz  T_73.0, 4;
    %pushi/vec4 4, 0, 4;
    %store/vec4 v0x55ab8cd8d2a0_0, 0, 4;
    %load/vec4 v0x55ab8cd98490_0;
    %store/vec4 v0x55ab8cd32fc0_0, 0, 32;
    %load/vec4 v0x55ab8cd980e0_0;
    %store/vec4 v0x55ab8cd330b0_0, 0, 32;
    %jmp T_73.1;
T_73.0 ;
    %load/vec4 v0x55ab8cd987d0_0;
    %pushi/vec4 4261441663, 0, 32;
    %and;
    %cmpi/e 28723, 0, 32;
    %jmp/0xz  T_73.2, 4;
    %pushi/vec4 7, 0, 4;
    %store/vec4 v0x55ab8cd8d2a0_0, 0, 4;
    %load/vec4 v0x55ab8cd98490_0;
    %store/vec4 v0x55ab8cd32fc0_0, 0, 32;
    %load/vec4 v0x55ab8cd980e0_0;
    %store/vec4 v0x55ab8cd330b0_0, 0, 32;
    %jmp T_73.3;
T_73.2 ;
    %load/vec4 v0x55ab8cd987d0_0;
    %pushi/vec4 4261441663, 0, 32;
    %and;
    %cmpi/e 24627, 0, 32;
    %jmp/0xz  T_73.4, 4;
    %pushi/vec4 8, 0, 4;
    %store/vec4 v0x55ab8cd8d2a0_0, 0, 4;
    %load/vec4 v0x55ab8cd98490_0;
    %store/vec4 v0x55ab8cd32fc0_0, 0, 32;
    %load/vec4 v0x55ab8cd980e0_0;
    %store/vec4 v0x55ab8cd330b0_0, 0, 32;
    %jmp T_73.5;
T_73.4 ;
    %load/vec4 v0x55ab8cd987d0_0;
    %pushi/vec4 4261441663, 0, 32;
    %and;
    %cmpi/e 4147, 0, 32;
    %jmp/0xz  T_73.6, 4;
    %pushi/vec4 1, 0, 4;
    %store/vec4 v0x55ab8cd8d2a0_0, 0, 4;
    %load/vec4 v0x55ab8cd98490_0;
    %store/vec4 v0x55ab8cd32fc0_0, 0, 32;
    %load/vec4 v0x55ab8cd980e0_0;
    %store/vec4 v0x55ab8cd330b0_0, 0, 32;
    %jmp T_73.7;
T_73.6 ;
    %load/vec4 v0x55ab8cd987d0_0;
    %pushi/vec4 4261441663, 0, 32;
    %and;
    %cmpi/e 1073762355, 0, 32;
    %jmp/0xz  T_73.8, 4;
    %pushi/vec4 3, 0, 4;
    %store/vec4 v0x55ab8cd8d2a0_0, 0, 4;
    %load/vec4 v0x55ab8cd98490_0;
    %store/vec4 v0x55ab8cd32fc0_0, 0, 32;
    %load/vec4 v0x55ab8cd980e0_0;
    %store/vec4 v0x55ab8cd330b0_0, 0, 32;
    %jmp T_73.9;
T_73.8 ;
    %load/vec4 v0x55ab8cd987d0_0;
    %pushi/vec4 4261441663, 0, 32;
    %and;
    %cmpi/e 20531, 0, 32;
    %jmp/0xz  T_73.10, 4;
    %pushi/vec4 2, 0, 4;
    %store/vec4 v0x55ab8cd8d2a0_0, 0, 4;
    %load/vec4 v0x55ab8cd98490_0;
    %store/vec4 v0x55ab8cd32fc0_0, 0, 32;
    %load/vec4 v0x55ab8cd980e0_0;
    %store/vec4 v0x55ab8cd330b0_0, 0, 32;
    %jmp T_73.11;
T_73.10 ;
    %load/vec4 v0x55ab8cd987d0_0;
    %pushi/vec4 4261441663, 0, 32;
    %and;
    %cmpi/e 1073741875, 0, 32;
    %jmp/0xz  T_73.12, 4;
    %pushi/vec4 6, 0, 4;
    %store/vec4 v0x55ab8cd8d2a0_0, 0, 4;
    %load/vec4 v0x55ab8cd98490_0;
    %store/vec4 v0x55ab8cd32fc0_0, 0, 32;
    %load/vec4 v0x55ab8cd980e0_0;
    %store/vec4 v0x55ab8cd330b0_0, 0, 32;
    %jmp T_73.13;
T_73.12 ;
    %load/vec4 v0x55ab8cd987d0_0;
    %pushi/vec4 4261441663, 0, 32;
    %and;
    %cmpi/e 16435, 0, 32;
    %jmp/0xz  T_73.14, 4;
    %pushi/vec4 9, 0, 4;
    %store/vec4 v0x55ab8cd8d2a0_0, 0, 4;
    %load/vec4 v0x55ab8cd98490_0;
    %store/vec4 v0x55ab8cd32fc0_0, 0, 32;
    %load/vec4 v0x55ab8cd980e0_0;
    %store/vec4 v0x55ab8cd330b0_0, 0, 32;
    %jmp T_73.15;
T_73.14 ;
    %load/vec4 v0x55ab8cd987d0_0;
    %pushi/vec4 4261441663, 0, 32;
    %and;
    %cmpi/e 8243, 0, 32;
    %jmp/0xz  T_73.16, 4;
    %pushi/vec4 11, 0, 4;
    %store/vec4 v0x55ab8cd8d2a0_0, 0, 4;
    %load/vec4 v0x55ab8cd98490_0;
    %store/vec4 v0x55ab8cd32fc0_0, 0, 32;
    %load/vec4 v0x55ab8cd980e0_0;
    %store/vec4 v0x55ab8cd330b0_0, 0, 32;
    %jmp T_73.17;
T_73.16 ;
    %load/vec4 v0x55ab8cd987d0_0;
    %pushi/vec4 4261441663, 0, 32;
    %and;
    %cmpi/e 12339, 0, 32;
    %jmp/0xz  T_73.18, 4;
    %pushi/vec4 10, 0, 4;
    %store/vec4 v0x55ab8cd8d2a0_0, 0, 4;
    %load/vec4 v0x55ab8cd98490_0;
    %store/vec4 v0x55ab8cd32fc0_0, 0, 32;
    %load/vec4 v0x55ab8cd980e0_0;
    %store/vec4 v0x55ab8cd330b0_0, 0, 32;
    %jmp T_73.19;
T_73.18 ;
    %load/vec4 v0x55ab8cd987d0_0;
    %pushi/vec4 28799, 0, 32;
    %and;
    %cmpi/e 19, 0, 32;
    %jmp/0xz  T_73.20, 4;
    %pushi/vec4 4, 0, 4;
    %store/vec4 v0x55ab8cd8d2a0_0, 0, 4;
    %load/vec4 v0x55ab8cd98490_0;
    %store/vec4 v0x55ab8cd32fc0_0, 0, 32;
    %load/vec4 v0x55ab8cd93670_0;
    %store/vec4 v0x55ab8cd330b0_0, 0, 32;
    %jmp T_73.21;
T_73.20 ;
    %load/vec4 v0x55ab8cd987d0_0;
    %pushi/vec4 28799, 0, 32;
    %and;
    %cmpi/e 28691, 0, 32;
    %jmp/0xz  T_73.22, 4;
    %pushi/vec4 7, 0, 4;
    %store/vec4 v0x55ab8cd8d2a0_0, 0, 4;
    %load/vec4 v0x55ab8cd98490_0;
    %store/vec4 v0x55ab8cd32fc0_0, 0, 32;
    %load/vec4 v0x55ab8cd93670_0;
    %store/vec4 v0x55ab8cd330b0_0, 0, 32;
    %jmp T_73.23;
T_73.22 ;
    %load/vec4 v0x55ab8cd987d0_0;
    %pushi/vec4 28799, 0, 32;
    %and;
    %cmpi/e 8211, 0, 32;
    %jmp/0xz  T_73.24, 4;
    %pushi/vec4 11, 0, 4;
    %store/vec4 v0x55ab8cd8d2a0_0, 0, 4;
    %load/vec4 v0x55ab8cd98490_0;
    %store/vec4 v0x55ab8cd32fc0_0, 0, 32;
    %load/vec4 v0x55ab8cd93670_0;
    %store/vec4 v0x55ab8cd330b0_0, 0, 32;
    %jmp T_73.25;
T_73.24 ;
    %load/vec4 v0x55ab8cd987d0_0;
    %pushi/vec4 28799, 0, 32;
    %and;
    %cmpi/e 12307, 0, 32;
    %jmp/0xz  T_73.26, 4;
    %pushi/vec4 10, 0, 4;
    %store/vec4 v0x55ab8cd8d2a0_0, 0, 4;
    %load/vec4 v0x55ab8cd98490_0;
    %store/vec4 v0x55ab8cd32fc0_0, 0, 32;
    %load/vec4 v0x55ab8cd93670_0;
    %store/vec4 v0x55ab8cd330b0_0, 0, 32;
    %jmp T_73.27;
T_73.26 ;
    %load/vec4 v0x55ab8cd987d0_0;
    %pushi/vec4 28799, 0, 32;
    %and;
    %cmpi/e 24595, 0, 32;
    %jmp/0xz  T_73.28, 4;
    %pushi/vec4 8, 0, 4;
    %store/vec4 v0x55ab8cd8d2a0_0, 0, 4;
    %load/vec4 v0x55ab8cd98490_0;
    %store/vec4 v0x55ab8cd32fc0_0, 0, 32;
    %load/vec4 v0x55ab8cd93670_0;
    %store/vec4 v0x55ab8cd330b0_0, 0, 32;
    %jmp T_73.29;
T_73.28 ;
    %load/vec4 v0x55ab8cd987d0_0;
    %pushi/vec4 28799, 0, 32;
    %and;
    %cmpi/e 16403, 0, 32;
    %jmp/0xz  T_73.30, 4;
    %pushi/vec4 9, 0, 4;
    %store/vec4 v0x55ab8cd8d2a0_0, 0, 4;
    %load/vec4 v0x55ab8cd98490_0;
    %store/vec4 v0x55ab8cd32fc0_0, 0, 32;
    %load/vec4 v0x55ab8cd93670_0;
    %store/vec4 v0x55ab8cd330b0_0, 0, 32;
    %jmp T_73.31;
T_73.30 ;
    %load/vec4 v0x55ab8cd987d0_0;
    %pushi/vec4 4227887231, 0, 32;
    %and;
    %cmpi/e 4115, 0, 32;
    %jmp/0xz  T_73.32, 4;
    %pushi/vec4 1, 0, 4;
    %store/vec4 v0x55ab8cd8d2a0_0, 0, 4;
    %load/vec4 v0x55ab8cd98490_0;
    %store/vec4 v0x55ab8cd32fc0_0, 0, 32;
    %pushi/vec4 0, 0, 27;
    %load/vec4 v0x55ab8cd97090_0;
    %concat/vec4; draw_concat_vec4
    %store/vec4 v0x55ab8cd330b0_0, 0, 32;
    %jmp T_73.33;
T_73.32 ;
    %load/vec4 v0x55ab8cd987d0_0;
    %pushi/vec4 4227887231, 0, 32;
    %and;
    %cmpi/e 20499, 0, 32;
    %jmp/0xz  T_73.34, 4;
    %pushi/vec4 2, 0, 4;
    %store/vec4 v0x55ab8cd8d2a0_0, 0, 4;
    %load/vec4 v0x55ab8cd98490_0;
    %store/vec4 v0x55ab8cd32fc0_0, 0, 32;
    %pushi/vec4 0, 0, 27;
    %load/vec4 v0x55ab8cd97090_0;
    %concat/vec4; draw_concat_vec4
    %store/vec4 v0x55ab8cd330b0_0, 0, 32;
    %jmp T_73.35;
T_73.34 ;
    %load/vec4 v0x55ab8cd987d0_0;
    %pushi/vec4 4227887231, 0, 32;
    %and;
    %cmpi/e 1073762323, 0, 32;
    %jmp/0xz  T_73.36, 4;
    %pushi/vec4 3, 0, 4;
    %store/vec4 v0x55ab8cd8d2a0_0, 0, 4;
    %load/vec4 v0x55ab8cd98490_0;
    %store/vec4 v0x55ab8cd32fc0_0, 0, 32;
    %pushi/vec4 0, 0, 27;
    %load/vec4 v0x55ab8cd97090_0;
    %concat/vec4; draw_concat_vec4
    %store/vec4 v0x55ab8cd330b0_0, 0, 32;
    %jmp T_73.37;
T_73.36 ;
    %load/vec4 v0x55ab8cd987d0_0;
    %pushi/vec4 127, 0, 32;
    %and;
    %cmpi/e 55, 0, 32;
    %jmp/0xz  T_73.38, 4;
    %load/vec4 v0x55ab8cd93750_0;
    %store/vec4 v0x55ab8cd32fc0_0, 0, 32;
    %jmp T_73.39;
T_73.38 ;
    %load/vec4 v0x55ab8cd987d0_0;
    %pushi/vec4 127, 0, 32;
    %and;
    %cmpi/e 23, 0, 32;
    %jmp/0xz  T_73.40, 4;
    %pushi/vec4 4, 0, 4;
    %store/vec4 v0x55ab8cd8d2a0_0, 0, 4;
    %load/vec4 v0x55ab8cd98870_0;
    %store/vec4 v0x55ab8cd32fc0_0, 0, 32;
    %load/vec4 v0x55ab8cd93750_0;
    %store/vec4 v0x55ab8cd330b0_0, 0, 32;
    %jmp T_73.41;
T_73.40 ;
    %load/vec4 v0x55ab8cd987d0_0;
    %pushi/vec4 127, 0, 32;
    %and;
    %cmpi/e 111, 0, 32;
    %jmp/1 T_73.44, 4;
    %flag_mov 8, 4;
    %load/vec4 v0x55ab8cd987d0_0;
    %pushi/vec4 28799, 0, 32;
    %and;
    %cmpi/e 103, 0, 32;
    %flag_or 4, 8;
T_73.44;
    %jmp/0xz  T_73.42, 4;
    %pushi/vec4 4, 0, 4;
    %store/vec4 v0x55ab8cd8d2a0_0, 0, 4;
    %load/vec4 v0x55ab8cd98870_0;
    %store/vec4 v0x55ab8cd32fc0_0, 0, 32;
    %pushi/vec4 4, 0, 32;
    %store/vec4 v0x55ab8cd330b0_0, 0, 32;
T_73.42 ;
T_73.41 ;
T_73.39 ;
T_73.37 ;
T_73.35 ;
T_73.33 ;
T_73.31 ;
T_73.29 ;
T_73.27 ;
T_73.25 ;
T_73.23 ;
T_73.21 ;
T_73.19 ;
T_73.17 ;
T_73.15 ;
T_73.13 ;
T_73.11 ;
T_73.9 ;
T_73.7 ;
T_73.5 ;
T_73.3 ;
T_73.1 ;
    %jmp T_73;
    .thread T_73, $push;
    .scope S_0x55ab8cc7d820;
T_74 ;
    %wait E_0x55ab8c8315a0;
    %load/vec4 v0x55ab8cd97550_0;
    %flag_set/vec4 8;
    %jmp/0xz  T_74.0, 8;
    %pushi/vec4 0, 0, 32;
    %assign/vec4 v0x55ab8cd97470_0, 0;
    %jmp T_74.1;
T_74.0 ;
    %load/vec4 v0x55ab8cd99030_0;
    %inv;
    %flag_set/vec4 8;
    %jmp/0xz  T_74.2, 8;
    %load/vec4 v0x55ab8cd82070_0;
    %assign/vec4 v0x55ab8cd97470_0, 0;
T_74.2 ;
T_74.1 ;
    %jmp T_74;
    .thread T_74;
    .scope S_0x55ab8cc7d820;
T_75 ;
    %wait E_0x55ab8cdd19a0;
    %pushi/vec4 0, 0, 1;
    %store/vec4 v0x55ab8cd99f10_0, 0, 1;
    %pushi/vec4 0, 0, 1;
    %store/vec4 v0x55ab8cd99370_0, 0, 1;
    %pushi/vec4 0, 0, 1;
    %store/vec4 v0x55ab8cd93ed0_0, 0, 1;
    %pushi/vec4 0, 0, 1;
    %store/vec4 v0x55ab8cd99bf0_0, 0, 1;
    %pushi/vec4 0, 0, 1;
    %store/vec4 v0x55ab8cd9ab50_0, 0, 1;
    %load/vec4 v0x55ab8cd98870_0;
    %load/vec4 v0x55ab8cd82160_0;
    %add;
    %store/vec4 v0x55ab8cd99430_0, 0, 32;
    %load/vec4 v0x55ab8cd987d0_0;
    %pushi/vec4 127, 0, 32;
    %and;
    %cmpi/e 111, 0, 32;
    %jmp/0xz  T_75.0, 4;
    %pushi/vec4 1, 0, 1;
    %store/vec4 v0x55ab8cd99f10_0, 0, 1;
    %pushi/vec4 1, 0, 1;
    %store/vec4 v0x55ab8cd99370_0, 0, 1;
    %load/vec4 v0x55ab8cd98870_0;
    %load/vec4 v0x55ab8cd98bb0_0;
    %add;
    %store/vec4 v0x55ab8cd99430_0, 0, 32;
    %load/vec4 v0x55ab8cd97c30_0;
    %pushi/vec4 1, 0, 5;
    %cmp/e;
    %flag_get/vec4 4;
    %store/vec4 v0x55ab8cd93ed0_0, 0, 1;
    %pushi/vec4 1, 0, 1;
    %store/vec4 v0x55ab8cd9ab50_0, 0, 1;
    %jmp T_75.1;
T_75.0 ;
    %load/vec4 v0x55ab8cd987d0_0;
    %pushi/vec4 28799, 0, 32;
    %and;
    %cmpi/e 103, 0, 32;
    %jmp/0xz  T_75.2, 4;
    %pushi/vec4 1, 0, 1;
    %store/vec4 v0x55ab8cd99f10_0, 0, 1;
    %pushi/vec4 1, 0, 1;
    %store/vec4 v0x55ab8cd99370_0, 0, 1;
    %load/vec4 v0x55ab8cd98490_0;
    %load/vec4 v0x55ab8cd93670_0;
    %add;
    %store/vec4 v0x55ab8cd99430_0, 0, 32;
    %pushi/vec4 0, 0, 1;
    %ix/load 4, 0, 0;
    %flag_set/imm 4, 0;
    %store/vec4 v0x55ab8cd99430_0, 4, 1;
    %load/vec4 v0x55ab8cd983f0_0;
    %cmpi/e 1, 0, 5;
    %flag_get/vec4 4;
    %jmp/0 T_75.4, 4;
    %load/vec4 v0x55ab8cd93670_0;
    %parti/s 12, 0, 2;
    %pushi/vec4 0, 0, 12;
    %cmp/e;
    %flag_get/vec4 4;
    %and;
T_75.4;
    %store/vec4 v0x55ab8cd99bf0_0, 0, 1;
    %load/vec4 v0x55ab8cd99bf0_0;
    %inv;
    %flag_set/vec4 8;
    %flag_get/vec4 8;
    %jmp/0 T_75.5, 8;
    %load/vec4 v0x55ab8cd97c30_0;
    %pushi/vec4 1, 0, 5;
    %cmp/e;
    %flag_get/vec4 4;
    %and;
T_75.5;
    %store/vec4 v0x55ab8cd93ed0_0, 0, 1;
    %load/vec4 v0x55ab8cd93ed0_0;
    %load/vec4 v0x55ab8cd99bf0_0;
    %or;
    %inv;
    %store/vec4 v0x55ab8cd9ab50_0, 0, 1;
    %jmp T_75.3;
T_75.2 ;
    %load/vec4 v0x55ab8cd987d0_0;
    %pushi/vec4 28799, 0, 32;
    %and;
    %cmpi/e 99, 0, 32;
    %jmp/0xz  T_75.6, 4;
    %pushi/vec4 1, 0, 1;
    %store/vec4 v0x55ab8cd99f10_0, 0, 1;
    %load/vec4 v0x55ab8cd98490_0;
    %load/vec4 v0x55ab8cd980e0_0;
    %cmp/e;
    %flag_get/vec4 4;
    %store/vec4 v0x55ab8cd99370_0, 0, 1;
    %jmp T_75.7;
T_75.6 ;
    %load/vec4 v0x55ab8cd987d0_0;
    %pushi/vec4 28799, 0, 32;
    %and;
    %cmpi/e 4195, 0, 32;
    %jmp/0xz  T_75.8, 4;
    %pushi/vec4 1, 0, 1;
    %store/vec4 v0x55ab8cd99f10_0, 0, 1;
    %load/vec4 v0x55ab8cd98490_0;
    %load/vec4 v0x55ab8cd980e0_0;
    %cmp/ne;
    %flag_get/vec4 4;
    %store/vec4 v0x55ab8cd99370_0, 0, 1;
    %jmp T_75.9;
T_75.8 ;
    %load/vec4 v0x55ab8cd987d0_0;
    %pushi/vec4 28799, 0, 32;
    %and;
    %cmpi/e 16483, 0, 32;
    %jmp/0xz  T_75.10, 4;
    %pushi/vec4 1, 0, 1;
    %store/vec4 v0x55ab8cd99f10_0, 0, 1;
    %load/vec4 v0x55ab8cd98490_0;
    %load/vec4 v0x55ab8cd980e0_0;
    %store/vec4 v0x55ab8cd01720_0, 0, 32;
    %store/vec4 v0x55ab8cd01660_0, 0, 32;
    %callf/vec4 TD_tb_top.u_dut.u_exec0.less_than_signed, S_0x55ab8ccb7d90;
    %store/vec4 v0x55ab8cd99370_0, 0, 1;
    %jmp T_75.11;
T_75.10 ;
    %load/vec4 v0x55ab8cd987d0_0;
    %pushi/vec4 28799, 0, 32;
    %and;
    %cmpi/e 20579, 0, 32;
    %jmp/0xz  T_75.12, 4;
    %pushi/vec4 1, 0, 1;
    %store/vec4 v0x55ab8cd99f10_0, 0, 1;
    %load/vec4 v0x55ab8cd98490_0;
    %load/vec4 v0x55ab8cd980e0_0;
    %store/vec4 v0x55ab8cccc7d0_0, 0, 32;
    %store/vec4 v0x55ab8cccc710_0, 0, 32;
    %callf/vec4 TD_tb_top.u_dut.u_exec0.greater_than_signed, S_0x55ab8cc7d470;
    %load/vec4 v0x55ab8cd98490_0;
    %load/vec4 v0x55ab8cd980e0_0;
    %cmp/e;
    %flag_get/vec4 4;
    %or;
    %store/vec4 v0x55ab8cd99370_0, 0, 1;
    %jmp T_75.13;
T_75.12 ;
    %load/vec4 v0x55ab8cd987d0_0;
    %pushi/vec4 28799, 0, 32;
    %and;
    %cmpi/e 24675, 0, 32;
    %jmp/0xz  T_75.14, 4;
    %pushi/vec4 1, 0, 1;
    %store/vec4 v0x55ab8cd99f10_0, 0, 1;
    %load/vec4 v0x55ab8cd98490_0;
    %load/vec4 v0x55ab8cd980e0_0;
    %cmp/u;
    %flag_get/vec4 5;
    %store/vec4 v0x55ab8cd99370_0, 0, 1;
    %jmp T_75.15;
T_75.14 ;
    %load/vec4 v0x55ab8cd987d0_0;
    %pushi/vec4 28799, 0, 32;
    %and;
    %cmpi/e 28771, 0, 32;
    %jmp/0xz  T_75.16, 4;
    %pushi/vec4 1, 0, 1;
    %store/vec4 v0x55ab8cd99f10_0, 0, 1;
    %load/vec4 v0x55ab8cd980e0_0;
    %load/vec4 v0x55ab8cd98490_0;
    %cmp/u;
    %flag_get/vec4 4;
    %flag_get/vec4 5;
    %or;
    %store/vec4 v0x55ab8cd99370_0, 0, 1;
T_75.16 ;
T_75.15 ;
T_75.13 ;
T_75.11 ;
T_75.9 ;
T_75.7 ;
T_75.3 ;
T_75.1 ;
    %jmp T_75;
    .thread T_75, $push;
    .scope S_0x55ab8cc7d820;
T_76 ;
    %wait E_0x55ab8c8315a0;
    %load/vec4 v0x55ab8cd97550_0;
    %flag_set/vec4 8;
    %jmp/0xz  T_76.0, 8;
    %pushi/vec4 0, 0, 1;
    %assign/vec4 v0x55ab8cd99830_0, 0;
    %pushi/vec4 0, 0, 1;
    %assign/vec4 v0x55ab8cd9a2f0_0, 0;
    %pushi/vec4 0, 0, 32;
    %assign/vec4 v0x55ab8cd978f0_0, 0;
    %pushi/vec4 0, 0, 32;
    %assign/vec4 v0x55ab8cd97850_0, 0;
    %pushi/vec4 0, 0, 1;
    %assign/vec4 v0x55ab8cd93e30_0, 0;
    %pushi/vec4 0, 0, 1;
    %assign/vec4 v0x55ab8cd99b30_0, 0;
    %pushi/vec4 0, 0, 1;
    %assign/vec4 v0x55ab8cd9aab0_0, 0;
    %jmp T_76.1;
T_76.0 ;
    %load/vec4 v0x55ab8cd97d00_0;
    %flag_set/vec4 8;
    %jmp/0xz  T_76.2, 8;
    %load/vec4 v0x55ab8cd99f10_0;
    %flag_set/vec4 8;
    %flag_get/vec4 8;
    %jmp/0 T_76.4, 8;
    %load/vec4 v0x55ab8cd97d00_0;
    %load/vec4 v0x55ab8cd99370_0;
    %and;
    %and;
T_76.4;
    %assign/vec4 v0x55ab8cd99830_0, 0;
    %load/vec4 v0x55ab8cd99f10_0;
    %flag_set/vec4 8;
    %flag_get/vec4 8;
    %jmp/0 T_76.5, 8;
    %load/vec4 v0x55ab8cd97d00_0;
    %load/vec4 v0x55ab8cd99370_0;
    %inv;
    %and;
    %and;
T_76.5;
    %assign/vec4 v0x55ab8cd9a2f0_0, 0;
    %load/vec4 v0x55ab8cd99370_0;
    %flag_set/vec4 8;
    %jmp/0 T_76.6, 8;
    %load/vec4 v0x55ab8cd99430_0;
    %jmp/1 T_76.7, 8;
T_76.6 ; End of true expr.
    %load/vec4 v0x55ab8cd98870_0;
    %addi 4, 0, 32;
    %jmp/0 T_76.7, 8;
 ; End of false expr.
    %blend;
T_76.7;
    %assign/vec4 v0x55ab8cd978f0_0, 0;
    %load/vec4 v0x55ab8cd99f10_0;
    %flag_set/vec4 9;
    %flag_get/vec4 9;
    %jmp/0 T_76.9, 9;
    %load/vec4 v0x55ab8cd97d00_0;
    %and;
T_76.9;
    %flag_set/vec4 8;
    %flag_get/vec4 8;
    %jmp/0 T_76.8, 8;
    %load/vec4 v0x55ab8cd93ed0_0;
    %and;
T_76.8;
    %assign/vec4 v0x55ab8cd93e30_0, 0;
    %load/vec4 v0x55ab8cd99f10_0;
    %flag_set/vec4 9;
    %flag_get/vec4 9;
    %jmp/0 T_76.11, 9;
    %load/vec4 v0x55ab8cd97d00_0;
    %and;
T_76.11;
    %flag_set/vec4 8;
    %flag_get/vec4 8;
    %jmp/0 T_76.10, 8;
    %load/vec4 v0x55ab8cd99bf0_0;
    %and;
T_76.10;
    %assign/vec4 v0x55ab8cd99b30_0, 0;
    %load/vec4 v0x55ab8cd99f10_0;
    %flag_set/vec4 9;
    %flag_get/vec4 9;
    %jmp/0 T_76.13, 9;
    %load/vec4 v0x55ab8cd97d00_0;
    %and;
T_76.13;
    %flag_set/vec4 8;
    %flag_get/vec4 8;
    %jmp/0 T_76.12, 8;
    %load/vec4 v0x55ab8cd9ab50_0;
    %and;
T_76.12;
    %assign/vec4 v0x55ab8cd9aab0_0, 0;
    %load/vec4 v0x55ab8cd98870_0;
    %assign/vec4 v0x55ab8cd97850_0, 0;
T_76.2 ;
T_76.1 ;
    %jmp T_76;
    .thread T_76;
    .scope S_0x55ab8cc7cd10;
T_77 ;
    %wait E_0x55ab8c7ca260;
    %pushi/vec4 0, 0, 16;
    %store/vec4 v0x55ab8ce14330_0, 0, 16;
    %pushi/vec4 0, 0, 32;
    %store/vec4 v0x55ab8ce15390_0, 0, 32;
    %pushi/vec4 0, 0, 32;
    %store/vec4 v0x55ab8ce14630_0, 0, 32;
    %pushi/vec4 0, 0, 32;
    %store/vec4 v0x55ab8ce14710_0, 0, 32;
    %pushi/vec4 0, 0, 32;
    %store/vec4 v0x55ab8ce14250_0, 0, 32;
    %pushi/vec4 0, 0, 32;
    %store/vec4 v0x55ab8ce133b0_0, 0, 32;
    %pushi/vec4 0, 0, 32;
    %store/vec4 v0x55ab8ce12f50_0, 0, 32;
    %pushi/vec4 0, 0, 32;
    %store/vec4 v0x55ab8ce13030_0, 0, 32;
    %pushi/vec4 0, 0, 32;
    %store/vec4 v0x55ab8ce152b0_0, 0, 32;
    %load/vec4 v0x55ab8ce136b0_0;
    %dup/vec4;
    %pushi/vec4 1, 0, 4;
    %cmp/u;
    %jmp/1 T_77.0, 6;
    %dup/vec4;
    %pushi/vec4 2, 0, 4;
    %cmp/u;
    %jmp/1 T_77.1, 6;
    %dup/vec4;
    %pushi/vec4 3, 0, 4;
    %cmp/u;
    %jmp/1 T_77.2, 6;
    %dup/vec4;
    %pushi/vec4 4, 0, 4;
    %cmp/u;
    %jmp/1 T_77.3, 6;
    %dup/vec4;
    %pushi/vec4 6, 0, 4;
    %cmp/u;
    %jmp/1 T_77.4, 6;
    %dup/vec4;
    %pushi/vec4 7, 0, 4;
    %cmp/u;
    %jmp/1 T_77.5, 6;
    %dup/vec4;
    %pushi/vec4 8, 0, 4;
    %cmp/u;
    %jmp/1 T_77.6, 6;
    %dup/vec4;
    %pushi/vec4 9, 0, 4;
    %cmp/u;
    %jmp/1 T_77.7, 6;
    %dup/vec4;
    %pushi/vec4 10, 0, 4;
    %cmp/u;
    %jmp/1 T_77.8, 6;
    %dup/vec4;
    %pushi/vec4 11, 0, 4;
    %cmp/u;
    %jmp/1 T_77.9, 6;
    %load/vec4 v0x55ab8cb1a2e0_0;
    %store/vec4 v0x55ab8ce132d0_0, 0, 32;
    %jmp T_77.11;
T_77.0 ;
    %load/vec4 v0x55ab8cb1a3b0_0;
    %parti/s 1, 0, 2;
    %cmpi/e 1, 0, 1;
    %jmp/0xz  T_77.12, 4;
    %load/vec4 v0x55ab8cb1a2e0_0;
    %parti/s 31, 0, 2;
    %concati/vec4 0, 0, 1;
    %store/vec4 v0x55ab8ce133b0_0, 0, 32;
    %jmp T_77.13;
T_77.12 ;
    %load/vec4 v0x55ab8cb1a2e0_0;
    %store/vec4 v0x55ab8ce133b0_0, 0, 32;
T_77.13 ;
    %load/vec4 v0x55ab8cb1a3b0_0;
    %parti/s 1, 1, 2;
    %cmpi/e 1, 0, 1;
    %jmp/0xz  T_77.14, 4;
    %load/vec4 v0x55ab8ce133b0_0;
    %parti/s 30, 0, 2;
    %concati/vec4 0, 0, 2;
    %store/vec4 v0x55ab8ce12f50_0, 0, 32;
    %jmp T_77.15;
T_77.14 ;
    %load/vec4 v0x55ab8ce133b0_0;
    %store/vec4 v0x55ab8ce12f50_0, 0, 32;
T_77.15 ;
    %load/vec4 v0x55ab8cb1a3b0_0;
    %parti/s 1, 2, 3;
    %cmpi/e 1, 0, 1;
    %jmp/0xz  T_77.16, 4;
    %load/vec4 v0x55ab8ce12f50_0;
    %parti/s 28, 0, 2;
    %concati/vec4 0, 0, 4;
    %store/vec4 v0x55ab8ce13030_0, 0, 32;
    %jmp T_77.17;
T_77.16 ;
    %load/vec4 v0x55ab8ce12f50_0;
    %store/vec4 v0x55ab8ce13030_0, 0, 32;
T_77.17 ;
    %load/vec4 v0x55ab8cb1a3b0_0;
    %parti/s 1, 3, 3;
    %cmpi/e 1, 0, 1;
    %jmp/0xz  T_77.18, 4;
    %load/vec4 v0x55ab8ce13030_0;
    %parti/s 24, 0, 2;
    %concati/vec4 0, 0, 8;
    %store/vec4 v0x55ab8ce152b0_0, 0, 32;
    %jmp T_77.19;
T_77.18 ;
    %load/vec4 v0x55ab8ce13030_0;
    %store/vec4 v0x55ab8ce152b0_0, 0, 32;
T_77.19 ;
    %load/vec4 v0x55ab8cb1a3b0_0;
    %parti/s 1, 4, 4;
    %cmpi/e 1, 0, 1;
    %jmp/0xz  T_77.20, 4;
    %load/vec4 v0x55ab8ce152b0_0;
    %parti/s 16, 0, 2;
    %concati/vec4 0, 0, 16;
    %store/vec4 v0x55ab8ce132d0_0, 0, 32;
    %jmp T_77.21;
T_77.20 ;
    %load/vec4 v0x55ab8ce152b0_0;
    %store/vec4 v0x55ab8ce132d0_0, 0, 32;
T_77.21 ;
    %jmp T_77.11;
T_77.1 ;
    %load/vec4 v0x55ab8cb1a2e0_0;
    %parti/s 1, 31, 6;
    %cmpi/e 1, 0, 1;
    %flag_get/vec4 4;
    %jmp/0 T_77.24, 4;
    %load/vec4 v0x55ab8ce136b0_0;
    %pushi/vec4 3, 0, 4;
    %cmp/e;
    %flag_get/vec4 4;
    %and;
T_77.24;
    %flag_set/vec4 8;
    %jmp/0xz  T_77.22, 8;
    %pushi/vec4 65535, 0, 16;
    %store/vec4 v0x55ab8ce14330_0, 0, 16;
    %jmp T_77.23;
T_77.22 ;
    %pushi/vec4 0, 0, 16;
    %store/vec4 v0x55ab8ce14330_0, 0, 16;
T_77.23 ;
    %load/vec4 v0x55ab8cb1a3b0_0;
    %parti/s 1, 0, 2;
    %cmpi/e 1, 0, 1;
    %jmp/0xz  T_77.25, 4;
    %load/vec4 v0x55ab8ce14330_0;
    %parti/s 1, 15, 5;
    %load/vec4 v0x55ab8cb1a2e0_0;
    %parti/s 31, 1, 2;
    %concat/vec4; draw_concat_vec4
    %store/vec4 v0x55ab8ce15390_0, 0, 32;
    %jmp T_77.26;
T_77.25 ;
    %load/vec4 v0x55ab8cb1a2e0_0;
    %store/vec4 v0x55ab8ce15390_0, 0, 32;
T_77.26 ;
    %load/vec4 v0x55ab8cb1a3b0_0;
    %parti/s 1, 1, 2;
    %cmpi/e 1, 0, 1;
    %jmp/0xz  T_77.27, 4;
    %load/vec4 v0x55ab8ce14330_0;
    %parti/s 2, 14, 5;
    %load/vec4 v0x55ab8ce15390_0;
    %parti/s 30, 2, 3;
    %concat/vec4; draw_concat_vec4
    %store/vec4 v0x55ab8ce14630_0, 0, 32;
    %jmp T_77.28;
T_77.27 ;
    %load/vec4 v0x55ab8ce15390_0;
    %store/vec4 v0x55ab8ce14630_0, 0, 32;
T_77.28 ;
    %load/vec4 v0x55ab8cb1a3b0_0;
    %parti/s 1, 2, 3;
    %cmpi/e 1, 0, 1;
    %jmp/0xz  T_77.29, 4;
    %load/vec4 v0x55ab8ce14330_0;
    %parti/s 4, 12, 5;
    %load/vec4 v0x55ab8ce14630_0;
    %parti/s 28, 4, 4;
    %concat/vec4; draw_concat_vec4
    %store/vec4 v0x55ab8ce14710_0, 0, 32;
    %jmp T_77.30;
T_77.29 ;
    %load/vec4 v0x55ab8ce14630_0;
    %store/vec4 v0x55ab8ce14710_0, 0, 32;
T_77.30 ;
    %load/vec4 v0x55ab8cb1a3b0_0;
    %parti/s 1, 3, 3;
    %cmpi/e 1, 0, 1;
    %jmp/0xz  T_77.31, 4;
    %load/vec4 v0x55ab8ce14330_0;
    %parti/s 8, 8, 5;
    %load/vec4 v0x55ab8ce14710_0;
    %parti/s 24, 8, 5;
    %concat/vec4; draw_concat_vec4
    %store/vec4 v0x55ab8ce14250_0, 0, 32;
    %jmp T_77.32;
T_77.31 ;
    %load/vec4 v0x55ab8ce14710_0;
    %store/vec4 v0x55ab8ce14250_0, 0, 32;
T_77.32 ;
    %load/vec4 v0x55ab8cb1a3b0_0;
    %parti/s 1, 4, 4;
    %cmpi/e 1, 0, 1;
    %jmp/0xz  T_77.33, 4;
    %load/vec4 v0x55ab8ce14330_0;
    %load/vec4 v0x55ab8ce14250_0;
    %parti/s 16, 16, 6;
    %concat/vec4; draw_concat_vec4
    %store/vec4 v0x55ab8ce132d0_0, 0, 32;
    %jmp T_77.34;
T_77.33 ;
    %load/vec4 v0x55ab8ce14250_0;
    %store/vec4 v0x55ab8ce132d0_0, 0, 32;
T_77.34 ;
    %jmp T_77.11;
T_77.2 ;
    %load/vec4 v0x55ab8cb1a2e0_0;
    %parti/s 1, 31, 6;
    %cmpi/e 1, 0, 1;
    %flag_get/vec4 4;
    %jmp/0 T_77.37, 4;
    %load/vec4 v0x55ab8ce136b0_0;
    %pushi/vec4 3, 0, 4;
    %cmp/e;
    %flag_get/vec4 4;
    %and;
T_77.37;
    %flag_set/vec4 8;
    %jmp/0xz  T_77.35, 8;
    %pushi/vec4 65535, 0, 16;
    %store/vec4 v0x55ab8ce14330_0, 0, 16;
    %jmp T_77.36;
T_77.35 ;
    %pushi/vec4 0, 0, 16;
    %store/vec4 v0x55ab8ce14330_0, 0, 16;
T_77.36 ;
    %load/vec4 v0x55ab8cb1a3b0_0;
    %parti/s 1, 0, 2;
    %cmpi/e 1, 0, 1;
    %jmp/0xz  T_77.38, 4;
    %load/vec4 v0x55ab8ce14330_0;
    %parti/s 1, 15, 5;
    %load/vec4 v0x55ab8cb1a2e0_0;
    %parti/s 31, 1, 2;
    %concat/vec4; draw_concat_vec4
    %store/vec4 v0x55ab8ce15390_0, 0, 32;
    %jmp T_77.39;
T_77.38 ;
    %load/vec4 v0x55ab8cb1a2e0_0;
    %store/vec4 v0x55ab8ce15390_0, 0, 32;
T_77.39 ;
    %load/vec4 v0x55ab8cb1a3b0_0;
    %parti/s 1, 1, 2;
    %cmpi/e 1, 0, 1;
    %jmp/0xz  T_77.40, 4;
    %load/vec4 v0x55ab8ce14330_0;
    %parti/s 2, 14, 5;
    %load/vec4 v0x55ab8ce15390_0;
    %parti/s 30, 2, 3;
    %concat/vec4; draw_concat_vec4
    %store/vec4 v0x55ab8ce14630_0, 0, 32;
    %jmp T_77.41;
T_77.40 ;
    %load/vec4 v0x55ab8ce15390_0;
    %store/vec4 v0x55ab8ce14630_0, 0, 32;
T_77.41 ;
    %load/vec4 v0x55ab8cb1a3b0_0;
    %parti/s 1, 2, 3;
    %cmpi/e 1, 0, 1;
    %jmp/0xz  T_77.42, 4;
    %load/vec4 v0x55ab8ce14330_0;
    %parti/s 4, 12, 5;
    %load/vec4 v0x55ab8ce14630_0;
    %parti/s 28, 4, 4;
    %concat/vec4; draw_concat_vec4
    %store/vec4 v0x55ab8ce14710_0, 0, 32;
    %jmp T_77.43;
T_77.42 ;
    %load/vec4 v0x55ab8ce14630_0;
    %store/vec4 v0x55ab8ce14710_0, 0, 32;
T_77.43 ;
    %load/vec4 v0x55ab8cb1a3b0_0;
    %parti/s 1, 3, 3;
    %cmpi/e 1, 0, 1;
    %jmp/0xz  T_77.44, 4;
    %load/vec4 v0x55ab8ce14330_0;
    %parti/s 8, 8, 5;
    %load/vec4 v0x55ab8ce14710_0;
    %parti/s 24, 8, 5;
    %concat/vec4; draw_concat_vec4
    %store/vec4 v0x55ab8ce14250_0, 0, 32;
    %jmp T_77.45;
T_77.44 ;
    %load/vec4 v0x55ab8ce14710_0;
    %store/vec4 v0x55ab8ce14250_0, 0, 32;
T_77.45 ;
    %load/vec4 v0x55ab8cb1a3b0_0;
    %parti/s 1, 4, 4;
    %cmpi/e 1, 0, 1;
    %jmp/0xz  T_77.46, 4;
    %load/vec4 v0x55ab8ce14330_0;
    %load/vec4 v0x55ab8ce14250_0;
    %parti/s 16, 16, 6;
    %concat/vec4; draw_concat_vec4
    %store/vec4 v0x55ab8ce132d0_0, 0, 32;
    %jmp T_77.47;
T_77.46 ;
    %load/vec4 v0x55ab8ce14250_0;
    %store/vec4 v0x55ab8ce132d0_0, 0, 32;
T_77.47 ;
    %jmp T_77.11;
T_77.3 ;
    %load/vec4 v0x55ab8cb1a3b0_0;
    %store/vec4 v0x55ab8cac4240_0, 0, 32;
    %pushi/vec4 0, 0, 1;
    %store/vec4 v0x55ab8cbe8060_0, 0, 1;
    %load/vec4 v0x55ab8cbe8100_0;
    %store/vec4 v0x55ab8ce132d0_0, 0, 32;
    %jmp T_77.11;
T_77.4 ;
    %load/vec4 v0x55ab8cb1a3b0_0;
    %inv;
    %store/vec4 v0x55ab8cac4240_0, 0, 32;
    %pushi/vec4 1, 0, 1;
    %store/vec4 v0x55ab8cbe8060_0, 0, 1;
    %load/vec4 v0x55ab8cbe8100_0;
    %store/vec4 v0x55ab8ce132d0_0, 0, 32;
    %jmp T_77.11;
T_77.5 ;
    %load/vec4 v0x55ab8cb1a2e0_0;
    %load/vec4 v0x55ab8cb1a3b0_0;
    %and;
    %store/vec4 v0x55ab8ce132d0_0, 0, 32;
    %jmp T_77.11;
T_77.6 ;
    %load/vec4 v0x55ab8cb1a2e0_0;
    %load/vec4 v0x55ab8cb1a3b0_0;
    %or;
    %store/vec4 v0x55ab8ce132d0_0, 0, 32;
    %jmp T_77.11;
T_77.7 ;
    %load/vec4 v0x55ab8cb1a2e0_0;
    %load/vec4 v0x55ab8cb1a3b0_0;
    %xor;
    %store/vec4 v0x55ab8ce132d0_0, 0, 32;
    %jmp T_77.11;
T_77.8 ;
    %load/vec4 v0x55ab8cb1a2e0_0;
    %load/vec4 v0x55ab8cb1a3b0_0;
    %cmp/u;
    %flag_mov 8, 5;
    %jmp/0 T_77.48, 8;
    %pushi/vec4 1, 0, 32;
    %jmp/1 T_77.49, 8;
T_77.48 ; End of true expr.
    %pushi/vec4 0, 0, 32;
    %jmp/0 T_77.49, 8;
 ; End of false expr.
    %blend;
T_77.49;
    %store/vec4 v0x55ab8ce132d0_0, 0, 32;
    %jmp T_77.11;
T_77.9 ;
    %load/vec4 v0x55ab8cb1a2e0_0;
    %parti/s 1, 31, 6;
    %load/vec4 v0x55ab8cb1a3b0_0;
    %parti/s 1, 31, 6;
    %cmp/ne;
    %jmp/0xz  T_77.50, 4;
    %load/vec4 v0x55ab8cb1a2e0_0;
    %parti/s 1, 31, 6;
    %flag_set/vec4 8;
    %jmp/0 T_77.52, 8;
    %pushi/vec4 1, 0, 32;
    %jmp/1 T_77.53, 8;
T_77.52 ; End of true expr.
    %pushi/vec4 0, 0, 32;
    %jmp/0 T_77.53, 8;
 ; End of false expr.
    %blend;
T_77.53;
    %store/vec4 v0x55ab8ce132d0_0, 0, 32;
    %jmp T_77.51;
T_77.50 ;
    %load/vec4 v0x55ab8ce13e70_0;
    %parti/s 1, 31, 6;
    %flag_set/vec4 8;
    %jmp/0 T_77.54, 8;
    %pushi/vec4 1, 0, 32;
    %jmp/1 T_77.55, 8;
T_77.54 ; End of true expr.
    %pushi/vec4 0, 0, 32;
    %jmp/0 T_77.55, 8;
 ; End of false expr.
    %blend;
T_77.55;
    %store/vec4 v0x55ab8ce132d0_0, 0, 32;
T_77.51 ;
    %jmp T_77.11;
T_77.11 ;
    %pop/vec4 1;
    %jmp T_77;
    .thread T_77, $push;
    .scope S_0x55ab8cc7f1f0;
T_78 ;
    %wait E_0x55ab8c693050;
    %load/vec4 v0x55ab8c6b8170_0;
    %parti/s 20, 12, 5;
    %concati/vec4 0, 0, 12;
    %store/vec4 v0x55ab8cce0c50_0, 0, 32;
    %load/vec4 v0x55ab8c6b8170_0;
    %parti/s 1, 31, 6;
    %replicate 20;
    %load/vec4 v0x55ab8c6b8170_0;
    %parti/s 12, 20, 6;
    %concat/vec4; draw_concat_vec4
    %store/vec4 v0x55ab8cce0b70_0, 0, 32;
    %load/vec4 v0x55ab8c6b8170_0;
    %parti/s 1, 31, 6;
    %replicate 19;
    %load/vec4 v0x55ab8c6b8170_0;
    %parti/s 1, 31, 6;
    %concat/vec4; draw_concat_vec4
    %load/vec4 v0x55ab8c6b8170_0;
    %parti/s 1, 7, 4;
    %concat/vec4; draw_concat_vec4
    %load/vec4 v0x55ab8c6b8170_0;
    %parti/s 6, 25, 6;
    %concat/vec4; draw_concat_vec4
    %load/vec4 v0x55ab8c6b8170_0;
    %parti/s 4, 8, 5;
    %concat/vec4; draw_concat_vec4
    %concati/vec4 0, 0, 1;
    %store/vec4 v0x55ab8cde7f40_0, 0, 32;
    %load/vec4 v0x55ab8c6b8170_0;
    %parti/s 1, 31, 6;
    %replicate 12;
    %load/vec4 v0x55ab8c6b8170_0;
    %parti/s 8, 12, 5;
    %concat/vec4; draw_concat_vec4
    %load/vec4 v0x55ab8c6b8170_0;
    %parti/s 1, 20, 6;
    %concat/vec4; draw_concat_vec4
    %load/vec4 v0x55ab8c6b8170_0;
    %parti/s 6, 25, 6;
    %concat/vec4; draw_concat_vec4
    %load/vec4 v0x55ab8c6b8170_0;
    %parti/s 4, 21, 6;
    %concat/vec4; draw_concat_vec4
    %concati/vec4 0, 0, 1;
    %store/vec4 v0x55ab8ccdea50_0, 0, 32;
    %load/vec4 v0x55ab8c6b8170_0;
    %parti/s 5, 20, 6;
    %store/vec4 v0x55ab8cdbf880_0, 0, 5;
    %jmp T_78;
    .thread T_78, $push;
    .scope S_0x55ab8cc7f1f0;
T_79 ;
    %wait E_0x55ab8c692fd0;
    %pushi/vec4 0, 0, 4;
    %store/vec4 v0x55ab8cde5f30_0, 0, 4;
    %pushi/vec4 0, 0, 32;
    %store/vec4 v0x55ab8cde5af0_0, 0, 32;
    %pushi/vec4 0, 0, 32;
    %store/vec4 v0x55ab8cde5be0_0, 0, 32;
    %load/vec4 v0x55ab8c6b8170_0;
    %pushi/vec4 4261441663, 0, 32;
    %and;
    %cmpi/e 51, 0, 32;
    %jmp/0xz  T_79.0, 4;
    %pushi/vec4 4, 0, 4;
    %store/vec4 v0x55ab8cde5f30_0, 0, 4;
    %load/vec4 v0x55ab8cd5c7a0_0;
    %store/vec4 v0x55ab8cde5af0_0, 0, 32;
    %load/vec4 v0x55ab8ccbd7b0_0;
    %store/vec4 v0x55ab8cde5be0_0, 0, 32;
    %jmp T_79.1;
T_79.0 ;
    %load/vec4 v0x55ab8c6b8170_0;
    %pushi/vec4 4261441663, 0, 32;
    %and;
    %cmpi/e 28723, 0, 32;
    %jmp/0xz  T_79.2, 4;
    %pushi/vec4 7, 0, 4;
    %store/vec4 v0x55ab8cde5f30_0, 0, 4;
    %load/vec4 v0x55ab8cd5c7a0_0;
    %store/vec4 v0x55ab8cde5af0_0, 0, 32;
    %load/vec4 v0x55ab8ccbd7b0_0;
    %store/vec4 v0x55ab8cde5be0_0, 0, 32;
    %jmp T_79.3;
T_79.2 ;
    %load/vec4 v0x55ab8c6b8170_0;
    %pushi/vec4 4261441663, 0, 32;
    %and;
    %cmpi/e 24627, 0, 32;
    %jmp/0xz  T_79.4, 4;
    %pushi/vec4 8, 0, 4;
    %store/vec4 v0x55ab8cde5f30_0, 0, 4;
    %load/vec4 v0x55ab8cd5c7a0_0;
    %store/vec4 v0x55ab8cde5af0_0, 0, 32;
    %load/vec4 v0x55ab8ccbd7b0_0;
    %store/vec4 v0x55ab8cde5be0_0, 0, 32;
    %jmp T_79.5;
T_79.4 ;
    %load/vec4 v0x55ab8c6b8170_0;
    %pushi/vec4 4261441663, 0, 32;
    %and;
    %cmpi/e 4147, 0, 32;
    %jmp/0xz  T_79.6, 4;
    %pushi/vec4 1, 0, 4;
    %store/vec4 v0x55ab8cde5f30_0, 0, 4;
    %load/vec4 v0x55ab8cd5c7a0_0;
    %store/vec4 v0x55ab8cde5af0_0, 0, 32;
    %load/vec4 v0x55ab8ccbd7b0_0;
    %store/vec4 v0x55ab8cde5be0_0, 0, 32;
    %jmp T_79.7;
T_79.6 ;
    %load/vec4 v0x55ab8c6b8170_0;
    %pushi/vec4 4261441663, 0, 32;
    %and;
    %cmpi/e 1073762355, 0, 32;
    %jmp/0xz  T_79.8, 4;
    %pushi/vec4 3, 0, 4;
    %store/vec4 v0x55ab8cde5f30_0, 0, 4;
    %load/vec4 v0x55ab8cd5c7a0_0;
    %store/vec4 v0x55ab8cde5af0_0, 0, 32;
    %load/vec4 v0x55ab8ccbd7b0_0;
    %store/vec4 v0x55ab8cde5be0_0, 0, 32;
    %jmp T_79.9;
T_79.8 ;
    %load/vec4 v0x55ab8c6b8170_0;
    %pushi/vec4 4261441663, 0, 32;
    %and;
    %cmpi/e 20531, 0, 32;
    %jmp/0xz  T_79.10, 4;
    %pushi/vec4 2, 0, 4;
    %store/vec4 v0x55ab8cde5f30_0, 0, 4;
    %load/vec4 v0x55ab8cd5c7a0_0;
    %store/vec4 v0x55ab8cde5af0_0, 0, 32;
    %load/vec4 v0x55ab8ccbd7b0_0;
    %store/vec4 v0x55ab8cde5be0_0, 0, 32;
    %jmp T_79.11;
T_79.10 ;
    %load/vec4 v0x55ab8c6b8170_0;
    %pushi/vec4 4261441663, 0, 32;
    %and;
    %cmpi/e 1073741875, 0, 32;
    %jmp/0xz  T_79.12, 4;
    %pushi/vec4 6, 0, 4;
    %store/vec4 v0x55ab8cde5f30_0, 0, 4;
    %load/vec4 v0x55ab8cd5c7a0_0;
    %store/vec4 v0x55ab8cde5af0_0, 0, 32;
    %load/vec4 v0x55ab8ccbd7b0_0;
    %store/vec4 v0x55ab8cde5be0_0, 0, 32;
    %jmp T_79.13;
T_79.12 ;
    %load/vec4 v0x55ab8c6b8170_0;
    %pushi/vec4 4261441663, 0, 32;
    %and;
    %cmpi/e 16435, 0, 32;
    %jmp/0xz  T_79.14, 4;
    %pushi/vec4 9, 0, 4;
    %store/vec4 v0x55ab8cde5f30_0, 0, 4;
    %load/vec4 v0x55ab8cd5c7a0_0;
    %store/vec4 v0x55ab8cde5af0_0, 0, 32;
    %load/vec4 v0x55ab8ccbd7b0_0;
    %store/vec4 v0x55ab8cde5be0_0, 0, 32;
    %jmp T_79.15;
T_79.14 ;
    %load/vec4 v0x55ab8c6b8170_0;
    %pushi/vec4 4261441663, 0, 32;
    %and;
    %cmpi/e 8243, 0, 32;
    %jmp/0xz  T_79.16, 4;
    %pushi/vec4 11, 0, 4;
    %store/vec4 v0x55ab8cde5f30_0, 0, 4;
    %load/vec4 v0x55ab8cd5c7a0_0;
    %store/vec4 v0x55ab8cde5af0_0, 0, 32;
    %load/vec4 v0x55ab8ccbd7b0_0;
    %store/vec4 v0x55ab8cde5be0_0, 0, 32;
    %jmp T_79.17;
T_79.16 ;
    %load/vec4 v0x55ab8c6b8170_0;
    %pushi/vec4 4261441663, 0, 32;
    %and;
    %cmpi/e 12339, 0, 32;
    %jmp/0xz  T_79.18, 4;
    %pushi/vec4 10, 0, 4;
    %store/vec4 v0x55ab8cde5f30_0, 0, 4;
    %load/vec4 v0x55ab8cd5c7a0_0;
    %store/vec4 v0x55ab8cde5af0_0, 0, 32;
    %load/vec4 v0x55ab8ccbd7b0_0;
    %store/vec4 v0x55ab8cde5be0_0, 0, 32;
    %jmp T_79.19;
T_79.18 ;
    %load/vec4 v0x55ab8c6b8170_0;
    %pushi/vec4 28799, 0, 32;
    %and;
    %cmpi/e 19, 0, 32;
    %jmp/0xz  T_79.20, 4;
    %pushi/vec4 4, 0, 4;
    %store/vec4 v0x55ab8cde5f30_0, 0, 4;
    %load/vec4 v0x55ab8cd5c7a0_0;
    %store/vec4 v0x55ab8cde5af0_0, 0, 32;
    %load/vec4 v0x55ab8cce0b70_0;
    %store/vec4 v0x55ab8cde5be0_0, 0, 32;
    %jmp T_79.21;
T_79.20 ;
    %load/vec4 v0x55ab8c6b8170_0;
    %pushi/vec4 28799, 0, 32;
    %and;
    %cmpi/e 28691, 0, 32;
    %jmp/0xz  T_79.22, 4;
    %pushi/vec4 7, 0, 4;
    %store/vec4 v0x55ab8cde5f30_0, 0, 4;
    %load/vec4 v0x55ab8cd5c7a0_0;
    %store/vec4 v0x55ab8cde5af0_0, 0, 32;
    %load/vec4 v0x55ab8cce0b70_0;
    %store/vec4 v0x55ab8cde5be0_0, 0, 32;
    %jmp T_79.23;
T_79.22 ;
    %load/vec4 v0x55ab8c6b8170_0;
    %pushi/vec4 28799, 0, 32;
    %and;
    %cmpi/e 8211, 0, 32;
    %jmp/0xz  T_79.24, 4;
    %pushi/vec4 11, 0, 4;
    %store/vec4 v0x55ab8cde5f30_0, 0, 4;
    %load/vec4 v0x55ab8cd5c7a0_0;
    %store/vec4 v0x55ab8cde5af0_0, 0, 32;
    %load/vec4 v0x55ab8cce0b70_0;
    %store/vec4 v0x55ab8cde5be0_0, 0, 32;
    %jmp T_79.25;
T_79.24 ;
    %load/vec4 v0x55ab8c6b8170_0;
    %pushi/vec4 28799, 0, 32;
    %and;
    %cmpi/e 12307, 0, 32;
    %jmp/0xz  T_79.26, 4;
    %pushi/vec4 10, 0, 4;
    %store/vec4 v0x55ab8cde5f30_0, 0, 4;
    %load/vec4 v0x55ab8cd5c7a0_0;
    %store/vec4 v0x55ab8cde5af0_0, 0, 32;
    %load/vec4 v0x55ab8cce0b70_0;
    %store/vec4 v0x55ab8cde5be0_0, 0, 32;
    %jmp T_79.27;
T_79.26 ;
    %load/vec4 v0x55ab8c6b8170_0;
    %pushi/vec4 28799, 0, 32;
    %and;
    %cmpi/e 24595, 0, 32;
    %jmp/0xz  T_79.28, 4;
    %pushi/vec4 8, 0, 4;
    %store/vec4 v0x55ab8cde5f30_0, 0, 4;
    %load/vec4 v0x55ab8cd5c7a0_0;
    %store/vec4 v0x55ab8cde5af0_0, 0, 32;
    %load/vec4 v0x55ab8cce0b70_0;
    %store/vec4 v0x55ab8cde5be0_0, 0, 32;
    %jmp T_79.29;
T_79.28 ;
    %load/vec4 v0x55ab8c6b8170_0;
    %pushi/vec4 28799, 0, 32;
    %and;
    %cmpi/e 16403, 0, 32;
    %jmp/0xz  T_79.30, 4;
    %pushi/vec4 9, 0, 4;
    %store/vec4 v0x55ab8cde5f30_0, 0, 4;
    %load/vec4 v0x55ab8cd5c7a0_0;
    %store/vec4 v0x55ab8cde5af0_0, 0, 32;
    %load/vec4 v0x55ab8cce0b70_0;
    %store/vec4 v0x55ab8cde5be0_0, 0, 32;
    %jmp T_79.31;
T_79.30 ;
    %load/vec4 v0x55ab8c6b8170_0;
    %pushi/vec4 4227887231, 0, 32;
    %and;
    %cmpi/e 4115, 0, 32;
    %jmp/0xz  T_79.32, 4;
    %pushi/vec4 1, 0, 4;
    %store/vec4 v0x55ab8cde5f30_0, 0, 4;
    %load/vec4 v0x55ab8cd5c7a0_0;
    %store/vec4 v0x55ab8cde5af0_0, 0, 32;
    %pushi/vec4 0, 0, 27;
    %load/vec4 v0x55ab8cdbf880_0;
    %concat/vec4; draw_concat_vec4
    %store/vec4 v0x55ab8cde5be0_0, 0, 32;
    %jmp T_79.33;
T_79.32 ;
    %load/vec4 v0x55ab8c6b8170_0;
    %pushi/vec4 4227887231, 0, 32;
    %and;
    %cmpi/e 20499, 0, 32;
    %jmp/0xz  T_79.34, 4;
    %pushi/vec4 2, 0, 4;
    %store/vec4 v0x55ab8cde5f30_0, 0, 4;
    %load/vec4 v0x55ab8cd5c7a0_0;
    %store/vec4 v0x55ab8cde5af0_0, 0, 32;
    %pushi/vec4 0, 0, 27;
    %load/vec4 v0x55ab8cdbf880_0;
    %concat/vec4; draw_concat_vec4
    %store/vec4 v0x55ab8cde5be0_0, 0, 32;
    %jmp T_79.35;
T_79.34 ;
    %load/vec4 v0x55ab8c6b8170_0;
    %pushi/vec4 4227887231, 0, 32;
    %and;
    %cmpi/e 1073762323, 0, 32;
    %jmp/0xz  T_79.36, 4;
    %pushi/vec4 3, 0, 4;
    %store/vec4 v0x55ab8cde5f30_0, 0, 4;
    %load/vec4 v0x55ab8cd5c7a0_0;
    %store/vec4 v0x55ab8cde5af0_0, 0, 32;
    %pushi/vec4 0, 0, 27;
    %load/vec4 v0x55ab8cdbf880_0;
    %concat/vec4; draw_concat_vec4
    %store/vec4 v0x55ab8cde5be0_0, 0, 32;
    %jmp T_79.37;
T_79.36 ;
    %load/vec4 v0x55ab8c6b8170_0;
    %pushi/vec4 127, 0, 32;
    %and;
    %cmpi/e 55, 0, 32;
    %jmp/0xz  T_79.38, 4;
    %load/vec4 v0x55ab8cce0c50_0;
    %store/vec4 v0x55ab8cde5af0_0, 0, 32;
    %jmp T_79.39;
T_79.38 ;
    %load/vec4 v0x55ab8c6b8170_0;
    %pushi/vec4 127, 0, 32;
    %and;
    %cmpi/e 23, 0, 32;
    %jmp/0xz  T_79.40, 4;
    %pushi/vec4 4, 0, 4;
    %store/vec4 v0x55ab8cde5f30_0, 0, 4;
    %load/vec4 v0x55ab8c6b8250_0;
    %store/vec4 v0x55ab8cde5af0_0, 0, 32;
    %load/vec4 v0x55ab8cce0c50_0;
    %store/vec4 v0x55ab8cde5be0_0, 0, 32;
    %jmp T_79.41;
T_79.40 ;
    %load/vec4 v0x55ab8c6b8170_0;
    %pushi/vec4 127, 0, 32;
    %and;
    %cmpi/e 111, 0, 32;
    %jmp/1 T_79.44, 4;
    %flag_mov 8, 4;
    %load/vec4 v0x55ab8c6b8170_0;
    %pushi/vec4 28799, 0, 32;
    %and;
    %cmpi/e 103, 0, 32;
    %flag_or 4, 8;
T_79.44;
    %jmp/0xz  T_79.42, 4;
    %pushi/vec4 4, 0, 4;
    %store/vec4 v0x55ab8cde5f30_0, 0, 4;
    %load/vec4 v0x55ab8c6b8250_0;
    %store/vec4 v0x55ab8cde5af0_0, 0, 32;
    %pushi/vec4 4, 0, 32;
    %store/vec4 v0x55ab8cde5be0_0, 0, 32;
T_79.42 ;
T_79.41 ;
T_79.39 ;
T_79.37 ;
T_79.35 ;
T_79.33 ;
T_79.31 ;
T_79.29 ;
T_79.27 ;
T_79.25 ;
T_79.23 ;
T_79.21 ;
T_79.19 ;
T_79.17 ;
T_79.15 ;
T_79.13 ;
T_79.11 ;
T_79.9 ;
T_79.7 ;
T_79.5 ;
T_79.3 ;
T_79.1 ;
    %jmp T_79;
    .thread T_79, $push;
    .scope S_0x55ab8cc7f1f0;
T_80 ;
    %wait E_0x55ab8c8315a0;
    %load/vec4 v0x55ab8cdbf7e0_0;
    %flag_set/vec4 8;
    %jmp/0xz  T_80.0, 8;
    %pushi/vec4 0, 0, 32;
    %assign/vec4 v0x55ab8cdbf240_0, 0;
    %jmp T_80.1;
T_80.0 ;
    %load/vec4 v0x55ab8cce0f60_0;
    %inv;
    %flag_set/vec4 8;
    %jmp/0xz  T_80.2, 8;
    %load/vec4 v0x55ab8cde7e50_0;
    %assign/vec4 v0x55ab8cdbf240_0, 0;
T_80.2 ;
T_80.1 ;
    %jmp T_80;
    .thread T_80;
    .scope S_0x55ab8cc7f1f0;
T_81 ;
    %wait E_0x55ab8c7cb460;
    %pushi/vec4 0, 0, 1;
    %store/vec4 v0x55ab8cd02ca0_0, 0, 1;
    %pushi/vec4 0, 0, 1;
    %store/vec4 v0x55ab8cce1210_0, 0, 1;
    %pushi/vec4 0, 0, 1;
    %store/vec4 v0x55ab8cde7290_0, 0, 1;
    %pushi/vec4 0, 0, 1;
    %store/vec4 v0x55ab8cce35e0_0, 0, 1;
    %pushi/vec4 0, 0, 1;
    %store/vec4 v0x55ab8cd29af0_0, 0, 1;
    %load/vec4 v0x55ab8c6b8250_0;
    %load/vec4 v0x55ab8cde7f40_0;
    %add;
    %store/vec4 v0x55ab8cce12d0_0, 0, 32;
    %load/vec4 v0x55ab8c6b8170_0;
    %pushi/vec4 127, 0, 32;
    %and;
    %cmpi/e 111, 0, 32;
    %jmp/0xz  T_81.0, 4;
    %pushi/vec4 1, 0, 1;
    %store/vec4 v0x55ab8cd02ca0_0, 0, 1;
    %pushi/vec4 1, 0, 1;
    %store/vec4 v0x55ab8cce1210_0, 0, 1;
    %load/vec4 v0x55ab8c6b8250_0;
    %load/vec4 v0x55ab8ccdea50_0;
    %add;
    %store/vec4 v0x55ab8cce12d0_0, 0, 32;
    %load/vec4 v0x55ab8ccbd890_0;
    %pushi/vec4 1, 0, 5;
    %cmp/e;
    %flag_get/vec4 4;
    %store/vec4 v0x55ab8cde7290_0, 0, 1;
    %pushi/vec4 1, 0, 1;
    %store/vec4 v0x55ab8cd29af0_0, 0, 1;
    %jmp T_81.1;
T_81.0 ;
    %load/vec4 v0x55ab8c6b8170_0;
    %pushi/vec4 28799, 0, 32;
    %and;
    %cmpi/e 103, 0, 32;
    %jmp/0xz  T_81.2, 4;
    %pushi/vec4 1, 0, 1;
    %store/vec4 v0x55ab8cd02ca0_0, 0, 1;
    %pushi/vec4 1, 0, 1;
    %store/vec4 v0x55ab8cce1210_0, 0, 1;
    %load/vec4 v0x55ab8cd5c7a0_0;
    %load/vec4 v0x55ab8cce0b70_0;
    %add;
    %store/vec4 v0x55ab8cce12d0_0, 0, 32;
    %pushi/vec4 0, 0, 1;
    %ix/load 4, 0, 0;
    %flag_set/imm 4, 0;
    %store/vec4 v0x55ab8cce12d0_0, 4, 1;
    %load/vec4 v0x55ab8ccdeaf0_0;
    %cmpi/e 1, 0, 5;
    %flag_get/vec4 4;
    %jmp/0 T_81.4, 4;
    %load/vec4 v0x55ab8cce0b70_0;
    %parti/s 12, 0, 2;
    %pushi/vec4 0, 0, 12;
    %cmp/e;
    %flag_get/vec4 4;
    %and;
T_81.4;
    %store/vec4 v0x55ab8cce35e0_0, 0, 1;
    %load/vec4 v0x55ab8cce35e0_0;
    %inv;
    %flag_set/vec4 8;
    %flag_get/vec4 8;
    %jmp/0 T_81.5, 8;
    %load/vec4 v0x55ab8ccbd890_0;
    %pushi/vec4 1, 0, 5;
    %cmp/e;
    %flag_get/vec4 4;
    %and;
T_81.5;
    %store/vec4 v0x55ab8cde7290_0, 0, 1;
    %load/vec4 v0x55ab8cde7290_0;
    %load/vec4 v0x55ab8cce35e0_0;
    %or;
    %inv;
    %store/vec4 v0x55ab8cd29af0_0, 0, 1;
    %jmp T_81.3;
T_81.2 ;
    %load/vec4 v0x55ab8c6b8170_0;
    %pushi/vec4 28799, 0, 32;
    %and;
    %cmpi/e 99, 0, 32;
    %jmp/0xz  T_81.6, 4;
    %pushi/vec4 1, 0, 1;
    %store/vec4 v0x55ab8cd02ca0_0, 0, 1;
    %load/vec4 v0x55ab8cd5c7a0_0;
    %load/vec4 v0x55ab8ccbd7b0_0;
    %cmp/e;
    %flag_get/vec4 4;
    %store/vec4 v0x55ab8cce1210_0, 0, 1;
    %jmp T_81.7;
T_81.6 ;
    %load/vec4 v0x55ab8c6b8170_0;
    %pushi/vec4 28799, 0, 32;
    %and;
    %cmpi/e 4195, 0, 32;
    %jmp/0xz  T_81.8, 4;
    %pushi/vec4 1, 0, 1;
    %store/vec4 v0x55ab8cd02ca0_0, 0, 1;
    %load/vec4 v0x55ab8cd5c7a0_0;
    %load/vec4 v0x55ab8ccbd7b0_0;
    %cmp/ne;
    %flag_get/vec4 4;
    %store/vec4 v0x55ab8cce1210_0, 0, 1;
    %jmp T_81.9;
T_81.8 ;
    %load/vec4 v0x55ab8c6b8170_0;
    %pushi/vec4 28799, 0, 32;
    %and;
    %cmpi/e 16483, 0, 32;
    %jmp/0xz  T_81.10, 4;
    %pushi/vec4 1, 0, 1;
    %store/vec4 v0x55ab8cd02ca0_0, 0, 1;
    %load/vec4 v0x55ab8cd5c7a0_0;
    %load/vec4 v0x55ab8ccbd7b0_0;
    %store/vec4 v0x55ab8cd965e0_0, 0, 32;
    %store/vec4 v0x55ab8cd964f0_0, 0, 32;
    %callf/vec4 TD_tb_top.u_dut.u_exec1.less_than_signed, S_0x55ab8cc7d0c0;
    %store/vec4 v0x55ab8cce1210_0, 0, 1;
    %jmp T_81.11;
T_81.10 ;
    %load/vec4 v0x55ab8c6b8170_0;
    %pushi/vec4 28799, 0, 32;
    %and;
    %cmpi/e 20579, 0, 32;
    %jmp/0xz  T_81.12, 4;
    %pushi/vec4 1, 0, 1;
    %store/vec4 v0x55ab8cd02ca0_0, 0, 1;
    %load/vec4 v0x55ab8cd5c7a0_0;
    %load/vec4 v0x55ab8ccbd7b0_0;
    %store/vec4 v0x55ab8cd968d0_0, 0, 32;
    %store/vec4 v0x55ab8cd96d70_0, 0, 32;
    %callf/vec4 TD_tb_top.u_dut.u_exec1.greater_than_signed, S_0x55ab8cc7df80;
    %load/vec4 v0x55ab8cd5c7a0_0;
    %load/vec4 v0x55ab8ccbd7b0_0;
    %cmp/e;
    %flag_get/vec4 4;
    %or;
    %store/vec4 v0x55ab8cce1210_0, 0, 1;
    %jmp T_81.13;
T_81.12 ;
    %load/vec4 v0x55ab8c6b8170_0;
    %pushi/vec4 28799, 0, 32;
    %and;
    %cmpi/e 24675, 0, 32;
    %jmp/0xz  T_81.14, 4;
    %pushi/vec4 1, 0, 1;
    %store/vec4 v0x55ab8cd02ca0_0, 0, 1;
    %load/vec4 v0x55ab8cd5c7a0_0;
    %load/vec4 v0x55ab8ccbd7b0_0;
    %cmp/u;
    %flag_get/vec4 5;
    %store/vec4 v0x55ab8cce1210_0, 0, 1;
    %jmp T_81.15;
T_81.14 ;
    %load/vec4 v0x55ab8c6b8170_0;
    %pushi/vec4 28799, 0, 32;
    %and;
    %cmpi/e 28771, 0, 32;
    %jmp/0xz  T_81.16, 4;
    %pushi/vec4 1, 0, 1;
    %store/vec4 v0x55ab8cd02ca0_0, 0, 1;
    %load/vec4 v0x55ab8ccbd7b0_0;
    %load/vec4 v0x55ab8cd5c7a0_0;
    %cmp/u;
    %flag_get/vec4 4;
    %flag_get/vec4 5;
    %or;
    %store/vec4 v0x55ab8cce1210_0, 0, 1;
T_81.16 ;
T_81.15 ;
T_81.13 ;
T_81.11 ;
T_81.9 ;
T_81.7 ;
T_81.3 ;
T_81.1 ;
    %jmp T_81;
    .thread T_81, $push;
    .scope S_0x55ab8cc7f1f0;
T_82 ;
    %wait E_0x55ab8c8315a0;
    %load/vec4 v0x55ab8cdbf7e0_0;
    %flag_set/vec4 8;
    %jmp/0xz  T_82.0, 8;
    %pushi/vec4 0, 0, 1;
    %assign/vec4 v0x55ab8cce16d0_0, 0;
    %pushi/vec4 0, 0, 1;
    %assign/vec4 v0x55ab8cd06830_0, 0;
    %pushi/vec4 0, 0, 32;
    %assign/vec4 v0x55ab8cdbf160_0, 0;
    %pushi/vec4 0, 0, 32;
    %assign/vec4 v0x55ab8ccbdf00_0, 0;
    %pushi/vec4 0, 0, 1;
    %assign/vec4 v0x55ab8cde71d0_0, 0;
    %pushi/vec4 0, 0, 1;
    %assign/vec4 v0x55ab8cce3520_0, 0;
    %pushi/vec4 0, 0, 1;
    %assign/vec4 v0x55ab8cd29a50_0, 0;
    %jmp T_82.1;
T_82.0 ;
    %load/vec4 v0x55ab8ccbde40_0;
    %flag_set/vec4 8;
    %jmp/0xz  T_82.2, 8;
    %load/vec4 v0x55ab8cd02ca0_0;
    %flag_set/vec4 8;
    %flag_get/vec4 8;
    %jmp/0 T_82.4, 8;
    %load/vec4 v0x55ab8ccbde40_0;
    %load/vec4 v0x55ab8cce1210_0;
    %and;
    %and;
T_82.4;
    %assign/vec4 v0x55ab8cce16d0_0, 0;
    %load/vec4 v0x55ab8cd02ca0_0;
    %flag_set/vec4 8;
    %flag_get/vec4 8;
    %jmp/0 T_82.5, 8;
    %load/vec4 v0x55ab8ccbde40_0;
    %load/vec4 v0x55ab8cce1210_0;
    %inv;
    %and;
    %and;
T_82.5;
    %assign/vec4 v0x55ab8cd06830_0, 0;
    %load/vec4 v0x55ab8cce1210_0;
    %flag_set/vec4 8;
    %jmp/0 T_82.6, 8;
    %load/vec4 v0x55ab8cce12d0_0;
    %jmp/1 T_82.7, 8;
T_82.6 ; End of true expr.
    %load/vec4 v0x55ab8c6b8250_0;
    %addi 4, 0, 32;
    %jmp/0 T_82.7, 8;
 ; End of false expr.
    %blend;
T_82.7;
    %assign/vec4 v0x55ab8cdbf160_0, 0;
    %load/vec4 v0x55ab8cd02ca0_0;
    %flag_set/vec4 9;
    %flag_get/vec4 9;
    %jmp/0 T_82.9, 9;
    %load/vec4 v0x55ab8ccbde40_0;
    %and;
T_82.9;
    %flag_set/vec4 8;
    %flag_get/vec4 8;
    %jmp/0 T_82.8, 8;
    %load/vec4 v0x55ab8cde7290_0;
    %and;
T_82.8;
    %assign/vec4 v0x55ab8cde71d0_0, 0;
    %load/vec4 v0x55ab8cd02ca0_0;
    %flag_set/vec4 9;
    %flag_get/vec4 9;
    %jmp/0 T_82.11, 9;
    %load/vec4 v0x55ab8ccbde40_0;
    %and;
T_82.11;
    %flag_set/vec4 8;
    %flag_get/vec4 8;
    %jmp/0 T_82.10, 8;
    %load/vec4 v0x55ab8cce35e0_0;
    %and;
T_82.10;
    %assign/vec4 v0x55ab8cce3520_0, 0;
    %load/vec4 v0x55ab8cd02ca0_0;
    %flag_set/vec4 9;
    %flag_get/vec4 9;
    %jmp/0 T_82.13, 9;
    %load/vec4 v0x55ab8ccbde40_0;
    %and;
T_82.13;
    %flag_set/vec4 8;
    %flag_get/vec4 8;
    %jmp/0 T_82.12, 8;
    %load/vec4 v0x55ab8cd29af0_0;
    %and;
T_82.12;
    %assign/vec4 v0x55ab8cd29a50_0, 0;
    %load/vec4 v0x55ab8c6b8250_0;
    %assign/vec4 v0x55ab8ccbdf00_0, 0;
T_82.2 ;
T_82.1 ;
    %jmp T_82;
    .thread T_82;
    .scope S_0x55ab8cf0d240;
T_83 ;
    %wait E_0x55ab8ced4010;
    %load/vec4 v0x55ab8cf0dfd0_0;
    %parti/s 1, 0, 2;
    %flag_set/vec4 8;
    %jmp/0xz  T_83.0, 8;
    %load/vec4 v0x55ab8cf0d840_0;
    %parti/s 8, 0, 2;
    %load/vec4 v0x55ab8cf0d520_0;
    %pad/u 16;
    %ix/vec4 3;
    %ix/load 4, 0, 0; Constant delay
    %assign/vec4/a/d v0x55ab8cf0db80, 0, 4;
T_83.0 ;
    %load/vec4 v0x55ab8cf0dfd0_0;
    %parti/s 1, 1, 2;
    %flag_set/vec4 8;
    %jmp/0xz  T_83.2, 8;
    %load/vec4 v0x55ab8cf0d840_0;
    %parti/s 8, 8, 5;
    %load/vec4 v0x55ab8cf0d520_0;
    %pad/u 16;
    %ix/vec4 3;
    %ix/load 4, 8, 0; part off
    %ix/load 5, 0, 0; Constant delay
    %assign/vec4/a/d v0x55ab8cf0db80, 4, 5;
T_83.2 ;
    %load/vec4 v0x55ab8cf0dfd0_0;
    %parti/s 1, 2, 3;
    %flag_set/vec4 8;
    %jmp/0xz  T_83.4, 8;
    %load/vec4 v0x55ab8cf0d840_0;
    %parti/s 8, 16, 6;
    %load/vec4 v0x55ab8cf0d520_0;
    %pad/u 16;
    %ix/vec4 3;
    %ix/load 4, 16, 0; part off
    %ix/load 5, 0, 0; Constant delay
    %assign/vec4/a/d v0x55ab8cf0db80, 4, 5;
T_83.4 ;
    %load/vec4 v0x55ab8cf0dfd0_0;
    %parti/s 1, 3, 3;
    %flag_set/vec4 8;
    %jmp/0xz  T_83.6, 8;
    %load/vec4 v0x55ab8cf0d840_0;
    %parti/s 8, 24, 6;
    %load/vec4 v0x55ab8cf0d520_0;
    %pad/u 16;
    %ix/vec4 3;
    %ix/load 4, 24, 0; part off
    %ix/load 5, 0, 0; Constant delay
    %assign/vec4/a/d v0x55ab8cf0db80, 4, 5;
T_83.6 ;
    %load/vec4 v0x55ab8cf0dfd0_0;
    %parti/s 1, 4, 4;
    %flag_set/vec4 8;
    %jmp/0xz  T_83.8, 8;
    %load/vec4 v0x55ab8cf0d840_0;
    %parti/s 8, 32, 7;
    %load/vec4 v0x55ab8cf0d520_0;
    %pad/u 16;
    %ix/vec4 3;
    %ix/load 4, 32, 0; part off
    %ix/load 5, 0, 0; Constant delay
    %assign/vec4/a/d v0x55ab8cf0db80, 4, 5;
T_83.8 ;
    %load/vec4 v0x55ab8cf0dfd0_0;
    %parti/s 1, 5, 4;
    %flag_set/vec4 8;
    %jmp/0xz  T_83.10, 8;
    %load/vec4 v0x55ab8cf0d840_0;
    %parti/s 8, 40, 7;
    %load/vec4 v0x55ab8cf0d520_0;
    %pad/u 16;
    %ix/vec4 3;
    %ix/load 4, 40, 0; part off
    %ix/load 5, 0, 0; Constant delay
    %assign/vec4/a/d v0x55ab8cf0db80, 4, 5;
T_83.10 ;
    %load/vec4 v0x55ab8cf0dfd0_0;
    %parti/s 1, 6, 4;
    %flag_set/vec4 8;
    %jmp/0xz  T_83.12, 8;
    %load/vec4 v0x55ab8cf0d840_0;
    %parti/s 8, 48, 7;
    %load/vec4 v0x55ab8cf0d520_0;
    %pad/u 16;
    %ix/vec4 3;
    %ix/load 4, 48, 0; part off
    %ix/load 5, 0, 0; Constant delay
    %assign/vec4/a/d v0x55ab8cf0db80, 4, 5;
T_83.12 ;
    %load/vec4 v0x55ab8cf0dfd0_0;
    %parti/s 1, 7, 4;
    %flag_set/vec4 8;
    %jmp/0xz  T_83.14, 8;
    %load/vec4 v0x55ab8cf0d840_0;
    %parti/s 8, 56, 7;
    %load/vec4 v0x55ab8cf0d520_0;
    %pad/u 16;
    %ix/vec4 3;
    %ix/load 4, 56, 0; part off
    %ix/load 5, 0, 0; Constant delay
    %assign/vec4/a/d v0x55ab8cf0db80, 4, 5;
T_83.14 ;
    %load/vec4 v0x55ab8cf0d520_0;
    %pad/u 16;
    %ix/vec4 4;
    %load/vec4a v0x55ab8cf0db80, 4;
    %assign/vec4 v0x55ab8cf0dcd0_0, 0;
    %jmp T_83;
    .thread T_83;
    .scope S_0x55ab8cf0d240;
T_84 ;
    %wait E_0x55ab8ced4010;
    %load/vec4 v0x55ab8cf0e0b0_0;
    %parti/s 1, 0, 2;
    %flag_set/vec4 8;
    %jmp/0xz  T_84.0, 8;
    %load/vec4 v0x55ab8cf0d9c0_0;
    %parti/s 8, 0, 2;
    %load/vec4 v0x55ab8cf0d620_0;
    %pad/u 16;
    %ix/vec4 3;
    %ix/load 4, 0, 0; Constant delay
    %assign/vec4/a/d v0x55ab8cf0db80, 0, 4;
T_84.0 ;
    %load/vec4 v0x55ab8cf0e0b0_0;
    %parti/s 1, 1, 2;
    %flag_set/vec4 8;
    %jmp/0xz  T_84.2, 8;
    %load/vec4 v0x55ab8cf0d9c0_0;
    %parti/s 8, 8, 5;
    %load/vec4 v0x55ab8cf0d620_0;
    %pad/u 16;
    %ix/vec4 3;
    %ix/load 4, 8, 0; part off
    %ix/load 5, 0, 0; Constant delay
    %assign/vec4/a/d v0x55ab8cf0db80, 4, 5;
T_84.2 ;
    %load/vec4 v0x55ab8cf0e0b0_0;
    %parti/s 1, 2, 3;
    %flag_set/vec4 8;
    %jmp/0xz  T_84.4, 8;
    %load/vec4 v0x55ab8cf0d9c0_0;
    %parti/s 8, 16, 6;
    %load/vec4 v0x55ab8cf0d620_0;
    %pad/u 16;
    %ix/vec4 3;
    %ix/load 4, 16, 0; part off
    %ix/load 5, 0, 0; Constant delay
    %assign/vec4/a/d v0x55ab8cf0db80, 4, 5;
T_84.4 ;
    %load/vec4 v0x55ab8cf0e0b0_0;
    %parti/s 1, 3, 3;
    %flag_set/vec4 8;
    %jmp/0xz  T_84.6, 8;
    %load/vec4 v0x55ab8cf0d9c0_0;
    %parti/s 8, 24, 6;
    %load/vec4 v0x55ab8cf0d620_0;
    %pad/u 16;
    %ix/vec4 3;
    %ix/load 4, 24, 0; part off
    %ix/load 5, 0, 0; Constant delay
    %assign/vec4/a/d v0x55ab8cf0db80, 4, 5;
T_84.6 ;
    %load/vec4 v0x55ab8cf0e0b0_0;
    %parti/s 1, 4, 4;
    %flag_set/vec4 8;
    %jmp/0xz  T_84.8, 8;
    %load/vec4 v0x55ab8cf0d9c0_0;
    %parti/s 8, 32, 7;
    %load/vec4 v0x55ab8cf0d620_0;
    %pad/u 16;
    %ix/vec4 3;
    %ix/load 4, 32, 0; part off
    %ix/load 5, 0, 0; Constant delay
    %assign/vec4/a/d v0x55ab8cf0db80, 4, 5;
T_84.8 ;
    %load/vec4 v0x55ab8cf0e0b0_0;
    %parti/s 1, 5, 4;
    %flag_set/vec4 8;
    %jmp/0xz  T_84.10, 8;
    %load/vec4 v0x55ab8cf0d9c0_0;
    %parti/s 8, 40, 7;
    %load/vec4 v0x55ab8cf0d620_0;
    %pad/u 16;
    %ix/vec4 3;
    %ix/load 4, 40, 0; part off
    %ix/load 5, 0, 0; Constant delay
    %assign/vec4/a/d v0x55ab8cf0db80, 4, 5;
T_84.10 ;
    %load/vec4 v0x55ab8cf0e0b0_0;
    %parti/s 1, 6, 4;
    %flag_set/vec4 8;
    %jmp/0xz  T_84.12, 8;
    %load/vec4 v0x55ab8cf0d9c0_0;
    %parti/s 8, 48, 7;
    %load/vec4 v0x55ab8cf0d620_0;
    %pad/u 16;
    %ix/vec4 3;
    %ix/load 4, 48, 0; part off
    %ix/load 5, 0, 0; Constant delay
    %assign/vec4/a/d v0x55ab8cf0db80, 4, 5;
T_84.12 ;
    %load/vec4 v0x55ab8cf0e0b0_0;
    %parti/s 1, 7, 4;
    %flag_set/vec4 8;
    %jmp/0xz  T_84.14, 8;
    %load/vec4 v0x55ab8cf0d9c0_0;
    %parti/s 8, 56, 7;
    %load/vec4 v0x55ab8cf0d620_0;
    %pad/u 16;
    %ix/vec4 3;
    %ix/load 4, 56, 0; part off
    %ix/load 5, 0, 0; Constant delay
    %assign/vec4/a/d v0x55ab8cf0db80, 4, 5;
T_84.14 ;
    %load/vec4 v0x55ab8cf0d620_0;
    %pad/u 16;
    %ix/vec4 4;
    %load/vec4a v0x55ab8cf0db80, 4;
    %assign/vec4 v0x55ab8cf0ddb0_0, 0;
    %jmp T_84;
    .thread T_84;
    .scope S_0x55ab8cf0cd90;
T_85 ;
    %wait E_0x55ab8ced4010;
    %load/vec4 v0x55ab8cf10970_0;
    %flag_set/vec4 8;
    %jmp/0xz  T_85.0, 8;
    %pushi/vec4 0, 0, 1;
    %assign/vec4 v0x55ab8cf107f0_0, 0;
    %jmp T_85.1;
T_85.0 ;
    %load/vec4 v0x55ab8cf108b0_0;
    %assign/vec4 v0x55ab8cf107f0_0, 0;
T_85.1 ;
    %jmp T_85;
    .thread T_85;
    .scope S_0x55ab8cf0cd90;
T_86 ;
    %wait E_0x55ab8ced4010;
    %load/vec4 v0x55ab8cf10970_0;
    %flag_set/vec4 8;
    %jmp/0xz  T_86.0, 8;
    %pushi/vec4 0, 0, 1;
    %assign/vec4 v0x55ab8cf10730_0, 0;
    %jmp T_86.1;
T_86.0 ;
    %load/vec4 v0x55ab8cf105a0_0;
    %assign/vec4 v0x55ab8cf10730_0, 0;
T_86.1 ;
    %jmp T_86;
    .thread T_86;
    .scope S_0x55ab8cf0cd90;
T_87 ;
    %wait E_0x55ab8ced4010;
    %load/vec4 v0x55ab8cf10970_0;
    %flag_set/vec4 8;
    %jmp/0xz  T_87.0, 8;
    %pushi/vec4 0, 0, 1;
    %assign/vec4 v0x55ab8cf0f2e0_0, 0;
    %pushi/vec4 0, 0, 11;
    %assign/vec4 v0x55ab8cf0fd30_0, 0;
    %jmp T_87.1;
T_87.0 ;
    %load/vec4 v0x55ab8cf0fa20_0;
    %flag_set/vec4 9;
    %jmp/1 T_87.8, 9;
    %load/vec4 v0x55ab8cf0fe10_0;
    %cmpi/ne 0, 0, 4;
    %flag_or 9, 4;
T_87.8;
    %jmp/1 T_87.7, 9;
    %load/vec4 v0x55ab8cf0f840_0;
    %flag_set/vec4 10;
    %flag_or 9, 10;
T_87.7;
    %jmp/1 T_87.6, 9;
    %load/vec4 v0x55ab8cf0f930_0;
    %flag_set/vec4 10;
    %flag_or 9, 10;
T_87.6;
    %jmp/1 T_87.5, 9;
    %load/vec4 v0x55ab8cf0ff20_0;
    %flag_set/vec4 10;
    %flag_or 9, 10;
T_87.5;
    %flag_get/vec4 9;
    %jmp/0 T_87.4, 9;
    %load/vec4 v0x55ab8cf0f1a0_0;
    %and;
T_87.4;
    %flag_set/vec4 8;
    %jmp/0xz  T_87.2, 8;
    %pushi/vec4 1, 0, 1;
    %assign/vec4 v0x55ab8cf0f2e0_0, 0;
    %load/vec4 v0x55ab8cf0fb10_0;
    %assign/vec4 v0x55ab8cf0fd30_0, 0;
    %jmp T_87.3;
T_87.2 ;
    %pushi/vec4 0, 0, 1;
    %assign/vec4 v0x55ab8cf0f2e0_0, 0;
T_87.3 ;
T_87.1 ;
    %jmp T_87;
    .thread T_87;
    .scope S_0x55ab8ce34360;
T_88 ;
    %wait E_0x55ab8c67b200;
    %pushi/vec4 0, 0, 32; draw_string_vec4
    %pushi/vec4 0, 0, 32; draw_string_vec4
    %concat/vec4; draw_string_vec4
    %pushi/vec4 45, 0, 16; draw_string_vec4
    %concat/vec4; draw_string_vec4
    %store/vec4 v0x55ab8c96a510_0, 0, 80;
    %pushi/vec4 0, 0, 32; draw_string_vec4
    %pushi/vec4 0, 0, 32; draw_string_vec4
    %concat/vec4; draw_string_vec4
    %pushi/vec4 45, 0, 16; draw_string_vec4
    %concat/vec4; draw_string_vec4
    %store/vec4 v0x55ab8cdd4650_0, 0, 80;
    %pushi/vec4 0, 0, 32; draw_string_vec4
    %pushi/vec4 0, 0, 32; draw_string_vec4
    %concat/vec4; draw_string_vec4
    %pushi/vec4 45, 0, 16; draw_string_vec4
    %concat/vec4; draw_string_vec4
    %store/vec4 v0x55ab8c7dfa30_0, 0, 80;
    %pushi/vec4 0, 0, 32; draw_string_vec4
    %pushi/vec4 0, 0, 32; draw_string_vec4
    %concat/vec4; draw_string_vec4
    %pushi/vec4 45, 0, 16; draw_string_vec4
    %concat/vec4; draw_string_vec4
    %store/vec4 v0x55ab8ccb4930_0, 0, 80;
    %load/vec4 v0x55ab8ce30b10_0;
    %flag_set/vec4 8;
    %jmp/0xz  T_88.0, 8;
    %load/vec4 v0x55ab8c9a2600_0;
    %store/vec4 v0x55ab8cdd7630_0, 0, 5;
    %callf/vec4 TD_tb_top.trace_inst_0.get_regname_str, S_0x55ab8ce346a0;
    %store/vec4 v0x55ab8cdd4650_0, 0, 80;
    %load/vec4 v0x55ab8ce7cb00_0;
    %store/vec4 v0x55ab8cdd7630_0, 0, 5;
    %callf/vec4 TD_tb_top.trace_inst_0.get_regname_str, S_0x55ab8ce346a0;
    %store/vec4 v0x55ab8c7dfa30_0, 0, 80;
    %load/vec4 v0x55ab8ce2e190_0;
    %store/vec4 v0x55ab8cdd7630_0, 0, 5;
    %callf/vec4 TD_tb_top.trace_inst_0.get_regname_str, S_0x55ab8ce346a0;
    %store/vec4 v0x55ab8ccb4930_0, 0, 80;
    %pushi/vec4 1, 0, 1;
    %dup/vec4;
    %load/vec4 v0x55ab8c96a680_0;
    %pushi/vec4 28799, 0, 32;
    %and;
    %pushi/vec4 28691, 0, 32;
    %cmp/e;
    %flag_get/vec4 4;
    %cmp/u;
    %jmp/1 T_88.2, 6;
    %dup/vec4;
    %load/vec4 v0x55ab8c96a680_0;
    %pushi/vec4 28799, 0, 32;
    %and;
    %pushi/vec4 19, 0, 32;
    %cmp/e;
    %flag_get/vec4 4;
    %cmp/u;
    %jmp/1 T_88.3, 6;
    %dup/vec4;
    %load/vec4 v0x55ab8c96a680_0;
    %pushi/vec4 28799, 0, 32;
    %and;
    %pushi/vec4 8211, 0, 32;
    %cmp/e;
    %flag_get/vec4 4;
    %cmp/u;
    %jmp/1 T_88.4, 6;
    %dup/vec4;
    %load/vec4 v0x55ab8c96a680_0;
    %pushi/vec4 28799, 0, 32;
    %and;
    %pushi/vec4 12307, 0, 32;
    %cmp/e;
    %flag_get/vec4 4;
    %cmp/u;
    %jmp/1 T_88.5, 6;
    %dup/vec4;
    %load/vec4 v0x55ab8c96a680_0;
    %pushi/vec4 28799, 0, 32;
    %and;
    %pushi/vec4 24595, 0, 32;
    %cmp/e;
    %flag_get/vec4 4;
    %cmp/u;
    %jmp/1 T_88.6, 6;
    %dup/vec4;
    %load/vec4 v0x55ab8c96a680_0;
    %pushi/vec4 28799, 0, 32;
    %and;
    %pushi/vec4 16403, 0, 32;
    %cmp/e;
    %flag_get/vec4 4;
    %cmp/u;
    %jmp/1 T_88.7, 6;
    %dup/vec4;
    %load/vec4 v0x55ab8c96a680_0;
    %pushi/vec4 4227887231, 0, 32;
    %and;
    %pushi/vec4 4115, 0, 32;
    %cmp/e;
    %flag_get/vec4 4;
    %cmp/u;
    %jmp/1 T_88.8, 6;
    %dup/vec4;
    %load/vec4 v0x55ab8c96a680_0;
    %pushi/vec4 4227887231, 0, 32;
    %and;
    %pushi/vec4 20499, 0, 32;
    %cmp/e;
    %flag_get/vec4 4;
    %cmp/u;
    %jmp/1 T_88.9, 6;
    %dup/vec4;
    %load/vec4 v0x55ab8c96a680_0;
    %pushi/vec4 4227887231, 0, 32;
    %and;
    %pushi/vec4 1073762323, 0, 32;
    %cmp/e;
    %flag_get/vec4 4;
    %cmp/u;
    %jmp/1 T_88.10, 6;
    %dup/vec4;
    %load/vec4 v0x55ab8c96a680_0;
    %pushi/vec4 127, 0, 32;
    %and;
    %pushi/vec4 55, 0, 32;
    %cmp/e;
    %flag_get/vec4 4;
    %cmp/u;
    %jmp/1 T_88.11, 6;
    %dup/vec4;
    %load/vec4 v0x55ab8c96a680_0;
    %pushi/vec4 127, 0, 32;
    %and;
    %pushi/vec4 23, 0, 32;
    %cmp/e;
    %flag_get/vec4 4;
    %cmp/u;
    %jmp/1 T_88.12, 6;
    %dup/vec4;
    %load/vec4 v0x55ab8c96a680_0;
    %pushi/vec4 4261441663, 0, 32;
    %and;
    %pushi/vec4 51, 0, 32;
    %cmp/e;
    %flag_get/vec4 4;
    %cmp/u;
    %jmp/1 T_88.13, 6;
    %dup/vec4;
    %load/vec4 v0x55ab8c96a680_0;
    %pushi/vec4 4261441663, 0, 32;
    %and;
    %pushi/vec4 1073741875, 0, 32;
    %cmp/e;
    %flag_get/vec4 4;
    %cmp/u;
    %jmp/1 T_88.14, 6;
    %dup/vec4;
    %load/vec4 v0x55ab8c96a680_0;
    %pushi/vec4 4261441663, 0, 32;
    %and;
    %pushi/vec4 8243, 0, 32;
    %cmp/e;
    %flag_get/vec4 4;
    %cmp/u;
    %jmp/1 T_88.15, 6;
    %dup/vec4;
    %load/vec4 v0x55ab8c96a680_0;
    %pushi/vec4 4261441663, 0, 32;
    %and;
    %pushi/vec4 12339, 0, 32;
    %cmp/e;
    %flag_get/vec4 4;
    %cmp/u;
    %jmp/1 T_88.16, 6;
    %dup/vec4;
    %load/vec4 v0x55ab8c96a680_0;
    %pushi/vec4 4261441663, 0, 32;
    %and;
    %pushi/vec4 16435, 0, 32;
    %cmp/e;
    %flag_get/vec4 4;
    %cmp/u;
    %jmp/1 T_88.17, 6;
    %dup/vec4;
    %load/vec4 v0x55ab8c96a680_0;
    %pushi/vec4 4261441663, 0, 32;
    %and;
    %pushi/vec4 24627, 0, 32;
    %cmp/e;
    %flag_get/vec4 4;
    %cmp/u;
    %jmp/1 T_88.18, 6;
    %dup/vec4;
    %load/vec4 v0x55ab8c96a680_0;
    %pushi/vec4 4261441663, 0, 32;
    %and;
    %pushi/vec4 28723, 0, 32;
    %cmp/e;
    %flag_get/vec4 4;
    %cmp/u;
    %jmp/1 T_88.19, 6;
    %dup/vec4;
    %load/vec4 v0x55ab8c96a680_0;
    %pushi/vec4 4261441663, 0, 32;
    %and;
    %pushi/vec4 4147, 0, 32;
    %cmp/e;
    %flag_get/vec4 4;
    %cmp/u;
    %jmp/1 T_88.20, 6;
    %dup/vec4;
    %load/vec4 v0x55ab8c96a680_0;
    %pushi/vec4 4261441663, 0, 32;
    %and;
    %pushi/vec4 20531, 0, 32;
    %cmp/e;
    %flag_get/vec4 4;
    %cmp/u;
    %jmp/1 T_88.21, 6;
    %dup/vec4;
    %load/vec4 v0x55ab8c96a680_0;
    %pushi/vec4 4261441663, 0, 32;
    %and;
    %pushi/vec4 1073762355, 0, 32;
    %cmp/e;
    %flag_get/vec4 4;
    %cmp/u;
    %jmp/1 T_88.22, 6;
    %dup/vec4;
    %load/vec4 v0x55ab8c96a680_0;
    %pushi/vec4 127, 0, 32;
    %and;
    %pushi/vec4 111, 0, 32;
    %cmp/e;
    %flag_get/vec4 4;
    %cmp/u;
    %jmp/1 T_88.23, 6;
    %dup/vec4;
    %load/vec4 v0x55ab8c96a680_0;
    %pushi/vec4 28799, 0, 32;
    %and;
    %pushi/vec4 103, 0, 32;
    %cmp/e;
    %flag_get/vec4 4;
    %cmp/u;
    %jmp/1 T_88.24, 6;
    %dup/vec4;
    %load/vec4 v0x55ab8c96a680_0;
    %pushi/vec4 28799, 0, 32;
    %and;
    %pushi/vec4 99, 0, 32;
    %cmp/e;
    %flag_get/vec4 4;
    %cmp/u;
    %jmp/1 T_88.25, 6;
    %dup/vec4;
    %load/vec4 v0x55ab8c96a680_0;
    %pushi/vec4 28799, 0, 32;
    %and;
    %pushi/vec4 4195, 0, 32;
    %cmp/e;
    %flag_get/vec4 4;
    %cmp/u;
    %jmp/1 T_88.26, 6;
    %dup/vec4;
    %load/vec4 v0x55ab8c96a680_0;
    %pushi/vec4 28799, 0, 32;
    %and;
    %pushi/vec4 16483, 0, 32;
    %cmp/e;
    %flag_get/vec4 4;
    %cmp/u;
    %jmp/1 T_88.27, 6;
    %dup/vec4;
    %load/vec4 v0x55ab8c96a680_0;
    %pushi/vec4 28799, 0, 32;
    %and;
    %pushi/vec4 20579, 0, 32;
    %cmp/e;
    %flag_get/vec4 4;
    %cmp/u;
    %jmp/1 T_88.28, 6;
    %dup/vec4;
    %load/vec4 v0x55ab8c96a680_0;
    %pushi/vec4 28799, 0, 32;
    %and;
    %pushi/vec4 24675, 0, 32;
    %cmp/e;
    %flag_get/vec4 4;
    %cmp/u;
    %jmp/1 T_88.29, 6;
    %dup/vec4;
    %load/vec4 v0x55ab8c96a680_0;
    %pushi/vec4 28799, 0, 32;
    %and;
    %pushi/vec4 28771, 0, 32;
    %cmp/e;
    %flag_get/vec4 4;
    %cmp/u;
    %jmp/1 T_88.30, 6;
    %dup/vec4;
    %load/vec4 v0x55ab8c96a680_0;
    %pushi/vec4 28799, 0, 32;
    %and;
    %pushi/vec4 3, 0, 32;
    %cmp/e;
    %flag_get/vec4 4;
    %cmp/u;
    %jmp/1 T_88.31, 6;
    %dup/vec4;
    %load/vec4 v0x55ab8c96a680_0;
    %pushi/vec4 28799, 0, 32;
    %and;
    %pushi/vec4 4099, 0, 32;
    %cmp/e;
    %flag_get/vec4 4;
    %cmp/u;
    %jmp/1 T_88.32, 6;
    %dup/vec4;
    %load/vec4 v0x55ab8c96a680_0;
    %pushi/vec4 28799, 0, 32;
    %and;
    %pushi/vec4 8195, 0, 32;
    %cmp/e;
    %flag_get/vec4 4;
    %cmp/u;
    %jmp/1 T_88.33, 6;
    %dup/vec4;
    %load/vec4 v0x55ab8c96a680_0;
    %pushi/vec4 28799, 0, 32;
    %and;
    %pushi/vec4 16387, 0, 32;
    %cmp/e;
    %flag_get/vec4 4;
    %cmp/u;
    %jmp/1 T_88.34, 6;
    %dup/vec4;
    %load/vec4 v0x55ab8c96a680_0;
    %pushi/vec4 28799, 0, 32;
    %and;
    %pushi/vec4 20483, 0, 32;
    %cmp/e;
    %flag_get/vec4 4;
    %cmp/u;
    %jmp/1 T_88.35, 6;
    %dup/vec4;
    %load/vec4 v0x55ab8c96a680_0;
    %pushi/vec4 28799, 0, 32;
    %and;
    %pushi/vec4 24579, 0, 32;
    %cmp/e;
    %flag_get/vec4 4;
    %cmp/u;
    %jmp/1 T_88.36, 6;
    %dup/vec4;
    %load/vec4 v0x55ab8c96a680_0;
    %pushi/vec4 28799, 0, 32;
    %and;
    %pushi/vec4 35, 0, 32;
    %cmp/e;
    %flag_get/vec4 4;
    %cmp/u;
    %jmp/1 T_88.37, 6;
    %dup/vec4;
    %load/vec4 v0x55ab8c96a680_0;
    %pushi/vec4 28799, 0, 32;
    %and;
    %pushi/vec4 4131, 0, 32;
    %cmp/e;
    %flag_get/vec4 4;
    %cmp/u;
    %jmp/1 T_88.38, 6;
    %dup/vec4;
    %load/vec4 v0x55ab8c96a680_0;
    %pushi/vec4 28799, 0, 32;
    %and;
    %pushi/vec4 8227, 0, 32;
    %cmp/e;
    %flag_get/vec4 4;
    %cmp/u;
    %jmp/1 T_88.39, 6;
    %dup/vec4;
    %load/vec4 v0x55ab8c96a680_0;
    %pushi/vec4 4294967295, 0, 32;
    %and;
    %pushi/vec4 115, 0, 32;
    %cmp/e;
    %flag_get/vec4 4;
    %cmp/u;
    %jmp/1 T_88.40, 6;
    %dup/vec4;
    %load/vec4 v0x55ab8c96a680_0;
    %pushi/vec4 4294967295, 0, 32;
    %and;
    %pushi/vec4 1048691, 0, 32;
    %cmp/e;
    %flag_get/vec4 4;
    %cmp/u;
    %jmp/1 T_88.41, 6;
    %dup/vec4;
    %load/vec4 v0x55ab8c96a680_0;
    %pushi/vec4 3489660927, 0, 32;
    %and;
    %pushi/vec4 2097267, 0, 32;
    %cmp/e;
    %flag_get/vec4 4;
    %cmp/u;
    %jmp/1 T_88.42, 6;
    %dup/vec4;
    %load/vec4 v0x55ab8c96a680_0;
    %pushi/vec4 28799, 0, 32;
    %and;
    %pushi/vec4 4211, 0, 32;
    %cmp/e;
    %flag_get/vec4 4;
    %cmp/u;
    %jmp/1 T_88.43, 6;
    %dup/vec4;
    %load/vec4 v0x55ab8c96a680_0;
    %pushi/vec4 28799, 0, 32;
    %and;
    %pushi/vec4 8307, 0, 32;
    %cmp/e;
    %flag_get/vec4 4;
    %cmp/u;
    %jmp/1 T_88.44, 6;
    %dup/vec4;
    %load/vec4 v0x55ab8c96a680_0;
    %pushi/vec4 28799, 0, 32;
    %and;
    %pushi/vec4 12403, 0, 32;
    %cmp/e;
    %flag_get/vec4 4;
    %cmp/u;
    %jmp/1 T_88.45, 6;
    %dup/vec4;
    %load/vec4 v0x55ab8c96a680_0;
    %pushi/vec4 28799, 0, 32;
    %and;
    %pushi/vec4 20595, 0, 32;
    %cmp/e;
    %flag_get/vec4 4;
    %cmp/u;
    %jmp/1 T_88.46, 6;
    %dup/vec4;
    %load/vec4 v0x55ab8c96a680_0;
    %pushi/vec4 28799, 0, 32;
    %and;
    %pushi/vec4 24691, 0, 32;
    %cmp/e;
    %flag_get/vec4 4;
    %cmp/u;
    %jmp/1 T_88.47, 6;
    %dup/vec4;
    %load/vec4 v0x55ab8c96a680_0;
    %pushi/vec4 28799, 0, 32;
    %and;
    %pushi/vec4 28787, 0, 32;
    %cmp/e;
    %flag_get/vec4 4;
    %cmp/u;
    %jmp/1 T_88.48, 6;
    %dup/vec4;
    %load/vec4 v0x55ab8c96a680_0;
    %pushi/vec4 4261441663, 0, 32;
    %and;
    %pushi/vec4 33554483, 0, 32;
    %cmp/e;
    %flag_get/vec4 4;
    %cmp/u;
    %jmp/1 T_88.49, 6;
    %dup/vec4;
    %load/vec4 v0x55ab8c96a680_0;
    %pushi/vec4 4261441663, 0, 32;
    %and;
    %pushi/vec4 33558579, 0, 32;
    %cmp/e;
    %flag_get/vec4 4;
    %cmp/u;
    %jmp/1 T_88.50, 6;
    %dup/vec4;
    %load/vec4 v0x55ab8c96a680_0;
    %pushi/vec4 4261441663, 0, 32;
    %and;
    %pushi/vec4 33562675, 0, 32;
    %cmp/e;
    %flag_get/vec4 4;
    %cmp/u;
    %jmp/1 T_88.51, 6;
    %dup/vec4;
    %load/vec4 v0x55ab8c96a680_0;
    %pushi/vec4 4261441663, 0, 32;
    %and;
    %pushi/vec4 33566771, 0, 32;
    %cmp/e;
    %flag_get/vec4 4;
    %cmp/u;
    %jmp/1 T_88.52, 6;
    %dup/vec4;
    %load/vec4 v0x55ab8c96a680_0;
    %pushi/vec4 4261441663, 0, 32;
    %and;
    %pushi/vec4 33570867, 0, 32;
    %cmp/e;
    %flag_get/vec4 4;
    %cmp/u;
    %jmp/1 T_88.53, 6;
    %dup/vec4;
    %load/vec4 v0x55ab8c96a680_0;
    %pushi/vec4 4261441663, 0, 32;
    %and;
    %pushi/vec4 33574963, 0, 32;
    %cmp/e;
    %flag_get/vec4 4;
    %cmp/u;
    %jmp/1 T_88.54, 6;
    %dup/vec4;
    %load/vec4 v0x55ab8c96a680_0;
    %pushi/vec4 4261441663, 0, 32;
    %and;
    %pushi/vec4 33579059, 0, 32;
    %cmp/e;
    %flag_get/vec4 4;
    %cmp/u;
    %jmp/1 T_88.55, 6;
    %dup/vec4;
    %load/vec4 v0x55ab8c96a680_0;
    %pushi/vec4 4261441663, 0, 32;
    %and;
    %pushi/vec4 33583155, 0, 32;
    %cmp/e;
    %flag_get/vec4 4;
    %cmp/u;
    %jmp/1 T_88.56, 6;
    %dup/vec4;
    %load/vec4 v0x55ab8c96a680_0;
    %pushi/vec4 28799, 0, 32;
    %and;
    %pushi/vec4 4111, 0, 32;
    %cmp/e;
    %flag_get/vec4 4;
    %cmp/u;
    %jmp/1 T_88.57, 6;
    %jmp T_88.58;
T_88.2 ;
    %pushi/vec4 0, 0, 32; draw_string_vec4
    %pushi/vec4 24942, 0, 32; draw_string_vec4
    %concat/vec4; draw_string_vec4
    %pushi/vec4 25705, 0, 16; draw_string_vec4
    %concat/vec4; draw_string_vec4
    %store/vec4 v0x55ab8c96a510_0, 0, 80;
    %jmp T_88.58;
T_88.3 ;
    %pushi/vec4 0, 0, 32; draw_string_vec4
    %pushi/vec4 24932, 0, 32; draw_string_vec4
    %concat/vec4; draw_string_vec4
    %pushi/vec4 25705, 0, 16; draw_string_vec4
    %concat/vec4; draw_string_vec4
    %store/vec4 v0x55ab8c96a510_0, 0, 80;
    %jmp T_88.58;
T_88.4 ;
    %pushi/vec4 0, 0, 32; draw_string_vec4
    %pushi/vec4 29548, 0, 32; draw_string_vec4
    %concat/vec4; draw_string_vec4
    %pushi/vec4 29801, 0, 16; draw_string_vec4
    %concat/vec4; draw_string_vec4
    %store/vec4 v0x55ab8c96a510_0, 0, 80;
    %jmp T_88.58;
T_88.5 ;
    %pushi/vec4 0, 0, 32; draw_string_vec4
    %pushi/vec4 7564404, 0, 32; draw_string_vec4
    %concat/vec4; draw_string_vec4
    %pushi/vec4 26997, 0, 16; draw_string_vec4
    %concat/vec4; draw_string_vec4
    %store/vec4 v0x55ab8c96a510_0, 0, 80;
    %jmp T_88.58;
T_88.6 ;
    %pushi/vec4 0, 0, 32; draw_string_vec4
    %pushi/vec4 111, 0, 32; draw_string_vec4
    %concat/vec4; draw_string_vec4
    %pushi/vec4 29289, 0, 16; draw_string_vec4
    %concat/vec4; draw_string_vec4
    %store/vec4 v0x55ab8c96a510_0, 0, 80;
    %jmp T_88.58;
T_88.7 ;
    %pushi/vec4 0, 0, 32; draw_string_vec4
    %pushi/vec4 30831, 0, 32; draw_string_vec4
    %concat/vec4; draw_string_vec4
    %pushi/vec4 29289, 0, 16; draw_string_vec4
    %concat/vec4; draw_string_vec4
    %store/vec4 v0x55ab8c96a510_0, 0, 80;
    %jmp T_88.58;
T_88.8 ;
    %pushi/vec4 0, 0, 32; draw_string_vec4
    %pushi/vec4 29548, 0, 32; draw_string_vec4
    %concat/vec4; draw_string_vec4
    %pushi/vec4 27753, 0, 16; draw_string_vec4
    %concat/vec4; draw_string_vec4
    %store/vec4 v0x55ab8c96a510_0, 0, 80;
    %jmp T_88.58;
T_88.9 ;
    %pushi/vec4 0, 0, 32; draw_string_vec4
    %pushi/vec4 29554, 0, 32; draw_string_vec4
    %concat/vec4; draw_string_vec4
    %pushi/vec4 27753, 0, 16; draw_string_vec4
    %concat/vec4; draw_string_vec4
    %store/vec4 v0x55ab8c96a510_0, 0, 80;
    %jmp T_88.58;
T_88.10 ;
    %pushi/vec4 0, 0, 32; draw_string_vec4
    %pushi/vec4 29554, 0, 32; draw_string_vec4
    %concat/vec4; draw_string_vec4
    %pushi/vec4 24937, 0, 16; draw_string_vec4
    %concat/vec4; draw_string_vec4
    %store/vec4 v0x55ab8c96a510_0, 0, 80;
    %jmp T_88.58;
T_88.11 ;
    %pushi/vec4 0, 0, 32; draw_string_vec4
    %pushi/vec4 108, 0, 32; draw_string_vec4
    %concat/vec4; draw_string_vec4
    %pushi/vec4 30057, 0, 16; draw_string_vec4
    %concat/vec4; draw_string_vec4
    %store/vec4 v0x55ab8c96a510_0, 0, 80;
    %jmp T_88.58;
T_88.12 ;
    %pushi/vec4 0, 0, 32; draw_string_vec4
    %pushi/vec4 6387049, 0, 32; draw_string_vec4
    %concat/vec4; draw_string_vec4
    %pushi/vec4 28771, 0, 16; draw_string_vec4
    %concat/vec4; draw_string_vec4
    %store/vec4 v0x55ab8c96a510_0, 0, 80;
    %jmp T_88.58;
T_88.13 ;
    %pushi/vec4 0, 0, 32; draw_string_vec4
    %pushi/vec4 97, 0, 32; draw_string_vec4
    %concat/vec4; draw_string_vec4
    %pushi/vec4 25700, 0, 16; draw_string_vec4
    %concat/vec4; draw_string_vec4
    %store/vec4 v0x55ab8c96a510_0, 0, 80;
    %jmp T_88.58;
T_88.14 ;
    %pushi/vec4 0, 0, 32; draw_string_vec4
    %pushi/vec4 115, 0, 32; draw_string_vec4
    %concat/vec4; draw_string_vec4
    %pushi/vec4 30050, 0, 16; draw_string_vec4
    %concat/vec4; draw_string_vec4
    %store/vec4 v0x55ab8c96a510_0, 0, 80;
    %jmp T_88.58;
T_88.15 ;
    %pushi/vec4 0, 0, 32; draw_string_vec4
    %pushi/vec4 115, 0, 32; draw_string_vec4
    %concat/vec4; draw_string_vec4
    %pushi/vec4 27764, 0, 16; draw_string_vec4
    %concat/vec4; draw_string_vec4
    %store/vec4 v0x55ab8c96a510_0, 0, 80;
    %jmp T_88.58;
T_88.16 ;
    %pushi/vec4 0, 0, 32; draw_string_vec4
    %pushi/vec4 29548, 0, 32; draw_string_vec4
    %concat/vec4; draw_string_vec4
    %pushi/vec4 29813, 0, 16; draw_string_vec4
    %concat/vec4; draw_string_vec4
    %store/vec4 v0x55ab8c96a510_0, 0, 80;
    %jmp T_88.58;
T_88.17 ;
    %pushi/vec4 0, 0, 32; draw_string_vec4
    %pushi/vec4 120, 0, 32; draw_string_vec4
    %concat/vec4; draw_string_vec4
    %pushi/vec4 28530, 0, 16; draw_string_vec4
    %concat/vec4; draw_string_vec4
    %store/vec4 v0x55ab8c96a510_0, 0, 80;
    %jmp T_88.58;
T_88.18 ;
    %pushi/vec4 0, 0, 32; draw_string_vec4
    %pushi/vec4 0, 0, 32; draw_string_vec4
    %concat/vec4; draw_string_vec4
    %pushi/vec4 28530, 0, 16; draw_string_vec4
    %concat/vec4; draw_string_vec4
    %store/vec4 v0x55ab8c96a510_0, 0, 80;
    %jmp T_88.58;
T_88.19 ;
    %pushi/vec4 0, 0, 32; draw_string_vec4
    %pushi/vec4 97, 0, 32; draw_string_vec4
    %concat/vec4; draw_string_vec4
    %pushi/vec4 28260, 0, 16; draw_string_vec4
    %concat/vec4; draw_string_vec4
    %store/vec4 v0x55ab8c96a510_0, 0, 80;
    %jmp T_88.58;
T_88.20 ;
    %pushi/vec4 0, 0, 32; draw_string_vec4
    %pushi/vec4 115, 0, 32; draw_string_vec4
    %concat/vec4; draw_string_vec4
    %pushi/vec4 27756, 0, 16; draw_string_vec4
    %concat/vec4; draw_string_vec4
    %store/vec4 v0x55ab8c96a510_0, 0, 80;
    %jmp T_88.58;
T_88.21 ;
    %pushi/vec4 0, 0, 32; draw_string_vec4
    %pushi/vec4 115, 0, 32; draw_string_vec4
    %concat/vec4; draw_string_vec4
    %pushi/vec4 29292, 0, 16; draw_string_vec4
    %concat/vec4; draw_string_vec4
    %store/vec4 v0x55ab8c96a510_0, 0, 80;
    %jmp T_88.58;
T_88.22 ;
    %pushi/vec4 0, 0, 32; draw_string_vec4
    %pushi/vec4 115, 0, 32; draw_string_vec4
    %concat/vec4; draw_string_vec4
    %pushi/vec4 29281, 0, 16; draw_string_vec4
    %concat/vec4; draw_string_vec4
    %store/vec4 v0x55ab8c96a510_0, 0, 80;
    %jmp T_88.58;
T_88.23 ;
    %pushi/vec4 0, 0, 32; draw_string_vec4
    %pushi/vec4 106, 0, 32; draw_string_vec4
    %concat/vec4; draw_string_vec4
    %pushi/vec4 24940, 0, 16; draw_string_vec4
    %concat/vec4; draw_string_vec4
    %store/vec4 v0x55ab8c96a510_0, 0, 80;
    %jmp T_88.58;
T_88.24 ;
    %pushi/vec4 0, 0, 32; draw_string_vec4
    %pushi/vec4 27233, 0, 32; draw_string_vec4
    %concat/vec4; draw_string_vec4
    %pushi/vec4 27762, 0, 16; draw_string_vec4
    %concat/vec4; draw_string_vec4
    %store/vec4 v0x55ab8c96a510_0, 0, 80;
    %jmp T_88.58;
T_88.25 ;
    %pushi/vec4 0, 0, 32; draw_string_vec4
    %pushi/vec4 98, 0, 32; draw_string_vec4
    %concat/vec4; draw_string_vec4
    %pushi/vec4 25969, 0, 16; draw_string_vec4
    %concat/vec4; draw_string_vec4
    %store/vec4 v0x55ab8c96a510_0, 0, 80;
    %jmp T_88.58;
T_88.26 ;
    %pushi/vec4 0, 0, 32; draw_string_vec4
    %pushi/vec4 98, 0, 32; draw_string_vec4
    %concat/vec4; draw_string_vec4
    %pushi/vec4 28261, 0, 16; draw_string_vec4
    %concat/vec4; draw_string_vec4
    %store/vec4 v0x55ab8c96a510_0, 0, 80;
    %jmp T_88.58;
T_88.27 ;
    %pushi/vec4 0, 0, 32; draw_string_vec4
    %pushi/vec4 98, 0, 32; draw_string_vec4
    %concat/vec4; draw_string_vec4
    %pushi/vec4 27764, 0, 16; draw_string_vec4
    %concat/vec4; draw_string_vec4
    %store/vec4 v0x55ab8c96a510_0, 0, 80;
    %jmp T_88.58;
T_88.28 ;
    %pushi/vec4 0, 0, 32; draw_string_vec4
    %pushi/vec4 98, 0, 32; draw_string_vec4
    %concat/vec4; draw_string_vec4
    %pushi/vec4 26469, 0, 16; draw_string_vec4
    %concat/vec4; draw_string_vec4
    %store/vec4 v0x55ab8c96a510_0, 0, 80;
    %jmp T_88.58;
T_88.29 ;
    %pushi/vec4 0, 0, 32; draw_string_vec4
    %pushi/vec4 25196, 0, 32; draw_string_vec4
    %concat/vec4; draw_string_vec4
    %pushi/vec4 29813, 0, 16; draw_string_vec4
    %concat/vec4; draw_string_vec4
    %store/vec4 v0x55ab8c96a510_0, 0, 80;
    %jmp T_88.58;
T_88.30 ;
    %pushi/vec4 0, 0, 32; draw_string_vec4
    %pushi/vec4 25191, 0, 32; draw_string_vec4
    %concat/vec4; draw_string_vec4
    %pushi/vec4 25973, 0, 16; draw_string_vec4
    %concat/vec4; draw_string_vec4
    %store/vec4 v0x55ab8c96a510_0, 0, 80;
    %jmp T_88.58;
T_88.31 ;
    %pushi/vec4 0, 0, 32; draw_string_vec4
    %pushi/vec4 0, 0, 32; draw_string_vec4
    %concat/vec4; draw_string_vec4
    %pushi/vec4 27746, 0, 16; draw_string_vec4
    %concat/vec4; draw_string_vec4
    %store/vec4 v0x55ab8c96a510_0, 0, 80;
    %jmp T_88.58;
T_88.32 ;
    %pushi/vec4 0, 0, 32; draw_string_vec4
    %pushi/vec4 0, 0, 32; draw_string_vec4
    %concat/vec4; draw_string_vec4
    %pushi/vec4 27752, 0, 16; draw_string_vec4
    %concat/vec4; draw_string_vec4
    %store/vec4 v0x55ab8c96a510_0, 0, 80;
    %jmp T_88.58;
T_88.33 ;
    %pushi/vec4 0, 0, 32; draw_string_vec4
    %pushi/vec4 0, 0, 32; draw_string_vec4
    %concat/vec4; draw_string_vec4
    %pushi/vec4 27767, 0, 16; draw_string_vec4
    %concat/vec4; draw_string_vec4
    %store/vec4 v0x55ab8c96a510_0, 0, 80;
    %jmp T_88.58;
T_88.34 ;
    %pushi/vec4 0, 0, 32; draw_string_vec4
    %pushi/vec4 108, 0, 32; draw_string_vec4
    %concat/vec4; draw_string_vec4
    %pushi/vec4 25205, 0, 16; draw_string_vec4
    %concat/vec4; draw_string_vec4
    %store/vec4 v0x55ab8c96a510_0, 0, 80;
    %jmp T_88.58;
T_88.35 ;
    %pushi/vec4 0, 0, 32; draw_string_vec4
    %pushi/vec4 108, 0, 32; draw_string_vec4
    %concat/vec4; draw_string_vec4
    %pushi/vec4 26741, 0, 16; draw_string_vec4
    %concat/vec4; draw_string_vec4
    %store/vec4 v0x55ab8c96a510_0, 0, 80;
    %jmp T_88.58;
T_88.36 ;
    %pushi/vec4 0, 0, 32; draw_string_vec4
    %pushi/vec4 108, 0, 32; draw_string_vec4
    %concat/vec4; draw_string_vec4
    %pushi/vec4 30581, 0, 16; draw_string_vec4
    %concat/vec4; draw_string_vec4
    %store/vec4 v0x55ab8c96a510_0, 0, 80;
    %jmp T_88.58;
T_88.37 ;
    %pushi/vec4 0, 0, 32; draw_string_vec4
    %pushi/vec4 0, 0, 32; draw_string_vec4
    %concat/vec4; draw_string_vec4
    %pushi/vec4 29538, 0, 16; draw_string_vec4
    %concat/vec4; draw_string_vec4
    %store/vec4 v0x55ab8c96a510_0, 0, 80;
    %jmp T_88.58;
T_88.38 ;
    %pushi/vec4 0, 0, 32; draw_string_vec4
    %pushi/vec4 0, 0, 32; draw_string_vec4
    %concat/vec4; draw_string_vec4
    %pushi/vec4 29544, 0, 16; draw_string_vec4
    %concat/vec4; draw_string_vec4
    %store/vec4 v0x55ab8c96a510_0, 0, 80;
    %jmp T_88.58;
T_88.39 ;
    %pushi/vec4 0, 0, 32; draw_string_vec4
    %pushi/vec4 0, 0, 32; draw_string_vec4
    %concat/vec4; draw_string_vec4
    %pushi/vec4 29559, 0, 16; draw_string_vec4
    %concat/vec4; draw_string_vec4
    %store/vec4 v0x55ab8c96a510_0, 0, 80;
    %jmp T_88.58;
T_88.40 ;
    %pushi/vec4 0, 0, 32; draw_string_vec4
    %pushi/vec4 6644577, 0, 32; draw_string_vec4
    %concat/vec4; draw_string_vec4
    %pushi/vec4 27756, 0, 16; draw_string_vec4
    %concat/vec4; draw_string_vec4
    %store/vec4 v0x55ab8c96a510_0, 0, 80;
    %jmp T_88.58;
T_88.41 ;
    %pushi/vec4 0, 0, 32; draw_string_vec4
    %pushi/vec4 1700950629, 0, 32; draw_string_vec4
    %concat/vec4; draw_string_vec4
    %pushi/vec4 24939, 0, 16; draw_string_vec4
    %concat/vec4; draw_string_vec4
    %store/vec4 v0x55ab8c96a510_0, 0, 80;
    %jmp T_88.58;
T_88.42 ;
    %pushi/vec4 0, 0, 32; draw_string_vec4
    %pushi/vec4 25970, 0, 32; draw_string_vec4
    %concat/vec4; draw_string_vec4
    %pushi/vec4 25972, 0, 16; draw_string_vec4
    %concat/vec4; draw_string_vec4
    %store/vec4 v0x55ab8c96a510_0, 0, 80;
    %jmp T_88.58;
T_88.43 ;
    %pushi/vec4 0, 0, 32; draw_string_vec4
    %pushi/vec4 6517618, 0, 32; draw_string_vec4
    %concat/vec4; draw_string_vec4
    %pushi/vec4 29303, 0, 16; draw_string_vec4
    %concat/vec4; draw_string_vec4
    %store/vec4 v0x55ab8c96a510_0, 0, 80;
    %jmp T_88.58;
T_88.44 ;
    %pushi/vec4 0, 0, 32; draw_string_vec4
    %pushi/vec4 6517618, 0, 32; draw_string_vec4
    %concat/vec4; draw_string_vec4
    %pushi/vec4 29299, 0, 16; draw_string_vec4
    %concat/vec4; draw_string_vec4
    %store/vec4 v0x55ab8c96a510_0, 0, 80;
    %jmp T_88.58;
T_88.45 ;
    %pushi/vec4 0, 0, 32; draw_string_vec4
    %pushi/vec4 6517618, 0, 32; draw_string_vec4
    %concat/vec4; draw_string_vec4
    %pushi/vec4 29283, 0, 16; draw_string_vec4
    %concat/vec4; draw_string_vec4
    %store/vec4 v0x55ab8c96a510_0, 0, 80;
    %jmp T_88.58;
T_88.46 ;
    %pushi/vec4 0, 0, 32; draw_string_vec4
    %pushi/vec4 1668510322, 0, 32; draw_string_vec4
    %concat/vec4; draw_string_vec4
    %pushi/vec4 30569, 0, 16; draw_string_vec4
    %concat/vec4; draw_string_vec4
    %store/vec4 v0x55ab8c96a510_0, 0, 80;
    %jmp T_88.58;
T_88.47 ;
    %pushi/vec4 0, 0, 32; draw_string_vec4
    %pushi/vec4 1668510322, 0, 32; draw_string_vec4
    %concat/vec4; draw_string_vec4
    %pushi/vec4 29545, 0, 16; draw_string_vec4
    %concat/vec4; draw_string_vec4
    %store/vec4 v0x55ab8c96a510_0, 0, 80;
    %jmp T_88.58;
T_88.48 ;
    %pushi/vec4 0, 0, 32; draw_string_vec4
    %pushi/vec4 1668510322, 0, 32; draw_string_vec4
    %concat/vec4; draw_string_vec4
    %pushi/vec4 25449, 0, 16; draw_string_vec4
    %concat/vec4; draw_string_vec4
    %store/vec4 v0x55ab8c96a510_0, 0, 80;
    %jmp T_88.58;
T_88.49 ;
    %pushi/vec4 0, 0, 32; draw_string_vec4
    %pushi/vec4 109, 0, 32; draw_string_vec4
    %concat/vec4; draw_string_vec4
    %pushi/vec4 30060, 0, 16; draw_string_vec4
    %concat/vec4; draw_string_vec4
    %store/vec4 v0x55ab8c96a510_0, 0, 80;
    %jmp T_88.58;
T_88.50 ;
    %pushi/vec4 0, 0, 32; draw_string_vec4
    %pushi/vec4 28021, 0, 32; draw_string_vec4
    %concat/vec4; draw_string_vec4
    %pushi/vec4 27752, 0, 16; draw_string_vec4
    %concat/vec4; draw_string_vec4
    %store/vec4 v0x55ab8c96a510_0, 0, 80;
    %jmp T_88.58;
T_88.51 ;
    %pushi/vec4 0, 0, 32; draw_string_vec4
    %pushi/vec4 1836412008, 0, 32; draw_string_vec4
    %concat/vec4; draw_string_vec4
    %pushi/vec4 29557, 0, 16; draw_string_vec4
    %concat/vec4; draw_string_vec4
    %store/vec4 v0x55ab8c96a510_0, 0, 80;
    %jmp T_88.58;
T_88.52 ;
    %pushi/vec4 0, 0, 32; draw_string_vec4
    %pushi/vec4 7173484, 0, 32; draw_string_vec4
    %concat/vec4; draw_string_vec4
    %pushi/vec4 26741, 0, 16; draw_string_vec4
    %concat/vec4; draw_string_vec4
    %store/vec4 v0x55ab8c96a510_0, 0, 80;
    %jmp T_88.58;
T_88.53 ;
    %pushi/vec4 0, 0, 32; draw_string_vec4
    %pushi/vec4 100, 0, 32; draw_string_vec4
    %concat/vec4; draw_string_vec4
    %pushi/vec4 26998, 0, 16; draw_string_vec4
    %concat/vec4; draw_string_vec4
    %store/vec4 v0x55ab8c96a510_0, 0, 80;
    %jmp T_88.58;
T_88.54 ;
    %pushi/vec4 0, 0, 32; draw_string_vec4
    %pushi/vec4 25705, 0, 32; draw_string_vec4
    %concat/vec4; draw_string_vec4
    %pushi/vec4 30325, 0, 16; draw_string_vec4
    %concat/vec4; draw_string_vec4
    %store/vec4 v0x55ab8c96a510_0, 0, 80;
    %jmp T_88.58;
T_88.55 ;
    %pushi/vec4 0, 0, 32; draw_string_vec4
    %pushi/vec4 114, 0, 32; draw_string_vec4
    %concat/vec4; draw_string_vec4
    %pushi/vec4 25965, 0, 16; draw_string_vec4
    %concat/vec4; draw_string_vec4
    %store/vec4 v0x55ab8c96a510_0, 0, 80;
    %jmp T_88.58;
T_88.56 ;
    %pushi/vec4 0, 0, 32; draw_string_vec4
    %pushi/vec4 29285, 0, 32; draw_string_vec4
    %concat/vec4; draw_string_vec4
    %pushi/vec4 28021, 0, 16; draw_string_vec4
    %concat/vec4; draw_string_vec4
    %store/vec4 v0x55ab8c96a510_0, 0, 80;
    %jmp T_88.58;
T_88.57 ;
    %pushi/vec4 102, 0, 32; draw_string_vec4
    %pushi/vec4 1701733221, 0, 32; draw_string_vec4
    %concat/vec4; draw_string_vec4
    %pushi/vec4 11881, 0, 16; draw_string_vec4
    %concat/vec4; draw_string_vec4
    %store/vec4 v0x55ab8c96a510_0, 0, 80;
    %jmp T_88.58;
T_88.58 ;
    %pop/vec4 1;
    %pushi/vec4 1, 0, 1;
    %dup/vec4;
    %load/vec4 v0x55ab8c96a680_0;
    %pushi/vec4 28799, 0, 32;
    %and;
    %pushi/vec4 19, 0, 32;
    %cmp/e;
    %flag_get/vec4 4;
    %cmp/u;
    %jmp/1 T_88.59, 6;
    %dup/vec4;
    %load/vec4 v0x55ab8c96a680_0;
    %pushi/vec4 28799, 0, 32;
    %and;
    %pushi/vec4 28691, 0, 32;
    %cmp/e;
    %flag_get/vec4 4;
    %cmp/u;
    %jmp/1 T_88.60, 6;
    %dup/vec4;
    %load/vec4 v0x55ab8c96a680_0;
    %pushi/vec4 28799, 0, 32;
    %and;
    %pushi/vec4 8211, 0, 32;
    %cmp/e;
    %flag_get/vec4 4;
    %cmp/u;
    %jmp/1 T_88.61, 6;
    %dup/vec4;
    %load/vec4 v0x55ab8c96a680_0;
    %pushi/vec4 28799, 0, 32;
    %and;
    %pushi/vec4 12307, 0, 32;
    %cmp/e;
    %flag_get/vec4 4;
    %cmp/u;
    %jmp/1 T_88.62, 6;
    %dup/vec4;
    %load/vec4 v0x55ab8c96a680_0;
    %pushi/vec4 28799, 0, 32;
    %and;
    %pushi/vec4 24595, 0, 32;
    %cmp/e;
    %flag_get/vec4 4;
    %cmp/u;
    %jmp/1 T_88.63, 6;
    %dup/vec4;
    %load/vec4 v0x55ab8c96a680_0;
    %pushi/vec4 28799, 0, 32;
    %and;
    %pushi/vec4 16403, 0, 32;
    %cmp/e;
    %flag_get/vec4 4;
    %cmp/u;
    %jmp/1 T_88.64, 6;
    %dup/vec4;
    %load/vec4 v0x55ab8c96a680_0;
    %pushi/vec4 28799, 0, 32;
    %and;
    %pushi/vec4 4211, 0, 32;
    %cmp/e;
    %flag_get/vec4 4;
    %cmp/u;
    %jmp/1 T_88.65, 6;
    %dup/vec4;
    %load/vec4 v0x55ab8c96a680_0;
    %pushi/vec4 28799, 0, 32;
    %and;
    %pushi/vec4 8307, 0, 32;
    %cmp/e;
    %flag_get/vec4 4;
    %cmp/u;
    %jmp/1 T_88.66, 6;
    %dup/vec4;
    %load/vec4 v0x55ab8c96a680_0;
    %pushi/vec4 28799, 0, 32;
    %and;
    %pushi/vec4 12403, 0, 32;
    %cmp/e;
    %flag_get/vec4 4;
    %cmp/u;
    %jmp/1 T_88.67, 6;
    %dup/vec4;
    %load/vec4 v0x55ab8c96a680_0;
    %pushi/vec4 28799, 0, 32;
    %and;
    %pushi/vec4 20595, 0, 32;
    %cmp/e;
    %flag_get/vec4 4;
    %cmp/u;
    %jmp/1 T_88.68, 6;
    %dup/vec4;
    %load/vec4 v0x55ab8c96a680_0;
    %pushi/vec4 28799, 0, 32;
    %and;
    %pushi/vec4 24691, 0, 32;
    %cmp/e;
    %flag_get/vec4 4;
    %cmp/u;
    %jmp/1 T_88.69, 6;
    %dup/vec4;
    %load/vec4 v0x55ab8c96a680_0;
    %pushi/vec4 28799, 0, 32;
    %and;
    %pushi/vec4 28787, 0, 32;
    %cmp/e;
    %flag_get/vec4 4;
    %cmp/u;
    %jmp/1 T_88.70, 6;
    %dup/vec4;
    %load/vec4 v0x55ab8c96a680_0;
    %pushi/vec4 4227887231, 0, 32;
    %and;
    %pushi/vec4 4115, 0, 32;
    %cmp/e;
    %flag_get/vec4 4;
    %cmp/u;
    %jmp/1 T_88.71, 6;
    %dup/vec4;
    %load/vec4 v0x55ab8c96a680_0;
    %pushi/vec4 4227887231, 0, 32;
    %and;
    %pushi/vec4 20499, 0, 32;
    %cmp/e;
    %flag_get/vec4 4;
    %cmp/u;
    %jmp/1 T_88.72, 6;
    %dup/vec4;
    %load/vec4 v0x55ab8c96a680_0;
    %pushi/vec4 4227887231, 0, 32;
    %and;
    %pushi/vec4 1073762323, 0, 32;
    %cmp/e;
    %flag_get/vec4 4;
    %cmp/u;
    %jmp/1 T_88.73, 6;
    %dup/vec4;
    %load/vec4 v0x55ab8c96a680_0;
    %pushi/vec4 127, 0, 32;
    %and;
    %pushi/vec4 55, 0, 32;
    %cmp/e;
    %flag_get/vec4 4;
    %cmp/u;
    %jmp/1 T_88.74, 6;
    %dup/vec4;
    %load/vec4 v0x55ab8c96a680_0;
    %pushi/vec4 127, 0, 32;
    %and;
    %pushi/vec4 23, 0, 32;
    %cmp/e;
    %flag_get/vec4 4;
    %cmp/u;
    %jmp/1 T_88.75, 6;
    %dup/vec4;
    %load/vec4 v0x55ab8c96a680_0;
    %pushi/vec4 127, 0, 32;
    %and;
    %pushi/vec4 111, 0, 32;
    %cmp/e;
    %flag_get/vec4 4;
    %cmp/u;
    %jmp/1 T_88.76, 6;
    %dup/vec4;
    %load/vec4 v0x55ab8c96a680_0;
    %pushi/vec4 28799, 0, 32;
    %and;
    %pushi/vec4 103, 0, 32;
    %cmp/e;
    %flag_get/vec4 4;
    %cmp/u;
    %jmp/1 T_88.77, 6;
    %dup/vec4;
    %load/vec4 v0x55ab8c96a680_0;
    %pushi/vec4 28799, 0, 32;
    %and;
    %pushi/vec4 3, 0, 32;
    %cmp/e;
    %flag_get/vec4 4;
    %cmp/u;
    %jmp/1 T_88.78, 6;
    %dup/vec4;
    %load/vec4 v0x55ab8c96a680_0;
    %pushi/vec4 28799, 0, 32;
    %and;
    %pushi/vec4 4099, 0, 32;
    %cmp/e;
    %flag_get/vec4 4;
    %cmp/u;
    %jmp/1 T_88.79, 6;
    %dup/vec4;
    %load/vec4 v0x55ab8c96a680_0;
    %pushi/vec4 28799, 0, 32;
    %and;
    %pushi/vec4 8195, 0, 32;
    %cmp/e;
    %flag_get/vec4 4;
    %cmp/u;
    %jmp/1 T_88.80, 6;
    %dup/vec4;
    %load/vec4 v0x55ab8c96a680_0;
    %pushi/vec4 28799, 0, 32;
    %and;
    %pushi/vec4 16387, 0, 32;
    %cmp/e;
    %flag_get/vec4 4;
    %cmp/u;
    %jmp/1 T_88.81, 6;
    %dup/vec4;
    %load/vec4 v0x55ab8c96a680_0;
    %pushi/vec4 28799, 0, 32;
    %and;
    %pushi/vec4 20483, 0, 32;
    %cmp/e;
    %flag_get/vec4 4;
    %cmp/u;
    %jmp/1 T_88.82, 6;
    %dup/vec4;
    %load/vec4 v0x55ab8c96a680_0;
    %pushi/vec4 28799, 0, 32;
    %and;
    %pushi/vec4 24579, 0, 32;
    %cmp/e;
    %flag_get/vec4 4;
    %cmp/u;
    %jmp/1 T_88.83, 6;
    %dup/vec4;
    %load/vec4 v0x55ab8c96a680_0;
    %pushi/vec4 28799, 0, 32;
    %and;
    %pushi/vec4 35, 0, 32;
    %cmp/e;
    %flag_get/vec4 4;
    %cmp/u;
    %jmp/1 T_88.84, 6;
    %dup/vec4;
    %load/vec4 v0x55ab8c96a680_0;
    %pushi/vec4 28799, 0, 32;
    %and;
    %pushi/vec4 4131, 0, 32;
    %cmp/e;
    %flag_get/vec4 4;
    %cmp/u;
    %jmp/1 T_88.85, 6;
    %dup/vec4;
    %load/vec4 v0x55ab8c96a680_0;
    %pushi/vec4 28799, 0, 32;
    %and;
    %pushi/vec4 8227, 0, 32;
    %cmp/e;
    %flag_get/vec4 4;
    %cmp/u;
    %jmp/1 T_88.86, 6;
    %jmp T_88.87;
T_88.59 ;
    %pushi/vec4 0, 0, 32; draw_string_vec4
    %pushi/vec4 0, 0, 32; draw_string_vec4
    %concat/vec4; draw_string_vec4
    %pushi/vec4 45, 0, 16; draw_string_vec4
    %concat/vec4; draw_string_vec4
    %store/vec4 v0x55ab8c7dfa30_0, 0, 80;
    %jmp T_88.87;
T_88.60 ;
    %pushi/vec4 0, 0, 32; draw_string_vec4
    %pushi/vec4 0, 0, 32; draw_string_vec4
    %concat/vec4; draw_string_vec4
    %pushi/vec4 45, 0, 16; draw_string_vec4
    %concat/vec4; draw_string_vec4
    %store/vec4 v0x55ab8c7dfa30_0, 0, 80;
    %jmp T_88.87;
T_88.61 ;
    %pushi/vec4 0, 0, 32; draw_string_vec4
    %pushi/vec4 0, 0, 32; draw_string_vec4
    %concat/vec4; draw_string_vec4
    %pushi/vec4 45, 0, 16; draw_string_vec4
    %concat/vec4; draw_string_vec4
    %store/vec4 v0x55ab8c7dfa30_0, 0, 80;
    %jmp T_88.87;
T_88.62 ;
    %pushi/vec4 0, 0, 32; draw_string_vec4
    %pushi/vec4 0, 0, 32; draw_string_vec4
    %concat/vec4; draw_string_vec4
    %pushi/vec4 45, 0, 16; draw_string_vec4
    %concat/vec4; draw_string_vec4
    %store/vec4 v0x55ab8c7dfa30_0, 0, 80;
    %jmp T_88.87;
T_88.63 ;
    %pushi/vec4 0, 0, 32; draw_string_vec4
    %pushi/vec4 0, 0, 32; draw_string_vec4
    %concat/vec4; draw_string_vec4
    %pushi/vec4 45, 0, 16; draw_string_vec4
    %concat/vec4; draw_string_vec4
    %store/vec4 v0x55ab8c7dfa30_0, 0, 80;
    %jmp T_88.87;
T_88.64 ;
    %pushi/vec4 0, 0, 32; draw_string_vec4
    %pushi/vec4 0, 0, 32; draw_string_vec4
    %concat/vec4; draw_string_vec4
    %pushi/vec4 45, 0, 16; draw_string_vec4
    %concat/vec4; draw_string_vec4
    %store/vec4 v0x55ab8c7dfa30_0, 0, 80;
    %jmp T_88.87;
T_88.65 ;
    %pushi/vec4 0, 0, 32; draw_string_vec4
    %pushi/vec4 0, 0, 32; draw_string_vec4
    %concat/vec4; draw_string_vec4
    %pushi/vec4 45, 0, 16; draw_string_vec4
    %concat/vec4; draw_string_vec4
    %store/vec4 v0x55ab8c7dfa30_0, 0, 80;
    %jmp T_88.87;
T_88.66 ;
    %pushi/vec4 0, 0, 32; draw_string_vec4
    %pushi/vec4 0, 0, 32; draw_string_vec4
    %concat/vec4; draw_string_vec4
    %pushi/vec4 45, 0, 16; draw_string_vec4
    %concat/vec4; draw_string_vec4
    %store/vec4 v0x55ab8c7dfa30_0, 0, 80;
    %jmp T_88.87;
T_88.67 ;
    %pushi/vec4 0, 0, 32; draw_string_vec4
    %pushi/vec4 0, 0, 32; draw_string_vec4
    %concat/vec4; draw_string_vec4
    %pushi/vec4 45, 0, 16; draw_string_vec4
    %concat/vec4; draw_string_vec4
    %store/vec4 v0x55ab8c7dfa30_0, 0, 80;
    %jmp T_88.87;
T_88.68 ;
    %pushi/vec4 0, 0, 32; draw_string_vec4
    %pushi/vec4 0, 0, 32; draw_string_vec4
    %concat/vec4; draw_string_vec4
    %pushi/vec4 45, 0, 16; draw_string_vec4
    %concat/vec4; draw_string_vec4
    %store/vec4 v0x55ab8c7dfa30_0, 0, 80;
    %jmp T_88.87;
T_88.69 ;
    %pushi/vec4 0, 0, 32; draw_string_vec4
    %pushi/vec4 0, 0, 32; draw_string_vec4
    %concat/vec4; draw_string_vec4
    %pushi/vec4 45, 0, 16; draw_string_vec4
    %concat/vec4; draw_string_vec4
    %store/vec4 v0x55ab8c7dfa30_0, 0, 80;
    %jmp T_88.87;
T_88.70 ;
    %pushi/vec4 0, 0, 32; draw_string_vec4
    %pushi/vec4 0, 0, 32; draw_string_vec4
    %concat/vec4; draw_string_vec4
    %pushi/vec4 45, 0, 16; draw_string_vec4
    %concat/vec4; draw_string_vec4
    %store/vec4 v0x55ab8c7dfa30_0, 0, 80;
    %jmp T_88.87;
T_88.71 ;
    %pushi/vec4 0, 0, 32; draw_string_vec4
    %pushi/vec4 0, 0, 32; draw_string_vec4
    %concat/vec4; draw_string_vec4
    %pushi/vec4 45, 0, 16; draw_string_vec4
    %concat/vec4; draw_string_vec4
    %store/vec4 v0x55ab8c7dfa30_0, 0, 80;
    %jmp T_88.87;
T_88.72 ;
    %pushi/vec4 0, 0, 32; draw_string_vec4
    %pushi/vec4 0, 0, 32; draw_string_vec4
    %concat/vec4; draw_string_vec4
    %pushi/vec4 45, 0, 16; draw_string_vec4
    %concat/vec4; draw_string_vec4
    %store/vec4 v0x55ab8c7dfa30_0, 0, 80;
    %jmp T_88.87;
T_88.73 ;
    %pushi/vec4 0, 0, 32; draw_string_vec4
    %pushi/vec4 0, 0, 32; draw_string_vec4
    %concat/vec4; draw_string_vec4
    %pushi/vec4 45, 0, 16; draw_string_vec4
    %concat/vec4; draw_string_vec4
    %store/vec4 v0x55ab8c7dfa30_0, 0, 80;
    %jmp T_88.87;
T_88.74 ;
    %pushi/vec4 0, 0, 32; draw_string_vec4
    %pushi/vec4 0, 0, 32; draw_string_vec4
    %concat/vec4; draw_string_vec4
    %pushi/vec4 45, 0, 16; draw_string_vec4
    %concat/vec4; draw_string_vec4
    %store/vec4 v0x55ab8cdd4650_0, 0, 80;
    %pushi/vec4 0, 0, 32; draw_string_vec4
    %pushi/vec4 0, 0, 32; draw_string_vec4
    %concat/vec4; draw_string_vec4
    %pushi/vec4 45, 0, 16; draw_string_vec4
    %concat/vec4; draw_string_vec4
    %store/vec4 v0x55ab8c7dfa30_0, 0, 80;
    %jmp T_88.87;
T_88.75 ;
    %pushi/vec4 0, 0, 32; draw_string_vec4
    %pushi/vec4 0, 0, 32; draw_string_vec4
    %concat/vec4; draw_string_vec4
    %pushi/vec4 28771, 0, 16; draw_string_vec4
    %concat/vec4; draw_string_vec4
    %store/vec4 v0x55ab8cdd4650_0, 0, 80;
    %pushi/vec4 0, 0, 32; draw_string_vec4
    %pushi/vec4 0, 0, 32; draw_string_vec4
    %concat/vec4; draw_string_vec4
    %pushi/vec4 45, 0, 16; draw_string_vec4
    %concat/vec4; draw_string_vec4
    %store/vec4 v0x55ab8c7dfa30_0, 0, 80;
    %jmp T_88.87;
T_88.76 ;
    %pushi/vec4 0, 0, 32; draw_string_vec4
    %pushi/vec4 0, 0, 32; draw_string_vec4
    %concat/vec4; draw_string_vec4
    %pushi/vec4 45, 0, 16; draw_string_vec4
    %concat/vec4; draw_string_vec4
    %store/vec4 v0x55ab8cdd4650_0, 0, 80;
    %pushi/vec4 0, 0, 32; draw_string_vec4
    %pushi/vec4 0, 0, 32; draw_string_vec4
    %concat/vec4; draw_string_vec4
    %pushi/vec4 45, 0, 16; draw_string_vec4
    %concat/vec4; draw_string_vec4
    %store/vec4 v0x55ab8c7dfa30_0, 0, 80;
    %load/vec4 v0x55ab8ce2e190_0;
    %cmpi/e 1, 0, 5;
    %jmp/0xz  T_88.88, 4;
    %pushi/vec4 0, 0, 32; draw_string_vec4
    %pushi/vec4 25441, 0, 32; draw_string_vec4
    %concat/vec4; draw_string_vec4
    %pushi/vec4 27756, 0, 16; draw_string_vec4
    %concat/vec4; draw_string_vec4
    %store/vec4 v0x55ab8c96a510_0, 0, 80;
T_88.88 ;
    %jmp T_88.87;
T_88.77 ;
    %pushi/vec4 0, 0, 32; draw_string_vec4
    %pushi/vec4 0, 0, 32; draw_string_vec4
    %concat/vec4; draw_string_vec4
    %pushi/vec4 45, 0, 16; draw_string_vec4
    %concat/vec4; draw_string_vec4
    %store/vec4 v0x55ab8c7dfa30_0, 0, 80;
    %load/vec4 v0x55ab8c9a2600_0;
    %cmpi/e 1, 0, 5;
    %flag_get/vec4 4;
    %jmp/0 T_88.92, 4;
    %load/vec4 v0x55ab8c96a680_0;
    %parti/s 1, 31, 6;
    %replicate 20;
    %load/vec4 v0x55ab8c96a680_0;
    %parti/s 12, 20, 6;
    %concat/vec4; draw_concat_vec4
    %pushi/vec4 0, 0, 32;
    %cmp/e;
    %flag_get/vec4 4;
    %and;
T_88.92;
    %flag_set/vec4 8;
    %jmp/0xz  T_88.90, 8;
    %pushi/vec4 0, 0, 32; draw_string_vec4
    %pushi/vec4 114, 0, 32; draw_string_vec4
    %concat/vec4; draw_string_vec4
    %pushi/vec4 25972, 0, 16; draw_string_vec4
    %concat/vec4; draw_string_vec4
    %store/vec4 v0x55ab8c96a510_0, 0, 80;
    %jmp T_88.91;
T_88.90 ;
    %load/vec4 v0x55ab8ce2e190_0;
    %cmpi/e 1, 0, 5;
    %jmp/0xz  T_88.93, 4;
    %pushi/vec4 25441, 0, 32; draw_string_vec4
    %pushi/vec4 1819025448, 0, 32; draw_string_vec4
    %concat/vec4; draw_string_vec4
    %pushi/vec4 21033, 0, 16; draw_string_vec4
    %concat/vec4; draw_string_vec4
    %store/vec4 v0x55ab8c96a510_0, 0, 80;
T_88.93 ;
T_88.91 ;
    %jmp T_88.87;
T_88.78 ;
    %pushi/vec4 0, 0, 32; draw_string_vec4
    %pushi/vec4 0, 0, 32; draw_string_vec4
    %concat/vec4; draw_string_vec4
    %pushi/vec4 45, 0, 16; draw_string_vec4
    %concat/vec4; draw_string_vec4
    %store/vec4 v0x55ab8c7dfa30_0, 0, 80;
    %jmp T_88.87;
T_88.79 ;
    %pushi/vec4 0, 0, 32; draw_string_vec4
    %pushi/vec4 0, 0, 32; draw_string_vec4
    %concat/vec4; draw_string_vec4
    %pushi/vec4 45, 0, 16; draw_string_vec4
    %concat/vec4; draw_string_vec4
    %store/vec4 v0x55ab8c7dfa30_0, 0, 80;
    %jmp T_88.87;
T_88.80 ;
    %pushi/vec4 0, 0, 32; draw_string_vec4
    %pushi/vec4 0, 0, 32; draw_string_vec4
    %concat/vec4; draw_string_vec4
    %pushi/vec4 45, 0, 16; draw_string_vec4
    %concat/vec4; draw_string_vec4
    %store/vec4 v0x55ab8c7dfa30_0, 0, 80;
    %jmp T_88.87;
T_88.81 ;
    %pushi/vec4 0, 0, 32; draw_string_vec4
    %pushi/vec4 0, 0, 32; draw_string_vec4
    %concat/vec4; draw_string_vec4
    %pushi/vec4 45, 0, 16; draw_string_vec4
    %concat/vec4; draw_string_vec4
    %store/vec4 v0x55ab8c7dfa30_0, 0, 80;
    %jmp T_88.87;
T_88.82 ;
    %pushi/vec4 0, 0, 32; draw_string_vec4
    %pushi/vec4 0, 0, 32; draw_string_vec4
    %concat/vec4; draw_string_vec4
    %pushi/vec4 45, 0, 16; draw_string_vec4
    %concat/vec4; draw_string_vec4
    %store/vec4 v0x55ab8c7dfa30_0, 0, 80;
    %jmp T_88.87;
T_88.83 ;
    %pushi/vec4 0, 0, 32; draw_string_vec4
    %pushi/vec4 0, 0, 32; draw_string_vec4
    %concat/vec4; draw_string_vec4
    %pushi/vec4 45, 0, 16; draw_string_vec4
    %concat/vec4; draw_string_vec4
    %store/vec4 v0x55ab8c7dfa30_0, 0, 80;
    %jmp T_88.87;
T_88.84 ;
    %pushi/vec4 0, 0, 32; draw_string_vec4
    %pushi/vec4 0, 0, 32; draw_string_vec4
    %concat/vec4; draw_string_vec4
    %pushi/vec4 45, 0, 16; draw_string_vec4
    %concat/vec4; draw_string_vec4
    %store/vec4 v0x55ab8ccb4930_0, 0, 80;
    %jmp T_88.87;
T_88.85 ;
    %pushi/vec4 0, 0, 32; draw_string_vec4
    %pushi/vec4 0, 0, 32; draw_string_vec4
    %concat/vec4; draw_string_vec4
    %pushi/vec4 45, 0, 16; draw_string_vec4
    %concat/vec4; draw_string_vec4
    %store/vec4 v0x55ab8ccb4930_0, 0, 80;
    %jmp T_88.87;
T_88.86 ;
    %pushi/vec4 0, 0, 32; draw_string_vec4
    %pushi/vec4 0, 0, 32; draw_string_vec4
    %concat/vec4; draw_string_vec4
    %pushi/vec4 45, 0, 16; draw_string_vec4
    %concat/vec4; draw_string_vec4
    %store/vec4 v0x55ab8ccb4930_0, 0, 80;
    %jmp T_88.87;
T_88.87 ;
    %pop/vec4 1;
T_88.0 ;
    %jmp T_88;
    .thread T_88, $push;
    .scope S_0x55ab8cc7e330;
T_89 ;
    %wait E_0x55ab8c67a680;
    %pushi/vec4 0, 0, 32; draw_string_vec4
    %pushi/vec4 0, 0, 32; draw_string_vec4
    %concat/vec4; draw_string_vec4
    %pushi/vec4 45, 0, 16; draw_string_vec4
    %concat/vec4; draw_string_vec4
    %store/vec4 v0x55ab8c969260_0, 0, 80;
    %pushi/vec4 0, 0, 32; draw_string_vec4
    %pushi/vec4 0, 0, 32; draw_string_vec4
    %concat/vec4; draw_string_vec4
    %pushi/vec4 45, 0, 16; draw_string_vec4
    %concat/vec4; draw_string_vec4
    %store/vec4 v0x55ab8c968e10_0, 0, 80;
    %pushi/vec4 0, 0, 32; draw_string_vec4
    %pushi/vec4 0, 0, 32; draw_string_vec4
    %concat/vec4; draw_string_vec4
    %pushi/vec4 45, 0, 16; draw_string_vec4
    %concat/vec4; draw_string_vec4
    %store/vec4 v0x55ab8c9690f0_0, 0, 80;
    %pushi/vec4 0, 0, 32; draw_string_vec4
    %pushi/vec4 0, 0, 32; draw_string_vec4
    %concat/vec4; draw_string_vec4
    %pushi/vec4 45, 0, 16; draw_string_vec4
    %concat/vec4; draw_string_vec4
    %store/vec4 v0x55ab8c9693d0_0, 0, 80;
    %load/vec4 v0x55ab8c9c8160_0;
    %flag_set/vec4 8;
    %jmp/0xz  T_89.0, 8;
    %load/vec4 v0x55ab8c96a7f0_0;
    %store/vec4 v0x55ab8c969ab0_0, 0, 5;
    %callf/vec4 TD_tb_top.trace_inst_1.get_regname_str, S_0x55ab8cc7fd00;
    %store/vec4 v0x55ab8c968e10_0, 0, 80;
    %load/vec4 v0x55ab8c96a230_0;
    %store/vec4 v0x55ab8c969ab0_0, 0, 5;
    %callf/vec4 TD_tb_top.trace_inst_1.get_regname_str, S_0x55ab8cc7fd00;
    %store/vec4 v0x55ab8c9690f0_0, 0, 80;
    %load/vec4 v0x55ab8c969540_0;
    %store/vec4 v0x55ab8c969ab0_0, 0, 5;
    %callf/vec4 TD_tb_top.trace_inst_1.get_regname_str, S_0x55ab8cc7fd00;
    %store/vec4 v0x55ab8c9693d0_0, 0, 80;
    %pushi/vec4 1, 0, 1;
    %dup/vec4;
    %load/vec4 v0x55ab8c96a3a0_0;
    %pushi/vec4 28799, 0, 32;
    %and;
    %pushi/vec4 28691, 0, 32;
    %cmp/e;
    %flag_get/vec4 4;
    %cmp/u;
    %jmp/1 T_89.2, 6;
    %dup/vec4;
    %load/vec4 v0x55ab8c96a3a0_0;
    %pushi/vec4 28799, 0, 32;
    %and;
    %pushi/vec4 19, 0, 32;
    %cmp/e;
    %flag_get/vec4 4;
    %cmp/u;
    %jmp/1 T_89.3, 6;
    %dup/vec4;
    %load/vec4 v0x55ab8c96a3a0_0;
    %pushi/vec4 28799, 0, 32;
    %and;
    %pushi/vec4 8211, 0, 32;
    %cmp/e;
    %flag_get/vec4 4;
    %cmp/u;
    %jmp/1 T_89.4, 6;
    %dup/vec4;
    %load/vec4 v0x55ab8c96a3a0_0;
    %pushi/vec4 28799, 0, 32;
    %and;
    %pushi/vec4 12307, 0, 32;
    %cmp/e;
    %flag_get/vec4 4;
    %cmp/u;
    %jmp/1 T_89.5, 6;
    %dup/vec4;
    %load/vec4 v0x55ab8c96a3a0_0;
    %pushi/vec4 28799, 0, 32;
    %and;
    %pushi/vec4 24595, 0, 32;
    %cmp/e;
    %flag_get/vec4 4;
    %cmp/u;
    %jmp/1 T_89.6, 6;
    %dup/vec4;
    %load/vec4 v0x55ab8c96a3a0_0;
    %pushi/vec4 28799, 0, 32;
    %and;
    %pushi/vec4 16403, 0, 32;
    %cmp/e;
    %flag_get/vec4 4;
    %cmp/u;
    %jmp/1 T_89.7, 6;
    %dup/vec4;
    %load/vec4 v0x55ab8c96a3a0_0;
    %pushi/vec4 4227887231, 0, 32;
    %and;
    %pushi/vec4 4115, 0, 32;
    %cmp/e;
    %flag_get/vec4 4;
    %cmp/u;
    %jmp/1 T_89.8, 6;
    %dup/vec4;
    %load/vec4 v0x55ab8c96a3a0_0;
    %pushi/vec4 4227887231, 0, 32;
    %and;
    %pushi/vec4 20499, 0, 32;
    %cmp/e;
    %flag_get/vec4 4;
    %cmp/u;
    %jmp/1 T_89.9, 6;
    %dup/vec4;
    %load/vec4 v0x55ab8c96a3a0_0;
    %pushi/vec4 4227887231, 0, 32;
    %and;
    %pushi/vec4 1073762323, 0, 32;
    %cmp/e;
    %flag_get/vec4 4;
    %cmp/u;
    %jmp/1 T_89.10, 6;
    %dup/vec4;
    %load/vec4 v0x55ab8c96a3a0_0;
    %pushi/vec4 127, 0, 32;
    %and;
    %pushi/vec4 55, 0, 32;
    %cmp/e;
    %flag_get/vec4 4;
    %cmp/u;
    %jmp/1 T_89.11, 6;
    %dup/vec4;
    %load/vec4 v0x55ab8c96a3a0_0;
    %pushi/vec4 127, 0, 32;
    %and;
    %pushi/vec4 23, 0, 32;
    %cmp/e;
    %flag_get/vec4 4;
    %cmp/u;
    %jmp/1 T_89.12, 6;
    %dup/vec4;
    %load/vec4 v0x55ab8c96a3a0_0;
    %pushi/vec4 4261441663, 0, 32;
    %and;
    %pushi/vec4 51, 0, 32;
    %cmp/e;
    %flag_get/vec4 4;
    %cmp/u;
    %jmp/1 T_89.13, 6;
    %dup/vec4;
    %load/vec4 v0x55ab8c96a3a0_0;
    %pushi/vec4 4261441663, 0, 32;
    %and;
    %pushi/vec4 1073741875, 0, 32;
    %cmp/e;
    %flag_get/vec4 4;
    %cmp/u;
    %jmp/1 T_89.14, 6;
    %dup/vec4;
    %load/vec4 v0x55ab8c96a3a0_0;
    %pushi/vec4 4261441663, 0, 32;
    %and;
    %pushi/vec4 8243, 0, 32;
    %cmp/e;
    %flag_get/vec4 4;
    %cmp/u;
    %jmp/1 T_89.15, 6;
    %dup/vec4;
    %load/vec4 v0x55ab8c96a3a0_0;
    %pushi/vec4 4261441663, 0, 32;
    %and;
    %pushi/vec4 12339, 0, 32;
    %cmp/e;
    %flag_get/vec4 4;
    %cmp/u;
    %jmp/1 T_89.16, 6;
    %dup/vec4;
    %load/vec4 v0x55ab8c96a3a0_0;
    %pushi/vec4 4261441663, 0, 32;
    %and;
    %pushi/vec4 16435, 0, 32;
    %cmp/e;
    %flag_get/vec4 4;
    %cmp/u;
    %jmp/1 T_89.17, 6;
    %dup/vec4;
    %load/vec4 v0x55ab8c96a3a0_0;
    %pushi/vec4 4261441663, 0, 32;
    %and;
    %pushi/vec4 24627, 0, 32;
    %cmp/e;
    %flag_get/vec4 4;
    %cmp/u;
    %jmp/1 T_89.18, 6;
    %dup/vec4;
    %load/vec4 v0x55ab8c96a3a0_0;
    %pushi/vec4 4261441663, 0, 32;
    %and;
    %pushi/vec4 28723, 0, 32;
    %cmp/e;
    %flag_get/vec4 4;
    %cmp/u;
    %jmp/1 T_89.19, 6;
    %dup/vec4;
    %load/vec4 v0x55ab8c96a3a0_0;
    %pushi/vec4 4261441663, 0, 32;
    %and;
    %pushi/vec4 4147, 0, 32;
    %cmp/e;
    %flag_get/vec4 4;
    %cmp/u;
    %jmp/1 T_89.20, 6;
    %dup/vec4;
    %load/vec4 v0x55ab8c96a3a0_0;
    %pushi/vec4 4261441663, 0, 32;
    %and;
    %pushi/vec4 20531, 0, 32;
    %cmp/e;
    %flag_get/vec4 4;
    %cmp/u;
    %jmp/1 T_89.21, 6;
    %dup/vec4;
    %load/vec4 v0x55ab8c96a3a0_0;
    %pushi/vec4 4261441663, 0, 32;
    %and;
    %pushi/vec4 1073762355, 0, 32;
    %cmp/e;
    %flag_get/vec4 4;
    %cmp/u;
    %jmp/1 T_89.22, 6;
    %dup/vec4;
    %load/vec4 v0x55ab8c96a3a0_0;
    %pushi/vec4 127, 0, 32;
    %and;
    %pushi/vec4 111, 0, 32;
    %cmp/e;
    %flag_get/vec4 4;
    %cmp/u;
    %jmp/1 T_89.23, 6;
    %dup/vec4;
    %load/vec4 v0x55ab8c96a3a0_0;
    %pushi/vec4 28799, 0, 32;
    %and;
    %pushi/vec4 103, 0, 32;
    %cmp/e;
    %flag_get/vec4 4;
    %cmp/u;
    %jmp/1 T_89.24, 6;
    %dup/vec4;
    %load/vec4 v0x55ab8c96a3a0_0;
    %pushi/vec4 28799, 0, 32;
    %and;
    %pushi/vec4 99, 0, 32;
    %cmp/e;
    %flag_get/vec4 4;
    %cmp/u;
    %jmp/1 T_89.25, 6;
    %dup/vec4;
    %load/vec4 v0x55ab8c96a3a0_0;
    %pushi/vec4 28799, 0, 32;
    %and;
    %pushi/vec4 4195, 0, 32;
    %cmp/e;
    %flag_get/vec4 4;
    %cmp/u;
    %jmp/1 T_89.26, 6;
    %dup/vec4;
    %load/vec4 v0x55ab8c96a3a0_0;
    %pushi/vec4 28799, 0, 32;
    %and;
    %pushi/vec4 16483, 0, 32;
    %cmp/e;
    %flag_get/vec4 4;
    %cmp/u;
    %jmp/1 T_89.27, 6;
    %dup/vec4;
    %load/vec4 v0x55ab8c96a3a0_0;
    %pushi/vec4 28799, 0, 32;
    %and;
    %pushi/vec4 20579, 0, 32;
    %cmp/e;
    %flag_get/vec4 4;
    %cmp/u;
    %jmp/1 T_89.28, 6;
    %dup/vec4;
    %load/vec4 v0x55ab8c96a3a0_0;
    %pushi/vec4 28799, 0, 32;
    %and;
    %pushi/vec4 24675, 0, 32;
    %cmp/e;
    %flag_get/vec4 4;
    %cmp/u;
    %jmp/1 T_89.29, 6;
    %dup/vec4;
    %load/vec4 v0x55ab8c96a3a0_0;
    %pushi/vec4 28799, 0, 32;
    %and;
    %pushi/vec4 28771, 0, 32;
    %cmp/e;
    %flag_get/vec4 4;
    %cmp/u;
    %jmp/1 T_89.30, 6;
    %dup/vec4;
    %load/vec4 v0x55ab8c96a3a0_0;
    %pushi/vec4 28799, 0, 32;
    %and;
    %pushi/vec4 3, 0, 32;
    %cmp/e;
    %flag_get/vec4 4;
    %cmp/u;
    %jmp/1 T_89.31, 6;
    %dup/vec4;
    %load/vec4 v0x55ab8c96a3a0_0;
    %pushi/vec4 28799, 0, 32;
    %and;
    %pushi/vec4 4099, 0, 32;
    %cmp/e;
    %flag_get/vec4 4;
    %cmp/u;
    %jmp/1 T_89.32, 6;
    %dup/vec4;
    %load/vec4 v0x55ab8c96a3a0_0;
    %pushi/vec4 28799, 0, 32;
    %and;
    %pushi/vec4 8195, 0, 32;
    %cmp/e;
    %flag_get/vec4 4;
    %cmp/u;
    %jmp/1 T_89.33, 6;
    %dup/vec4;
    %load/vec4 v0x55ab8c96a3a0_0;
    %pushi/vec4 28799, 0, 32;
    %and;
    %pushi/vec4 16387, 0, 32;
    %cmp/e;
    %flag_get/vec4 4;
    %cmp/u;
    %jmp/1 T_89.34, 6;
    %dup/vec4;
    %load/vec4 v0x55ab8c96a3a0_0;
    %pushi/vec4 28799, 0, 32;
    %and;
    %pushi/vec4 20483, 0, 32;
    %cmp/e;
    %flag_get/vec4 4;
    %cmp/u;
    %jmp/1 T_89.35, 6;
    %dup/vec4;
    %load/vec4 v0x55ab8c96a3a0_0;
    %pushi/vec4 28799, 0, 32;
    %and;
    %pushi/vec4 24579, 0, 32;
    %cmp/e;
    %flag_get/vec4 4;
    %cmp/u;
    %jmp/1 T_89.36, 6;
    %dup/vec4;
    %load/vec4 v0x55ab8c96a3a0_0;
    %pushi/vec4 28799, 0, 32;
    %and;
    %pushi/vec4 35, 0, 32;
    %cmp/e;
    %flag_get/vec4 4;
    %cmp/u;
    %jmp/1 T_89.37, 6;
    %dup/vec4;
    %load/vec4 v0x55ab8c96a3a0_0;
    %pushi/vec4 28799, 0, 32;
    %and;
    %pushi/vec4 4131, 0, 32;
    %cmp/e;
    %flag_get/vec4 4;
    %cmp/u;
    %jmp/1 T_89.38, 6;
    %dup/vec4;
    %load/vec4 v0x55ab8c96a3a0_0;
    %pushi/vec4 28799, 0, 32;
    %and;
    %pushi/vec4 8227, 0, 32;
    %cmp/e;
    %flag_get/vec4 4;
    %cmp/u;
    %jmp/1 T_89.39, 6;
    %dup/vec4;
    %load/vec4 v0x55ab8c96a3a0_0;
    %pushi/vec4 4294967295, 0, 32;
    %and;
    %pushi/vec4 115, 0, 32;
    %cmp/e;
    %flag_get/vec4 4;
    %cmp/u;
    %jmp/1 T_89.40, 6;
    %dup/vec4;
    %load/vec4 v0x55ab8c96a3a0_0;
    %pushi/vec4 4294967295, 0, 32;
    %and;
    %pushi/vec4 1048691, 0, 32;
    %cmp/e;
    %flag_get/vec4 4;
    %cmp/u;
    %jmp/1 T_89.41, 6;
    %dup/vec4;
    %load/vec4 v0x55ab8c96a3a0_0;
    %pushi/vec4 3489660927, 0, 32;
    %and;
    %pushi/vec4 2097267, 0, 32;
    %cmp/e;
    %flag_get/vec4 4;
    %cmp/u;
    %jmp/1 T_89.42, 6;
    %dup/vec4;
    %load/vec4 v0x55ab8c96a3a0_0;
    %pushi/vec4 28799, 0, 32;
    %and;
    %pushi/vec4 4211, 0, 32;
    %cmp/e;
    %flag_get/vec4 4;
    %cmp/u;
    %jmp/1 T_89.43, 6;
    %dup/vec4;
    %load/vec4 v0x55ab8c96a3a0_0;
    %pushi/vec4 28799, 0, 32;
    %and;
    %pushi/vec4 8307, 0, 32;
    %cmp/e;
    %flag_get/vec4 4;
    %cmp/u;
    %jmp/1 T_89.44, 6;
    %dup/vec4;
    %load/vec4 v0x55ab8c96a3a0_0;
    %pushi/vec4 28799, 0, 32;
    %and;
    %pushi/vec4 12403, 0, 32;
    %cmp/e;
    %flag_get/vec4 4;
    %cmp/u;
    %jmp/1 T_89.45, 6;
    %dup/vec4;
    %load/vec4 v0x55ab8c96a3a0_0;
    %pushi/vec4 28799, 0, 32;
    %and;
    %pushi/vec4 20595, 0, 32;
    %cmp/e;
    %flag_get/vec4 4;
    %cmp/u;
    %jmp/1 T_89.46, 6;
    %dup/vec4;
    %load/vec4 v0x55ab8c96a3a0_0;
    %pushi/vec4 28799, 0, 32;
    %and;
    %pushi/vec4 24691, 0, 32;
    %cmp/e;
    %flag_get/vec4 4;
    %cmp/u;
    %jmp/1 T_89.47, 6;
    %dup/vec4;
    %load/vec4 v0x55ab8c96a3a0_0;
    %pushi/vec4 28799, 0, 32;
    %and;
    %pushi/vec4 28787, 0, 32;
    %cmp/e;
    %flag_get/vec4 4;
    %cmp/u;
    %jmp/1 T_89.48, 6;
    %dup/vec4;
    %load/vec4 v0x55ab8c96a3a0_0;
    %pushi/vec4 4261441663, 0, 32;
    %and;
    %pushi/vec4 33554483, 0, 32;
    %cmp/e;
    %flag_get/vec4 4;
    %cmp/u;
    %jmp/1 T_89.49, 6;
    %dup/vec4;
    %load/vec4 v0x55ab8c96a3a0_0;
    %pushi/vec4 4261441663, 0, 32;
    %and;
    %pushi/vec4 33558579, 0, 32;
    %cmp/e;
    %flag_get/vec4 4;
    %cmp/u;
    %jmp/1 T_89.50, 6;
    %dup/vec4;
    %load/vec4 v0x55ab8c96a3a0_0;
    %pushi/vec4 4261441663, 0, 32;
    %and;
    %pushi/vec4 33562675, 0, 32;
    %cmp/e;
    %flag_get/vec4 4;
    %cmp/u;
    %jmp/1 T_89.51, 6;
    %dup/vec4;
    %load/vec4 v0x55ab8c96a3a0_0;
    %pushi/vec4 4261441663, 0, 32;
    %and;
    %pushi/vec4 33566771, 0, 32;
    %cmp/e;
    %flag_get/vec4 4;
    %cmp/u;
    %jmp/1 T_89.52, 6;
    %dup/vec4;
    %load/vec4 v0x55ab8c96a3a0_0;
    %pushi/vec4 4261441663, 0, 32;
    %and;
    %pushi/vec4 33570867, 0, 32;
    %cmp/e;
    %flag_get/vec4 4;
    %cmp/u;
    %jmp/1 T_89.53, 6;
    %dup/vec4;
    %load/vec4 v0x55ab8c96a3a0_0;
    %pushi/vec4 4261441663, 0, 32;
    %and;
    %pushi/vec4 33574963, 0, 32;
    %cmp/e;
    %flag_get/vec4 4;
    %cmp/u;
    %jmp/1 T_89.54, 6;
    %dup/vec4;
    %load/vec4 v0x55ab8c96a3a0_0;
    %pushi/vec4 4261441663, 0, 32;
    %and;
    %pushi/vec4 33579059, 0, 32;
    %cmp/e;
    %flag_get/vec4 4;
    %cmp/u;
    %jmp/1 T_89.55, 6;
    %dup/vec4;
    %load/vec4 v0x55ab8c96a3a0_0;
    %pushi/vec4 4261441663, 0, 32;
    %and;
    %pushi/vec4 33583155, 0, 32;
    %cmp/e;
    %flag_get/vec4 4;
    %cmp/u;
    %jmp/1 T_89.56, 6;
    %dup/vec4;
    %load/vec4 v0x55ab8c96a3a0_0;
    %pushi/vec4 28799, 0, 32;
    %and;
    %pushi/vec4 4111, 0, 32;
    %cmp/e;
    %flag_get/vec4 4;
    %cmp/u;
    %jmp/1 T_89.57, 6;
    %jmp T_89.58;
T_89.2 ;
    %pushi/vec4 0, 0, 32; draw_string_vec4
    %pushi/vec4 24942, 0, 32; draw_string_vec4
    %concat/vec4; draw_string_vec4
    %pushi/vec4 25705, 0, 16; draw_string_vec4
    %concat/vec4; draw_string_vec4
    %store/vec4 v0x55ab8c969260_0, 0, 80;
    %jmp T_89.58;
T_89.3 ;
    %pushi/vec4 0, 0, 32; draw_string_vec4
    %pushi/vec4 24932, 0, 32; draw_string_vec4
    %concat/vec4; draw_string_vec4
    %pushi/vec4 25705, 0, 16; draw_string_vec4
    %concat/vec4; draw_string_vec4
    %store/vec4 v0x55ab8c969260_0, 0, 80;
    %jmp T_89.58;
T_89.4 ;
    %pushi/vec4 0, 0, 32; draw_string_vec4
    %pushi/vec4 29548, 0, 32; draw_string_vec4
    %concat/vec4; draw_string_vec4
    %pushi/vec4 29801, 0, 16; draw_string_vec4
    %concat/vec4; draw_string_vec4
    %store/vec4 v0x55ab8c969260_0, 0, 80;
    %jmp T_89.58;
T_89.5 ;
    %pushi/vec4 0, 0, 32; draw_string_vec4
    %pushi/vec4 7564404, 0, 32; draw_string_vec4
    %concat/vec4; draw_string_vec4
    %pushi/vec4 26997, 0, 16; draw_string_vec4
    %concat/vec4; draw_string_vec4
    %store/vec4 v0x55ab8c969260_0, 0, 80;
    %jmp T_89.58;
T_89.6 ;
    %pushi/vec4 0, 0, 32; draw_string_vec4
    %pushi/vec4 111, 0, 32; draw_string_vec4
    %concat/vec4; draw_string_vec4
    %pushi/vec4 29289, 0, 16; draw_string_vec4
    %concat/vec4; draw_string_vec4
    %store/vec4 v0x55ab8c969260_0, 0, 80;
    %jmp T_89.58;
T_89.7 ;
    %pushi/vec4 0, 0, 32; draw_string_vec4
    %pushi/vec4 30831, 0, 32; draw_string_vec4
    %concat/vec4; draw_string_vec4
    %pushi/vec4 29289, 0, 16; draw_string_vec4
    %concat/vec4; draw_string_vec4
    %store/vec4 v0x55ab8c969260_0, 0, 80;
    %jmp T_89.58;
T_89.8 ;
    %pushi/vec4 0, 0, 32; draw_string_vec4
    %pushi/vec4 29548, 0, 32; draw_string_vec4
    %concat/vec4; draw_string_vec4
    %pushi/vec4 27753, 0, 16; draw_string_vec4
    %concat/vec4; draw_string_vec4
    %store/vec4 v0x55ab8c969260_0, 0, 80;
    %jmp T_89.58;
T_89.9 ;
    %pushi/vec4 0, 0, 32; draw_string_vec4
    %pushi/vec4 29554, 0, 32; draw_string_vec4
    %concat/vec4; draw_string_vec4
    %pushi/vec4 27753, 0, 16; draw_string_vec4
    %concat/vec4; draw_string_vec4
    %store/vec4 v0x55ab8c969260_0, 0, 80;
    %jmp T_89.58;
T_89.10 ;
    %pushi/vec4 0, 0, 32; draw_string_vec4
    %pushi/vec4 29554, 0, 32; draw_string_vec4
    %concat/vec4; draw_string_vec4
    %pushi/vec4 24937, 0, 16; draw_string_vec4
    %concat/vec4; draw_string_vec4
    %store/vec4 v0x55ab8c969260_0, 0, 80;
    %jmp T_89.58;
T_89.11 ;
    %pushi/vec4 0, 0, 32; draw_string_vec4
    %pushi/vec4 108, 0, 32; draw_string_vec4
    %concat/vec4; draw_string_vec4
    %pushi/vec4 30057, 0, 16; draw_string_vec4
    %concat/vec4; draw_string_vec4
    %store/vec4 v0x55ab8c969260_0, 0, 80;
    %jmp T_89.58;
T_89.12 ;
    %pushi/vec4 0, 0, 32; draw_string_vec4
    %pushi/vec4 6387049, 0, 32; draw_string_vec4
    %concat/vec4; draw_string_vec4
    %pushi/vec4 28771, 0, 16; draw_string_vec4
    %concat/vec4; draw_string_vec4
    %store/vec4 v0x55ab8c969260_0, 0, 80;
    %jmp T_89.58;
T_89.13 ;
    %pushi/vec4 0, 0, 32; draw_string_vec4
    %pushi/vec4 97, 0, 32; draw_string_vec4
    %concat/vec4; draw_string_vec4
    %pushi/vec4 25700, 0, 16; draw_string_vec4
    %concat/vec4; draw_string_vec4
    %store/vec4 v0x55ab8c969260_0, 0, 80;
    %jmp T_89.58;
T_89.14 ;
    %pushi/vec4 0, 0, 32; draw_string_vec4
    %pushi/vec4 115, 0, 32; draw_string_vec4
    %concat/vec4; draw_string_vec4
    %pushi/vec4 30050, 0, 16; draw_string_vec4
    %concat/vec4; draw_string_vec4
    %store/vec4 v0x55ab8c969260_0, 0, 80;
    %jmp T_89.58;
T_89.15 ;
    %pushi/vec4 0, 0, 32; draw_string_vec4
    %pushi/vec4 115, 0, 32; draw_string_vec4
    %concat/vec4; draw_string_vec4
    %pushi/vec4 27764, 0, 16; draw_string_vec4
    %concat/vec4; draw_string_vec4
    %store/vec4 v0x55ab8c969260_0, 0, 80;
    %jmp T_89.58;
T_89.16 ;
    %pushi/vec4 0, 0, 32; draw_string_vec4
    %pushi/vec4 29548, 0, 32; draw_string_vec4
    %concat/vec4; draw_string_vec4
    %pushi/vec4 29813, 0, 16; draw_string_vec4
    %concat/vec4; draw_string_vec4
    %store/vec4 v0x55ab8c969260_0, 0, 80;
    %jmp T_89.58;
T_89.17 ;
    %pushi/vec4 0, 0, 32; draw_string_vec4
    %pushi/vec4 120, 0, 32; draw_string_vec4
    %concat/vec4; draw_string_vec4
    %pushi/vec4 28530, 0, 16; draw_string_vec4
    %concat/vec4; draw_string_vec4
    %store/vec4 v0x55ab8c969260_0, 0, 80;
    %jmp T_89.58;
T_89.18 ;
    %pushi/vec4 0, 0, 32; draw_string_vec4
    %pushi/vec4 0, 0, 32; draw_string_vec4
    %concat/vec4; draw_string_vec4
    %pushi/vec4 28530, 0, 16; draw_string_vec4
    %concat/vec4; draw_string_vec4
    %store/vec4 v0x55ab8c969260_0, 0, 80;
    %jmp T_89.58;
T_89.19 ;
    %pushi/vec4 0, 0, 32; draw_string_vec4
    %pushi/vec4 97, 0, 32; draw_string_vec4
    %concat/vec4; draw_string_vec4
    %pushi/vec4 28260, 0, 16; draw_string_vec4
    %concat/vec4; draw_string_vec4
    %store/vec4 v0x55ab8c969260_0, 0, 80;
    %jmp T_89.58;
T_89.20 ;
    %pushi/vec4 0, 0, 32; draw_string_vec4
    %pushi/vec4 115, 0, 32; draw_string_vec4
    %concat/vec4; draw_string_vec4
    %pushi/vec4 27756, 0, 16; draw_string_vec4
    %concat/vec4; draw_string_vec4
    %store/vec4 v0x55ab8c969260_0, 0, 80;
    %jmp T_89.58;
T_89.21 ;
    %pushi/vec4 0, 0, 32; draw_string_vec4
    %pushi/vec4 115, 0, 32; draw_string_vec4
    %concat/vec4; draw_string_vec4
    %pushi/vec4 29292, 0, 16; draw_string_vec4
    %concat/vec4; draw_string_vec4
    %store/vec4 v0x55ab8c969260_0, 0, 80;
    %jmp T_89.58;
T_89.22 ;
    %pushi/vec4 0, 0, 32; draw_string_vec4
    %pushi/vec4 115, 0, 32; draw_string_vec4
    %concat/vec4; draw_string_vec4
    %pushi/vec4 29281, 0, 16; draw_string_vec4
    %concat/vec4; draw_string_vec4
    %store/vec4 v0x55ab8c969260_0, 0, 80;
    %jmp T_89.58;
T_89.23 ;
    %pushi/vec4 0, 0, 32; draw_string_vec4
    %pushi/vec4 106, 0, 32; draw_string_vec4
    %concat/vec4; draw_string_vec4
    %pushi/vec4 24940, 0, 16; draw_string_vec4
    %concat/vec4; draw_string_vec4
    %store/vec4 v0x55ab8c969260_0, 0, 80;
    %jmp T_89.58;
T_89.24 ;
    %pushi/vec4 0, 0, 32; draw_string_vec4
    %pushi/vec4 27233, 0, 32; draw_string_vec4
    %concat/vec4; draw_string_vec4
    %pushi/vec4 27762, 0, 16; draw_string_vec4
    %concat/vec4; draw_string_vec4
    %store/vec4 v0x55ab8c969260_0, 0, 80;
    %jmp T_89.58;
T_89.25 ;
    %pushi/vec4 0, 0, 32; draw_string_vec4
    %pushi/vec4 98, 0, 32; draw_string_vec4
    %concat/vec4; draw_string_vec4
    %pushi/vec4 25969, 0, 16; draw_string_vec4
    %concat/vec4; draw_string_vec4
    %store/vec4 v0x55ab8c969260_0, 0, 80;
    %jmp T_89.58;
T_89.26 ;
    %pushi/vec4 0, 0, 32; draw_string_vec4
    %pushi/vec4 98, 0, 32; draw_string_vec4
    %concat/vec4; draw_string_vec4
    %pushi/vec4 28261, 0, 16; draw_string_vec4
    %concat/vec4; draw_string_vec4
    %store/vec4 v0x55ab8c969260_0, 0, 80;
    %jmp T_89.58;
T_89.27 ;
    %pushi/vec4 0, 0, 32; draw_string_vec4
    %pushi/vec4 98, 0, 32; draw_string_vec4
    %concat/vec4; draw_string_vec4
    %pushi/vec4 27764, 0, 16; draw_string_vec4
    %concat/vec4; draw_string_vec4
    %store/vec4 v0x55ab8c969260_0, 0, 80;
    %jmp T_89.58;
T_89.28 ;
    %pushi/vec4 0, 0, 32; draw_string_vec4
    %pushi/vec4 98, 0, 32; draw_string_vec4
    %concat/vec4; draw_string_vec4
    %pushi/vec4 26469, 0, 16; draw_string_vec4
    %concat/vec4; draw_string_vec4
    %store/vec4 v0x55ab8c969260_0, 0, 80;
    %jmp T_89.58;
T_89.29 ;
    %pushi/vec4 0, 0, 32; draw_string_vec4
    %pushi/vec4 25196, 0, 32; draw_string_vec4
    %concat/vec4; draw_string_vec4
    %pushi/vec4 29813, 0, 16; draw_string_vec4
    %concat/vec4; draw_string_vec4
    %store/vec4 v0x55ab8c969260_0, 0, 80;
    %jmp T_89.58;
T_89.30 ;
    %pushi/vec4 0, 0, 32; draw_string_vec4
    %pushi/vec4 25191, 0, 32; draw_string_vec4
    %concat/vec4; draw_string_vec4
    %pushi/vec4 25973, 0, 16; draw_string_vec4
    %concat/vec4; draw_string_vec4
    %store/vec4 v0x55ab8c969260_0, 0, 80;
    %jmp T_89.58;
T_89.31 ;
    %pushi/vec4 0, 0, 32; draw_string_vec4
    %pushi/vec4 0, 0, 32; draw_string_vec4
    %concat/vec4; draw_string_vec4
    %pushi/vec4 27746, 0, 16; draw_string_vec4
    %concat/vec4; draw_string_vec4
    %store/vec4 v0x55ab8c969260_0, 0, 80;
    %jmp T_89.58;
T_89.32 ;
    %pushi/vec4 0, 0, 32; draw_string_vec4
    %pushi/vec4 0, 0, 32; draw_string_vec4
    %concat/vec4; draw_string_vec4
    %pushi/vec4 27752, 0, 16; draw_string_vec4
    %concat/vec4; draw_string_vec4
    %store/vec4 v0x55ab8c969260_0, 0, 80;
    %jmp T_89.58;
T_89.33 ;
    %pushi/vec4 0, 0, 32; draw_string_vec4
    %pushi/vec4 0, 0, 32; draw_string_vec4
    %concat/vec4; draw_string_vec4
    %pushi/vec4 27767, 0, 16; draw_string_vec4
    %concat/vec4; draw_string_vec4
    %store/vec4 v0x55ab8c969260_0, 0, 80;
    %jmp T_89.58;
T_89.34 ;
    %pushi/vec4 0, 0, 32; draw_string_vec4
    %pushi/vec4 108, 0, 32; draw_string_vec4
    %concat/vec4; draw_string_vec4
    %pushi/vec4 25205, 0, 16; draw_string_vec4
    %concat/vec4; draw_string_vec4
    %store/vec4 v0x55ab8c969260_0, 0, 80;
    %jmp T_89.58;
T_89.35 ;
    %pushi/vec4 0, 0, 32; draw_string_vec4
    %pushi/vec4 108, 0, 32; draw_string_vec4
    %concat/vec4; draw_string_vec4
    %pushi/vec4 26741, 0, 16; draw_string_vec4
    %concat/vec4; draw_string_vec4
    %store/vec4 v0x55ab8c969260_0, 0, 80;
    %jmp T_89.58;
T_89.36 ;
    %pushi/vec4 0, 0, 32; draw_string_vec4
    %pushi/vec4 108, 0, 32; draw_string_vec4
    %concat/vec4; draw_string_vec4
    %pushi/vec4 30581, 0, 16; draw_string_vec4
    %concat/vec4; draw_string_vec4
    %store/vec4 v0x55ab8c969260_0, 0, 80;
    %jmp T_89.58;
T_89.37 ;
    %pushi/vec4 0, 0, 32; draw_string_vec4
    %pushi/vec4 0, 0, 32; draw_string_vec4
    %concat/vec4; draw_string_vec4
    %pushi/vec4 29538, 0, 16; draw_string_vec4
    %concat/vec4; draw_string_vec4
    %store/vec4 v0x55ab8c969260_0, 0, 80;
    %jmp T_89.58;
T_89.38 ;
    %pushi/vec4 0, 0, 32; draw_string_vec4
    %pushi/vec4 0, 0, 32; draw_string_vec4
    %concat/vec4; draw_string_vec4
    %pushi/vec4 29544, 0, 16; draw_string_vec4
    %concat/vec4; draw_string_vec4
    %store/vec4 v0x55ab8c969260_0, 0, 80;
    %jmp T_89.58;
T_89.39 ;
    %pushi/vec4 0, 0, 32; draw_string_vec4
    %pushi/vec4 0, 0, 32; draw_string_vec4
    %concat/vec4; draw_string_vec4
    %pushi/vec4 29559, 0, 16; draw_string_vec4
    %concat/vec4; draw_string_vec4
    %store/vec4 v0x55ab8c969260_0, 0, 80;
    %jmp T_89.58;
T_89.40 ;
    %pushi/vec4 0, 0, 32; draw_string_vec4
    %pushi/vec4 6644577, 0, 32; draw_string_vec4
    %concat/vec4; draw_string_vec4
    %pushi/vec4 27756, 0, 16; draw_string_vec4
    %concat/vec4; draw_string_vec4
    %store/vec4 v0x55ab8c969260_0, 0, 80;
    %jmp T_89.58;
T_89.41 ;
    %pushi/vec4 0, 0, 32; draw_string_vec4
    %pushi/vec4 1700950629, 0, 32; draw_string_vec4
    %concat/vec4; draw_string_vec4
    %pushi/vec4 24939, 0, 16; draw_string_vec4
    %concat/vec4; draw_string_vec4
    %store/vec4 v0x55ab8c969260_0, 0, 80;
    %jmp T_89.58;
T_89.42 ;
    %pushi/vec4 0, 0, 32; draw_string_vec4
    %pushi/vec4 25970, 0, 32; draw_string_vec4
    %concat/vec4; draw_string_vec4
    %pushi/vec4 25972, 0, 16; draw_string_vec4
    %concat/vec4; draw_string_vec4
    %store/vec4 v0x55ab8c969260_0, 0, 80;
    %jmp T_89.58;
T_89.43 ;
    %pushi/vec4 0, 0, 32; draw_string_vec4
    %pushi/vec4 6517618, 0, 32; draw_string_vec4
    %concat/vec4; draw_string_vec4
    %pushi/vec4 29303, 0, 16; draw_string_vec4
    %concat/vec4; draw_string_vec4
    %store/vec4 v0x55ab8c969260_0, 0, 80;
    %jmp T_89.58;
T_89.44 ;
    %pushi/vec4 0, 0, 32; draw_string_vec4
    %pushi/vec4 6517618, 0, 32; draw_string_vec4
    %concat/vec4; draw_string_vec4
    %pushi/vec4 29299, 0, 16; draw_string_vec4
    %concat/vec4; draw_string_vec4
    %store/vec4 v0x55ab8c969260_0, 0, 80;
    %jmp T_89.58;
T_89.45 ;
    %pushi/vec4 0, 0, 32; draw_string_vec4
    %pushi/vec4 6517618, 0, 32; draw_string_vec4
    %concat/vec4; draw_string_vec4
    %pushi/vec4 29283, 0, 16; draw_string_vec4
    %concat/vec4; draw_string_vec4
    %store/vec4 v0x55ab8c969260_0, 0, 80;
    %jmp T_89.58;
T_89.46 ;
    %pushi/vec4 0, 0, 32; draw_string_vec4
    %pushi/vec4 1668510322, 0, 32; draw_string_vec4
    %concat/vec4; draw_string_vec4
    %pushi/vec4 30569, 0, 16; draw_string_vec4
    %concat/vec4; draw_string_vec4
    %store/vec4 v0x55ab8c969260_0, 0, 80;
    %jmp T_89.58;
T_89.47 ;
    %pushi/vec4 0, 0, 32; draw_string_vec4
    %pushi/vec4 1668510322, 0, 32; draw_string_vec4
    %concat/vec4; draw_string_vec4
    %pushi/vec4 29545, 0, 16; draw_string_vec4
    %concat/vec4; draw_string_vec4
    %store/vec4 v0x55ab8c969260_0, 0, 80;
    %jmp T_89.58;
T_89.48 ;
    %pushi/vec4 0, 0, 32; draw_string_vec4
    %pushi/vec4 1668510322, 0, 32; draw_string_vec4
    %concat/vec4; draw_string_vec4
    %pushi/vec4 25449, 0, 16; draw_string_vec4
    %concat/vec4; draw_string_vec4
    %store/vec4 v0x55ab8c969260_0, 0, 80;
    %jmp T_89.58;
T_89.49 ;
    %pushi/vec4 0, 0, 32; draw_string_vec4
    %pushi/vec4 109, 0, 32; draw_string_vec4
    %concat/vec4; draw_string_vec4
    %pushi/vec4 30060, 0, 16; draw_string_vec4
    %concat/vec4; draw_string_vec4
    %store/vec4 v0x55ab8c969260_0, 0, 80;
    %jmp T_89.58;
T_89.50 ;
    %pushi/vec4 0, 0, 32; draw_string_vec4
    %pushi/vec4 28021, 0, 32; draw_string_vec4
    %concat/vec4; draw_string_vec4
    %pushi/vec4 27752, 0, 16; draw_string_vec4
    %concat/vec4; draw_string_vec4
    %store/vec4 v0x55ab8c969260_0, 0, 80;
    %jmp T_89.58;
T_89.51 ;
    %pushi/vec4 0, 0, 32; draw_string_vec4
    %pushi/vec4 1836412008, 0, 32; draw_string_vec4
    %concat/vec4; draw_string_vec4
    %pushi/vec4 29557, 0, 16; draw_string_vec4
    %concat/vec4; draw_string_vec4
    %store/vec4 v0x55ab8c969260_0, 0, 80;
    %jmp T_89.58;
T_89.52 ;
    %pushi/vec4 0, 0, 32; draw_string_vec4
    %pushi/vec4 7173484, 0, 32; draw_string_vec4
    %concat/vec4; draw_string_vec4
    %pushi/vec4 26741, 0, 16; draw_string_vec4
    %concat/vec4; draw_string_vec4
    %store/vec4 v0x55ab8c969260_0, 0, 80;
    %jmp T_89.58;
T_89.53 ;
    %pushi/vec4 0, 0, 32; draw_string_vec4
    %pushi/vec4 100, 0, 32; draw_string_vec4
    %concat/vec4; draw_string_vec4
    %pushi/vec4 26998, 0, 16; draw_string_vec4
    %concat/vec4; draw_string_vec4
    %store/vec4 v0x55ab8c969260_0, 0, 80;
    %jmp T_89.58;
T_89.54 ;
    %pushi/vec4 0, 0, 32; draw_string_vec4
    %pushi/vec4 25705, 0, 32; draw_string_vec4
    %concat/vec4; draw_string_vec4
    %pushi/vec4 30325, 0, 16; draw_string_vec4
    %concat/vec4; draw_string_vec4
    %store/vec4 v0x55ab8c969260_0, 0, 80;
    %jmp T_89.58;
T_89.55 ;
    %pushi/vec4 0, 0, 32; draw_string_vec4
    %pushi/vec4 114, 0, 32; draw_string_vec4
    %concat/vec4; draw_string_vec4
    %pushi/vec4 25965, 0, 16; draw_string_vec4
    %concat/vec4; draw_string_vec4
    %store/vec4 v0x55ab8c969260_0, 0, 80;
    %jmp T_89.58;
T_89.56 ;
    %pushi/vec4 0, 0, 32; draw_string_vec4
    %pushi/vec4 29285, 0, 32; draw_string_vec4
    %concat/vec4; draw_string_vec4
    %pushi/vec4 28021, 0, 16; draw_string_vec4
    %concat/vec4; draw_string_vec4
    %store/vec4 v0x55ab8c969260_0, 0, 80;
    %jmp T_89.58;
T_89.57 ;
    %pushi/vec4 102, 0, 32; draw_string_vec4
    %pushi/vec4 1701733221, 0, 32; draw_string_vec4
    %concat/vec4; draw_string_vec4
    %pushi/vec4 11881, 0, 16; draw_string_vec4
    %concat/vec4; draw_string_vec4
    %store/vec4 v0x55ab8c969260_0, 0, 80;
    %jmp T_89.58;
T_89.58 ;
    %pop/vec4 1;
    %pushi/vec4 1, 0, 1;
    %dup/vec4;
    %load/vec4 v0x55ab8c96a3a0_0;
    %pushi/vec4 28799, 0, 32;
    %and;
    %pushi/vec4 19, 0, 32;
    %cmp/e;
    %flag_get/vec4 4;
    %cmp/u;
    %jmp/1 T_89.59, 6;
    %dup/vec4;
    %load/vec4 v0x55ab8c96a3a0_0;
    %pushi/vec4 28799, 0, 32;
    %and;
    %pushi/vec4 28691, 0, 32;
    %cmp/e;
    %flag_get/vec4 4;
    %cmp/u;
    %jmp/1 T_89.60, 6;
    %dup/vec4;
    %load/vec4 v0x55ab8c96a3a0_0;
    %pushi/vec4 28799, 0, 32;
    %and;
    %pushi/vec4 8211, 0, 32;
    %cmp/e;
    %flag_get/vec4 4;
    %cmp/u;
    %jmp/1 T_89.61, 6;
    %dup/vec4;
    %load/vec4 v0x55ab8c96a3a0_0;
    %pushi/vec4 28799, 0, 32;
    %and;
    %pushi/vec4 12307, 0, 32;
    %cmp/e;
    %flag_get/vec4 4;
    %cmp/u;
    %jmp/1 T_89.62, 6;
    %dup/vec4;
    %load/vec4 v0x55ab8c96a3a0_0;
    %pushi/vec4 28799, 0, 32;
    %and;
    %pushi/vec4 24595, 0, 32;
    %cmp/e;
    %flag_get/vec4 4;
    %cmp/u;
    %jmp/1 T_89.63, 6;
    %dup/vec4;
    %load/vec4 v0x55ab8c96a3a0_0;
    %pushi/vec4 28799, 0, 32;
    %and;
    %pushi/vec4 16403, 0, 32;
    %cmp/e;
    %flag_get/vec4 4;
    %cmp/u;
    %jmp/1 T_89.64, 6;
    %dup/vec4;
    %load/vec4 v0x55ab8c96a3a0_0;
    %pushi/vec4 28799, 0, 32;
    %and;
    %pushi/vec4 4211, 0, 32;
    %cmp/e;
    %flag_get/vec4 4;
    %cmp/u;
    %jmp/1 T_89.65, 6;
    %dup/vec4;
    %load/vec4 v0x55ab8c96a3a0_0;
    %pushi/vec4 28799, 0, 32;
    %and;
    %pushi/vec4 8307, 0, 32;
    %cmp/e;
    %flag_get/vec4 4;
    %cmp/u;
    %jmp/1 T_89.66, 6;
    %dup/vec4;
    %load/vec4 v0x55ab8c96a3a0_0;
    %pushi/vec4 28799, 0, 32;
    %and;
    %pushi/vec4 12403, 0, 32;
    %cmp/e;
    %flag_get/vec4 4;
    %cmp/u;
    %jmp/1 T_89.67, 6;
    %dup/vec4;
    %load/vec4 v0x55ab8c96a3a0_0;
    %pushi/vec4 28799, 0, 32;
    %and;
    %pushi/vec4 20595, 0, 32;
    %cmp/e;
    %flag_get/vec4 4;
    %cmp/u;
    %jmp/1 T_89.68, 6;
    %dup/vec4;
    %load/vec4 v0x55ab8c96a3a0_0;
    %pushi/vec4 28799, 0, 32;
    %and;
    %pushi/vec4 24691, 0, 32;
    %cmp/e;
    %flag_get/vec4 4;
    %cmp/u;
    %jmp/1 T_89.69, 6;
    %dup/vec4;
    %load/vec4 v0x55ab8c96a3a0_0;
    %pushi/vec4 28799, 0, 32;
    %and;
    %pushi/vec4 28787, 0, 32;
    %cmp/e;
    %flag_get/vec4 4;
    %cmp/u;
    %jmp/1 T_89.70, 6;
    %dup/vec4;
    %load/vec4 v0x55ab8c96a3a0_0;
    %pushi/vec4 4227887231, 0, 32;
    %and;
    %pushi/vec4 4115, 0, 32;
    %cmp/e;
    %flag_get/vec4 4;
    %cmp/u;
    %jmp/1 T_89.71, 6;
    %dup/vec4;
    %load/vec4 v0x55ab8c96a3a0_0;
    %pushi/vec4 4227887231, 0, 32;
    %and;
    %pushi/vec4 20499, 0, 32;
    %cmp/e;
    %flag_get/vec4 4;
    %cmp/u;
    %jmp/1 T_89.72, 6;
    %dup/vec4;
    %load/vec4 v0x55ab8c96a3a0_0;
    %pushi/vec4 4227887231, 0, 32;
    %and;
    %pushi/vec4 1073762323, 0, 32;
    %cmp/e;
    %flag_get/vec4 4;
    %cmp/u;
    %jmp/1 T_89.73, 6;
    %dup/vec4;
    %load/vec4 v0x55ab8c96a3a0_0;
    %pushi/vec4 127, 0, 32;
    %and;
    %pushi/vec4 55, 0, 32;
    %cmp/e;
    %flag_get/vec4 4;
    %cmp/u;
    %jmp/1 T_89.74, 6;
    %dup/vec4;
    %load/vec4 v0x55ab8c96a3a0_0;
    %pushi/vec4 127, 0, 32;
    %and;
    %pushi/vec4 23, 0, 32;
    %cmp/e;
    %flag_get/vec4 4;
    %cmp/u;
    %jmp/1 T_89.75, 6;
    %dup/vec4;
    %load/vec4 v0x55ab8c96a3a0_0;
    %pushi/vec4 127, 0, 32;
    %and;
    %pushi/vec4 111, 0, 32;
    %cmp/e;
    %flag_get/vec4 4;
    %cmp/u;
    %jmp/1 T_89.76, 6;
    %dup/vec4;
    %load/vec4 v0x55ab8c96a3a0_0;
    %pushi/vec4 28799, 0, 32;
    %and;
    %pushi/vec4 103, 0, 32;
    %cmp/e;
    %flag_get/vec4 4;
    %cmp/u;
    %jmp/1 T_89.77, 6;
    %dup/vec4;
    %load/vec4 v0x55ab8c96a3a0_0;
    %pushi/vec4 28799, 0, 32;
    %and;
    %pushi/vec4 3, 0, 32;
    %cmp/e;
    %flag_get/vec4 4;
    %cmp/u;
    %jmp/1 T_89.78, 6;
    %dup/vec4;
    %load/vec4 v0x55ab8c96a3a0_0;
    %pushi/vec4 28799, 0, 32;
    %and;
    %pushi/vec4 4099, 0, 32;
    %cmp/e;
    %flag_get/vec4 4;
    %cmp/u;
    %jmp/1 T_89.79, 6;
    %dup/vec4;
    %load/vec4 v0x55ab8c96a3a0_0;
    %pushi/vec4 28799, 0, 32;
    %and;
    %pushi/vec4 8195, 0, 32;
    %cmp/e;
    %flag_get/vec4 4;
    %cmp/u;
    %jmp/1 T_89.80, 6;
    %dup/vec4;
    %load/vec4 v0x55ab8c96a3a0_0;
    %pushi/vec4 28799, 0, 32;
    %and;
    %pushi/vec4 16387, 0, 32;
    %cmp/e;
    %flag_get/vec4 4;
    %cmp/u;
    %jmp/1 T_89.81, 6;
    %dup/vec4;
    %load/vec4 v0x55ab8c96a3a0_0;
    %pushi/vec4 28799, 0, 32;
    %and;
    %pushi/vec4 20483, 0, 32;
    %cmp/e;
    %flag_get/vec4 4;
    %cmp/u;
    %jmp/1 T_89.82, 6;
    %dup/vec4;
    %load/vec4 v0x55ab8c96a3a0_0;
    %pushi/vec4 28799, 0, 32;
    %and;
    %pushi/vec4 24579, 0, 32;
    %cmp/e;
    %flag_get/vec4 4;
    %cmp/u;
    %jmp/1 T_89.83, 6;
    %dup/vec4;
    %load/vec4 v0x55ab8c96a3a0_0;
    %pushi/vec4 28799, 0, 32;
    %and;
    %pushi/vec4 35, 0, 32;
    %cmp/e;
    %flag_get/vec4 4;
    %cmp/u;
    %jmp/1 T_89.84, 6;
    %dup/vec4;
    %load/vec4 v0x55ab8c96a3a0_0;
    %pushi/vec4 28799, 0, 32;
    %and;
    %pushi/vec4 4131, 0, 32;
    %cmp/e;
    %flag_get/vec4 4;
    %cmp/u;
    %jmp/1 T_89.85, 6;
    %dup/vec4;
    %load/vec4 v0x55ab8c96a3a0_0;
    %pushi/vec4 28799, 0, 32;
    %and;
    %pushi/vec4 8227, 0, 32;
    %cmp/e;
    %flag_get/vec4 4;
    %cmp/u;
    %jmp/1 T_89.86, 6;
    %jmp T_89.87;
T_89.59 ;
    %pushi/vec4 0, 0, 32; draw_string_vec4
    %pushi/vec4 0, 0, 32; draw_string_vec4
    %concat/vec4; draw_string_vec4
    %pushi/vec4 45, 0, 16; draw_string_vec4
    %concat/vec4; draw_string_vec4
    %store/vec4 v0x55ab8c9690f0_0, 0, 80;
    %jmp T_89.87;
T_89.60 ;
    %pushi/vec4 0, 0, 32; draw_string_vec4
    %pushi/vec4 0, 0, 32; draw_string_vec4
    %concat/vec4; draw_string_vec4
    %pushi/vec4 45, 0, 16; draw_string_vec4
    %concat/vec4; draw_string_vec4
    %store/vec4 v0x55ab8c9690f0_0, 0, 80;
    %jmp T_89.87;
T_89.61 ;
    %pushi/vec4 0, 0, 32; draw_string_vec4
    %pushi/vec4 0, 0, 32; draw_string_vec4
    %concat/vec4; draw_string_vec4
    %pushi/vec4 45, 0, 16; draw_string_vec4
    %concat/vec4; draw_string_vec4
    %store/vec4 v0x55ab8c9690f0_0, 0, 80;
    %jmp T_89.87;
T_89.62 ;
    %pushi/vec4 0, 0, 32; draw_string_vec4
    %pushi/vec4 0, 0, 32; draw_string_vec4
    %concat/vec4; draw_string_vec4
    %pushi/vec4 45, 0, 16; draw_string_vec4
    %concat/vec4; draw_string_vec4
    %store/vec4 v0x55ab8c9690f0_0, 0, 80;
    %jmp T_89.87;
T_89.63 ;
    %pushi/vec4 0, 0, 32; draw_string_vec4
    %pushi/vec4 0, 0, 32; draw_string_vec4
    %concat/vec4; draw_string_vec4
    %pushi/vec4 45, 0, 16; draw_string_vec4
    %concat/vec4; draw_string_vec4
    %store/vec4 v0x55ab8c9690f0_0, 0, 80;
    %jmp T_89.87;
T_89.64 ;
    %pushi/vec4 0, 0, 32; draw_string_vec4
    %pushi/vec4 0, 0, 32; draw_string_vec4
    %concat/vec4; draw_string_vec4
    %pushi/vec4 45, 0, 16; draw_string_vec4
    %concat/vec4; draw_string_vec4
    %store/vec4 v0x55ab8c9690f0_0, 0, 80;
    %jmp T_89.87;
T_89.65 ;
    %pushi/vec4 0, 0, 32; draw_string_vec4
    %pushi/vec4 0, 0, 32; draw_string_vec4
    %concat/vec4; draw_string_vec4
    %pushi/vec4 45, 0, 16; draw_string_vec4
    %concat/vec4; draw_string_vec4
    %store/vec4 v0x55ab8c9690f0_0, 0, 80;
    %jmp T_89.87;
T_89.66 ;
    %pushi/vec4 0, 0, 32; draw_string_vec4
    %pushi/vec4 0, 0, 32; draw_string_vec4
    %concat/vec4; draw_string_vec4
    %pushi/vec4 45, 0, 16; draw_string_vec4
    %concat/vec4; draw_string_vec4
    %store/vec4 v0x55ab8c9690f0_0, 0, 80;
    %jmp T_89.87;
T_89.67 ;
    %pushi/vec4 0, 0, 32; draw_string_vec4
    %pushi/vec4 0, 0, 32; draw_string_vec4
    %concat/vec4; draw_string_vec4
    %pushi/vec4 45, 0, 16; draw_string_vec4
    %concat/vec4; draw_string_vec4
    %store/vec4 v0x55ab8c9690f0_0, 0, 80;
    %jmp T_89.87;
T_89.68 ;
    %pushi/vec4 0, 0, 32; draw_string_vec4
    %pushi/vec4 0, 0, 32; draw_string_vec4
    %concat/vec4; draw_string_vec4
    %pushi/vec4 45, 0, 16; draw_string_vec4
    %concat/vec4; draw_string_vec4
    %store/vec4 v0x55ab8c9690f0_0, 0, 80;
    %jmp T_89.87;
T_89.69 ;
    %pushi/vec4 0, 0, 32; draw_string_vec4
    %pushi/vec4 0, 0, 32; draw_string_vec4
    %concat/vec4; draw_string_vec4
    %pushi/vec4 45, 0, 16; draw_string_vec4
    %concat/vec4; draw_string_vec4
    %store/vec4 v0x55ab8c9690f0_0, 0, 80;
    %jmp T_89.87;
T_89.70 ;
    %pushi/vec4 0, 0, 32; draw_string_vec4
    %pushi/vec4 0, 0, 32; draw_string_vec4
    %concat/vec4; draw_string_vec4
    %pushi/vec4 45, 0, 16; draw_string_vec4
    %concat/vec4; draw_string_vec4
    %store/vec4 v0x55ab8c9690f0_0, 0, 80;
    %jmp T_89.87;
T_89.71 ;
    %pushi/vec4 0, 0, 32; draw_string_vec4
    %pushi/vec4 0, 0, 32; draw_string_vec4
    %concat/vec4; draw_string_vec4
    %pushi/vec4 45, 0, 16; draw_string_vec4
    %concat/vec4; draw_string_vec4
    %store/vec4 v0x55ab8c9690f0_0, 0, 80;
    %jmp T_89.87;
T_89.72 ;
    %pushi/vec4 0, 0, 32; draw_string_vec4
    %pushi/vec4 0, 0, 32; draw_string_vec4
    %concat/vec4; draw_string_vec4
    %pushi/vec4 45, 0, 16; draw_string_vec4
    %concat/vec4; draw_string_vec4
    %store/vec4 v0x55ab8c9690f0_0, 0, 80;
    %jmp T_89.87;
T_89.73 ;
    %pushi/vec4 0, 0, 32; draw_string_vec4
    %pushi/vec4 0, 0, 32; draw_string_vec4
    %concat/vec4; draw_string_vec4
    %pushi/vec4 45, 0, 16; draw_string_vec4
    %concat/vec4; draw_string_vec4
    %store/vec4 v0x55ab8c9690f0_0, 0, 80;
    %jmp T_89.87;
T_89.74 ;
    %pushi/vec4 0, 0, 32; draw_string_vec4
    %pushi/vec4 0, 0, 32; draw_string_vec4
    %concat/vec4; draw_string_vec4
    %pushi/vec4 45, 0, 16; draw_string_vec4
    %concat/vec4; draw_string_vec4
    %store/vec4 v0x55ab8c968e10_0, 0, 80;
    %pushi/vec4 0, 0, 32; draw_string_vec4
    %pushi/vec4 0, 0, 32; draw_string_vec4
    %concat/vec4; draw_string_vec4
    %pushi/vec4 45, 0, 16; draw_string_vec4
    %concat/vec4; draw_string_vec4
    %store/vec4 v0x55ab8c9690f0_0, 0, 80;
    %jmp T_89.87;
T_89.75 ;
    %pushi/vec4 0, 0, 32; draw_string_vec4
    %pushi/vec4 0, 0, 32; draw_string_vec4
    %concat/vec4; draw_string_vec4
    %pushi/vec4 28771, 0, 16; draw_string_vec4
    %concat/vec4; draw_string_vec4
    %store/vec4 v0x55ab8c968e10_0, 0, 80;
    %pushi/vec4 0, 0, 32; draw_string_vec4
    %pushi/vec4 0, 0, 32; draw_string_vec4
    %concat/vec4; draw_string_vec4
    %pushi/vec4 45, 0, 16; draw_string_vec4
    %concat/vec4; draw_string_vec4
    %store/vec4 v0x55ab8c9690f0_0, 0, 80;
    %jmp T_89.87;
T_89.76 ;
    %pushi/vec4 0, 0, 32; draw_string_vec4
    %pushi/vec4 0, 0, 32; draw_string_vec4
    %concat/vec4; draw_string_vec4
    %pushi/vec4 45, 0, 16; draw_string_vec4
    %concat/vec4; draw_string_vec4
    %store/vec4 v0x55ab8c968e10_0, 0, 80;
    %pushi/vec4 0, 0, 32; draw_string_vec4
    %pushi/vec4 0, 0, 32; draw_string_vec4
    %concat/vec4; draw_string_vec4
    %pushi/vec4 45, 0, 16; draw_string_vec4
    %concat/vec4; draw_string_vec4
    %store/vec4 v0x55ab8c9690f0_0, 0, 80;
    %load/vec4 v0x55ab8c969540_0;
    %cmpi/e 1, 0, 5;
    %jmp/0xz  T_89.88, 4;
    %pushi/vec4 0, 0, 32; draw_string_vec4
    %pushi/vec4 25441, 0, 32; draw_string_vec4
    %concat/vec4; draw_string_vec4
    %pushi/vec4 27756, 0, 16; draw_string_vec4
    %concat/vec4; draw_string_vec4
    %store/vec4 v0x55ab8c969260_0, 0, 80;
T_89.88 ;
    %jmp T_89.87;
T_89.77 ;
    %pushi/vec4 0, 0, 32; draw_string_vec4
    %pushi/vec4 0, 0, 32; draw_string_vec4
    %concat/vec4; draw_string_vec4
    %pushi/vec4 45, 0, 16; draw_string_vec4
    %concat/vec4; draw_string_vec4
    %store/vec4 v0x55ab8c9690f0_0, 0, 80;
    %load/vec4 v0x55ab8c96a7f0_0;
    %cmpi/e 1, 0, 5;
    %flag_get/vec4 4;
    %jmp/0 T_89.92, 4;
    %load/vec4 v0x55ab8c96a3a0_0;
    %parti/s 1, 31, 6;
    %replicate 20;
    %load/vec4 v0x55ab8c96a3a0_0;
    %parti/s 12, 20, 6;
    %concat/vec4; draw_concat_vec4
    %pushi/vec4 0, 0, 32;
    %cmp/e;
    %flag_get/vec4 4;
    %and;
T_89.92;
    %flag_set/vec4 8;
    %jmp/0xz  T_89.90, 8;
    %pushi/vec4 0, 0, 32; draw_string_vec4
    %pushi/vec4 114, 0, 32; draw_string_vec4
    %concat/vec4; draw_string_vec4
    %pushi/vec4 25972, 0, 16; draw_string_vec4
    %concat/vec4; draw_string_vec4
    %store/vec4 v0x55ab8c969260_0, 0, 80;
    %jmp T_89.91;
T_89.90 ;
    %load/vec4 v0x55ab8c969540_0;
    %cmpi/e 1, 0, 5;
    %jmp/0xz  T_89.93, 4;
    %pushi/vec4 25441, 0, 32; draw_string_vec4
    %pushi/vec4 1819025448, 0, 32; draw_string_vec4
    %concat/vec4; draw_string_vec4
    %pushi/vec4 21033, 0, 16; draw_string_vec4
    %concat/vec4; draw_string_vec4
    %store/vec4 v0x55ab8c969260_0, 0, 80;
T_89.93 ;
T_89.91 ;
    %jmp T_89.87;
T_89.78 ;
    %pushi/vec4 0, 0, 32; draw_string_vec4
    %pushi/vec4 0, 0, 32; draw_string_vec4
    %concat/vec4; draw_string_vec4
    %pushi/vec4 45, 0, 16; draw_string_vec4
    %concat/vec4; draw_string_vec4
    %store/vec4 v0x55ab8c9690f0_0, 0, 80;
    %jmp T_89.87;
T_89.79 ;
    %pushi/vec4 0, 0, 32; draw_string_vec4
    %pushi/vec4 0, 0, 32; draw_string_vec4
    %concat/vec4; draw_string_vec4
    %pushi/vec4 45, 0, 16; draw_string_vec4
    %concat/vec4; draw_string_vec4
    %store/vec4 v0x55ab8c9690f0_0, 0, 80;
    %jmp T_89.87;
T_89.80 ;
    %pushi/vec4 0, 0, 32; draw_string_vec4
    %pushi/vec4 0, 0, 32; draw_string_vec4
    %concat/vec4; draw_string_vec4
    %pushi/vec4 45, 0, 16; draw_string_vec4
    %concat/vec4; draw_string_vec4
    %store/vec4 v0x55ab8c9690f0_0, 0, 80;
    %jmp T_89.87;
T_89.81 ;
    %pushi/vec4 0, 0, 32; draw_string_vec4
    %pushi/vec4 0, 0, 32; draw_string_vec4
    %concat/vec4; draw_string_vec4
    %pushi/vec4 45, 0, 16; draw_string_vec4
    %concat/vec4; draw_string_vec4
    %store/vec4 v0x55ab8c9690f0_0, 0, 80;
    %jmp T_89.87;
T_89.82 ;
    %pushi/vec4 0, 0, 32; draw_string_vec4
    %pushi/vec4 0, 0, 32; draw_string_vec4
    %concat/vec4; draw_string_vec4
    %pushi/vec4 45, 0, 16; draw_string_vec4
    %concat/vec4; draw_string_vec4
    %store/vec4 v0x55ab8c9690f0_0, 0, 80;
    %jmp T_89.87;
T_89.83 ;
    %pushi/vec4 0, 0, 32; draw_string_vec4
    %pushi/vec4 0, 0, 32; draw_string_vec4
    %concat/vec4; draw_string_vec4
    %pushi/vec4 45, 0, 16; draw_string_vec4
    %concat/vec4; draw_string_vec4
    %store/vec4 v0x55ab8c9690f0_0, 0, 80;
    %jmp T_89.87;
T_89.84 ;
    %pushi/vec4 0, 0, 32; draw_string_vec4
    %pushi/vec4 0, 0, 32; draw_string_vec4
    %concat/vec4; draw_string_vec4
    %pushi/vec4 45, 0, 16; draw_string_vec4
    %concat/vec4; draw_string_vec4
    %store/vec4 v0x55ab8c9693d0_0, 0, 80;
    %jmp T_89.87;
T_89.85 ;
    %pushi/vec4 0, 0, 32; draw_string_vec4
    %pushi/vec4 0, 0, 32; draw_string_vec4
    %concat/vec4; draw_string_vec4
    %pushi/vec4 45, 0, 16; draw_string_vec4
    %concat/vec4; draw_string_vec4
    %store/vec4 v0x55ab8c9693d0_0, 0, 80;
    %jmp T_89.87;
T_89.86 ;
    %pushi/vec4 0, 0, 32; draw_string_vec4
    %pushi/vec4 0, 0, 32; draw_string_vec4
    %concat/vec4; draw_string_vec4
    %pushi/vec4 45, 0, 16; draw_string_vec4
    %concat/vec4; draw_string_vec4
    %store/vec4 v0x55ab8c9693d0_0, 0, 80;
    %jmp T_89.87;
T_89.87 ;
    %pop/vec4 1;
T_89.0 ;
    %jmp T_89;
    .thread T_89, $push;
    .scope S_0x55ab8cc7bab0;
T_90 ;
    %vpi_call 3 14 "$display", "Starting bench" {0 0 0};
    %vpi_call 3 18 "$dumpfile", "waveform.vcd" {0 0 0};
    %vpi_call 3 19 "$dumpvars", 32'sb00000000000000000000000000000000, S_0x55ab8cc7bab0 {0 0 0};
    %pushi/vec4 0, 0, 1;
    %store/vec4 v0x55ab8cf10ee0_0, 0, 1;
    %pushi/vec4 1, 0, 1;
    %store/vec4 v0x55ab8cf12130_0, 0, 1;
    %pushi/vec4 5, 0, 32;
T_90.0 %dup/vec4;
    %pushi/vec4 0, 0, 32;
    %cmp/s;
    %jmp/1xz T_90.1, 5;
    %jmp/1 T_90.1, 4;
    %pushi/vec4 1, 0, 32;
    %sub;
    %wait E_0x55ab8ced4010;
    %jmp T_90.0;
T_90.1 ;
    %pop/vec4 1;
    %pushi/vec4 0, 0, 1;
    %store/vec4 v0x55ab8cf12130_0, 0, 1;
    %pushi/vec4 0, 0, 32;
    %store/vec4 v0x55ab8cf11040_0, 0, 32;
T_90.2 ;
    %load/vec4 v0x55ab8cf11040_0;
    %cmpi/s 131072, 0, 32;
    %jmp/0xz T_90.3, 5;
    %pushi/vec4 0, 0, 8;
    %ix/getv/s 4, v0x55ab8cf11040_0;
    %store/vec4a v0x55ab8cf11120, 4, 0;
    %load/vec4 v0x55ab8cf11040_0;
    %addi 1, 0, 32;
    %store/vec4 v0x55ab8cf11040_0, 0, 32;
    %jmp T_90.2;
T_90.3 ;
    %vpi_func 3 32 "$fopen" 32, "./build/tcm.bin", "r" {0 0 0};
    %store/vec4 v0x55ab8cf10fa0_0, 0, 32;
    %vpi_func 3 33 "$fread" 32, v0x55ab8cf11120, v0x55ab8cf10fa0_0 {0 0 0};
    %store/vec4 v0x55ab8cf11040_0, 0, 32;
    %pushi/vec4 0, 0, 32;
    %store/vec4 v0x55ab8cf11040_0, 0, 32;
T_90.4 ;
    %load/vec4 v0x55ab8cf11040_0;
    %cmpi/s 131072, 0, 32;
    %jmp/0xz T_90.5, 5;
    %load/vec4 v0x55ab8cf11040_0;
    %store/vec4 v0x55ab8cf0e530_0, 0, 32;
    %ix/getv/s 4, v0x55ab8cf11040_0;
    %load/vec4a v0x55ab8cf11120, 4;
    %store/vec4 v0x55ab8cf0e610_0, 0, 8;
    %fork TD_tb_top.u_mem.write, S_0x55ab8cf0e380;
    %join;
    %load/vec4 v0x55ab8cf11040_0;
    %addi 1, 0, 32;
    %store/vec4 v0x55ab8cf11040_0, 0, 32;
    %jmp T_90.4;
T_90.5 ;
    %end;
    .thread T_90;
    .scope S_0x55ab8cc7bab0;
T_91 ;
T_91.0 ;
    %load/vec4 v0x55ab8cf10ee0_0;
    %inv;
    %store/vec4 v0x55ab8cf10de0_0, 0, 1;
    %pushi/vec4 5, 0, 64;
    %ix/vec4 4;
    %delayx 4;
    %load/vec4 v0x55ab8cf10de0_0;
    %store/vec4 v0x55ab8cf10ee0_0, 0, 1;
    %jmp T_91.0;
    %end;
    .thread T_91;
# The file index is used to find the file name in the following table.
:file_names 26;
    "N/A";
    "<interactive>";
    "../../src/core/biriscv_trace_sim.v";
    "./tb_top.v";
    "./biriscv_trace_sim_gls.sv";
    "../../src/core/riscv_core.v";
    "../../src/core/biriscv_csr.v";
    "../../src/core/biriscv_csr_regfile.v";
    "../../src/core/biriscv_divider.v";
    "../../src/core/biriscv_exec.v";
    "../../src/core/biriscv_alu.v";
    "../../src/core/biriscv_adder32.v";
    "../../src/core/biriscv_adder8.v";
    "../../src/core/biriscv_frontend.v";
    "../../src/core/biriscv_decode.v";
    "../../src/core/biriscv_decoder.v";
    "../../src/core/biriscv_fetch.v";
    "../../src/core/biriscv_npc.v";
    "../../src/core/biriscv_issue.v";
    "../../src/core/biriscv_pipe_ctrl.v";
    "../../src/core/biriscv_regfile.v";
    "../../src/core/biriscv_lsu.v";
    "../../src/core/biriscv_mmu.v";
    "../../src/core/biriscv_multiplier.v";
    "./tcm_mem.v";
    "./tcm_mem_ram.v";
